match_id,game_creation,game_date,game_duration,blue_win,blue_team_win_rate,red_team_win_rate,blue_players_with_win_rate,red_players_with_win_rate,blue_champ_1,blue_champ_2,blue_champ_3,blue_champ_4,blue_champ_5,red_champ_1,red_champ_2,red_champ_3,red_champ_4,red_champ_5
BR1_3248627261,1780590256831,2026-06-04 13:24:16,1381,0,0.5304054054054054,,1,0,Garen,Skarner,Cassiopeia,Caitlyn,Zilean,Malphite,RekSai,Kassadin,KogMaw,Milio
BR1_3247607007,1780324462073,2026-06-01 11:34:22,1444,0,0.5522788203753352,0.554639175257732,1,1,Riven,Gwen,Talon,Lucian,Thresh,Ambessa,MonkeyKing,Diana,Velkoz,Nautilus
BR1_3248805983,1780613505063,2026-06-04 19:51:45,1720,0,,0.5505226480836237,0,1,Darius,Ambessa,Ziggs,Zeri,Nami,Gangplank,Kayn,Zoe,Ashe,Janna
BR1_3249040620,1780675275989,2026-06-05 13:01:15,1870,0,0.522154648132059,0.5703894656246641,1,3,Sion,Nocturne,Xerath,Zeri,Yuumi,Vayne,Talon,Kassadin,Ezreal,Karma
BR1_3247712606,1780351520644,2026-06-01 19:05:20,1859,0,0.6125,0.6068052930056711,1,1,KSante,Zyra,Pyke,Varus,Bard,Vladimir,JarvanIV,Yasuo,Ezreal,Zilean
BR1_3249531854,1780781441500,2026-06-06 18:30:41,918,0,,0.5270655270655271,0,1,Shaco,Udyr,Aurora,Senna,Sona,Brand,Nocturne,Malzahar,Lucian,Milio
BR1_3248370507,1780528644917,2026-06-03 20:17:24,1354,0,,0.5735735735735735,0,1,Ambessa,Lillia,Aurora,Ezreal,Janna,Gragas,Zed,Anivia,Varus,Bard
BR1_3249136386,1780693452374,2026-06-05 18:04:12,1939,0,,0.5263929618768328,0,1,Gangplank,Hecarim,Diana,Naafiri,Karma,Ambessa,Ekko,Leblanc,Corki,Nami
BR1_3247709631,1780350914878,2026-06-01 18:55:14,1965,1,0.5450819672131147,,1,0,Maokai,Viego,Vex,Karthus,Rell,Yasuo,Sylas,Morgana,Ezreal,FiddleSticks
BR1_3249387848,1780755833926,2026-06-06 11:23:53,1716,0,0.6433566433566433,0.5244444444444445,1,1,TwistedFate,LeeSin,Naafiri,Ezreal,Nautilus,Quinn,Rammus,Akshan,AurelionSol,Bard
BR1_3249324756,1780720180356,2026-06-06 01:29:40,1540,0,0.5629578754578755,0.5732950404285717,2,2,Aatrox,Graves,Azir,Ashe,Seraphine,Kaisa,Kayn,Kayle,Caitlyn,Soraka
BR1_3249669552,1780802470504,2026-06-07 00:21:10,1540,0,0.5373699148533586,0.5714285714285714,1,1,Quinn,Diana,Ahri,Xayah,Rakan,Rumble,Talon,Taliyah,Aphelios,Thresh
BR1_3248787345,1780611149209,2026-06-04 19:12:29,2608,1,,0.5710382513661202,0,1,Shen,Khazix,Zed,Yunara,Lulu,Vayne,Fizz,Talon,Sivir,Blitzcrank
BR1_3247887116,1780384952634,2026-06-02 04:22:32,1516,0,0.5682107112313062,0.5472247889596673,2,2,Akali,XinZhao,Ahri,Xerath,Briar,Caitlyn,Khazix,Lux,Karthus,Poppy
BR1_3248732862,1780604796268,2026-06-04 17:26:36,1993,1,0.579768527487449,0.5664657862983411,3,2,Ryze,MasterYi,Annie,Ashe,Seraphine,Jayce,Sylas,Qiyana,Caitlyn,Lux
BR1_3247657055,1780339270775,2026-06-01 15:41:10,1671,0,0.6909871244635193,0.5670409646042989,1,4,Gwen,Aatrox,Katarina,Yunara,Bard,Zaahen,Nasus,Talon,Hwei,Sona
BR1_3249741259,1780837448644,2026-06-07 10:04:08,1895,0,0.5606216373667797,0.5646359583952452,2,1,Sylas,MasterYi,Malphite,Brand,Nautilus,Garen,Rammus,Gangplank,Caitlyn,Rell
BR1_3248332521,1780523007742,2026-06-03 18:43:27,2258,1,,0.6111950873878129,0,2,TahmKench,Nidalee,Katarina,Ezreal,Nautilus,Aatrox,Zac,Ryze,Brand,Sona
BR1_3248273030,1780509550785,2026-06-03 14:59:10,1080,1,0.5281173594132029,0.5312954876273653,1,1,Ambessa,Talon,Zoe,Brand,Thresh,Renekton,Nunu,Viktor,Ezreal,Karma
BR1_3248186435,1780461567734,2026-06-03 01:39:27,1187,0,0.5818046961571749,0.5573720851379842,3,4,Ambessa,XinZhao,Vladimir,Ezreal,Senna,Rumble,LeeSin,Katarina,Ashe,Seraphine
BR1_3249693290,1780806604301,2026-06-07 01:30:04,1775,1,0.5456042187004988,0.585,3,2,TwistedFate,Ambessa,Lissandra,Lucian,Milio,Jayce,Olaf,Katarina,Tristana,Bard
BR1_3247806808,1780363389691,2026-06-01 22:23:09,1490,0,0.504907306434024,0.540796963946869,1,1,Irelia,LeeSin,TwistedFate,Mel,Seraphine,Gangplank,Kayn,Malzahar,Brand,Leona
BR1_3247575447,1780298344847,2026-06-01 04:19:04,1496,0,0.5552263457314871,0.5514618241354143,2,3,Jayce,Rammus,TwistedFate,Yasuo,Xerath,Kled,Shyvana,Orianna,Corki,Sona
BR1_3247576957,1780304147994,2026-06-01 05:55:47,1800,1,0.5563598759048604,0.5567194524941235,1,2,Singed,MonkeyKing,Yasuo,Kaisa,Alistar,Zac,Talon,Naafiri,Seraphine,Nami
BR1_3248466685,1780540154978,2026-06-03 23:29:14,1806,0,0.6100151745068285,0.5416952392183929,1,3,Vayne,RekSai,Syndra,Samira,Nautilus,Ornn,Zed,Chogath,Kaisa,Karthus
BR1_3248286816,1780513355592,2026-06-03 16:02:35,1816,1,0.5281173594132029,0.556697553141393,1,3,Akali,Udyr,LeeSin,Caitlyn,Nautilus,Teemo,Rammus,Kassadin,Zeri,Soraka
BR1_3248941669,1780629498783,2026-06-05 00:18:18,940,1,0.6102564102564103,0.5424769703172978,1,1,Illaoi,LeeSin,Annie,KogMaw,Karma,Riven,Talon,Ahri,Cassiopeia,Rell
BR1_3248189884,1780463943403,2026-06-03 02:19:03,1724,0,0.5665825840071292,0.5431984743572019,3,3,Riven,Kayn,Katarina,Varus,Zac,Darius,Rammus,Ahri,Kaisa,Maokai
BR1_3247677846,1780344713099,2026-06-01 17:11:53,1706,0,0.5208094421844256,0.5451239050737885,2,3,Riven,Jayce,Akali,MissFortune,Karma,Gragas,Viego,Ekko,Tristana,Bard
BR1_3248066793,1780443371567,2026-06-02 20:36:11,2168,0,0.6190476190476191,,1,0,Aatrox,Talon,Orianna,Rengar,Yuumi,LeeSin,RekSai,Leblanc,Jhin,Nami
BR1_3248262204,1780506643639,2026-06-03 14:10:43,2063,1,0.5254470426409904,0.5446009389671361,1,1,Garen,Shaco,Yone,Seraphine,Camille,Shen,MasterYi,Fizz,Kaisa,Mel
BR1_3248958820,1780632893955,2026-06-05 01:14:53,2056,0,0.5189504373177842,,1,0,Ornn,Skarner,Viktor,Ashe,Milio,Zaahen,Nidalee,Diana,Twitch,Senna
BR1_3247643437,1780336209567,2026-06-01 14:50:09,1436,0,,0.5372519629458568,0,2,Malphite,Hecarim,Sylas,Yunara,Pyke,Garen,Viego,Taliyah,Senna,Taric
BR1_3248016991,1780436347039,2026-06-02 18:39:07,1506,1,,0.522154648132059,0,1,Irelia,LeeSin,Veigar,Ezreal,Karma,Rumble,Kayn,Talon,Varus,Taric
BR1_3249738501,1780836683915,2026-06-07 09:51:23,1555,0,0.651595744680851,0.5263929618768328,1,1,Gangplank,Nasus,Ahri,Jinx,Thresh,XinZhao,Evelynn,Lissandra,Ezreal,Janna
BR1_3247571625,1780294876602,2026-06-01 03:21:16,1408,1,0.5576331496786042,0.6341463414634146,3,1,Malphite,LeeSin,Lux,Caitlyn,Karma,Darius,Talon,Xerath,Ezreal,Mel
BR1_3247970079,1780425308700,2026-06-02 15:35:08,1664,1,0.5205091937765205,,1,0,Warwick,Nidalee,Ahri,Varus,Blitzcrank,Singed,Jayce,Orianna,Ashe,Thresh
BR1_3248546624,1780558210306,2026-06-04 04:30:10,1078,1,,0.5344295991778006,0,1,Chogath,Sylas,Yasuo,Smolder,Zilean,Fiora,Malphite,Orianna,Ezreal,Karma
BR1_3249721576,1780818841524,2026-06-07 04:54:01,1126,0,,0.5569758265492607,0,2,Yasuo,Amumu,Talon,AurelionSol,Yuumi,Sion,Kindred,Kayle,Varus,Brand
BR1_3249620576,1780795753702,2026-06-06 22:29:13,1180,0,0.541343669250646,0.5386136696816308,1,2,Jax,Khazix,Ornn,Jhin,Bard,KSante,Viego,Katarina,Xerath,Camille
BR1_3247773479,1780359275310,2026-06-01 21:14:35,1583,1,0.587575680952983,,2,0,Fiora,Ekko,Talon,MissFortune,Bard,Skarner,Diana,Yone,Ashe,Seraphine
BR1_3247843841,1780368499892,2026-06-01 23:48:19,75,1,0.5531914893617021,,1,0,Irelia,Ambessa,Hwei,Karthus,Blitzcrank,Sett,Naafiri,Mel,Caitlyn,Morgana
BR1_3248331800,1780522676711,2026-06-03 18:37:56,1185,1,0.6093117408906883,0.5238095238095238,1,1,KSante,Ekko,Pantheon,Kaisa,Alistar,Singed,LeeSin,Riven,Hwei,Zilean
BR1_3248993737,1780658105490,2026-06-05 08:15:05,1643,1,0.5631868131868132,,1,0,Volibear,Shaco,Akali,Draven,Renata,Tryndamere,Talon,Shen,Ashe,Soraka
BR1_3249309031,1780716905790,2026-06-06 00:35:05,1636,0,,0.5803402646502835,0,1,Gragas,MonkeyKing,Ekko,Vayne,Janna,Sion,Karthus,Yone,Corki,Pyke
BR1_3247489918,1780276186837,2026-05-31 22:09:46,2102,0,,0.5135440180586908,0,1,Mel,Khazix,Riven,Lux,Xerath,Gragas,Diana,Zed,TwistedFate,Senna
BR1_3249628476,1780796768984,2026-06-06 22:46:08,2387,1,0.5531914893617021,,1,0,Gragas,Kayn,Karthus,Ezreal,Nami,Sion,MasterYi,Hwei,Caitlyn,Karma
BR1_3249335357,1780722328754,2026-06-06 02:05:28,2730,1,,0.5631868131868132,0,1,Akali,Shaco,Leblanc,Lucian,Pyke,Ambessa,LeeSin,Katarina,Senna,Xerath
BR1_3249720474,1780817908324,2026-06-07 04:38:28,915,0,0.5631868131868132,0.515625,1,1,Aatrox,Jax,Yasuo,Twitch,Zed,KSante,LeeSin,Vladimir,Karthus,Nautilus
BR1_3249041871,1780675601061,2026-06-05 13:06:41,1454,0,0.5263929618768328,0.5631868131868132,1,1,Malzahar,Vi,Yone,Corki,Nami,Jax,Ambessa,Viktor,Kaisa,Nautilus
BR1_3249606797,1780793967856,2026-06-06 21:59:27,1590,0,,0.5938864628820961,0,1,Riven,Quinn,Ryze,Seraphine,Xerath,Singed,Camille,Ahri,Tristana,Soraka
BR1_3248871024,1780620375043,2026-06-04 21:46:15,1915,1,0.5798657718120805,0.5522788203753352,1,1,Kayle,Talon,Singed,Ezreal,Nami,Olaf,Graves,Pyke,Mel,Karma
BR1_3249779255,1780847239134,2026-06-07 12:47:19,1977,0,0.5403973509933775,0.5707762557077626,1,1,Gragas,Kayn,Tryndamere,Lucian,Nami,Irelia,Khazix,Azir,Samira,Rakan
BR1_3247767184,1780358465422,2026-06-01 21:01:05,1373,1,0.5168661588683352,,1,0,Riven,Quinn,Malzahar,Ezreal,Xerath,Jax,LeeSin,Galio,Draven,Janna
BR1_3248542517,1780554887379,2026-06-04 03:34:47,1921,1,0.5328227571115973,,1,0,Gnar,XinZhao,Zoe,Lucian,Milio,Yone,JarvanIV,Syndra,Jinx,Lulu
BR1_3247708056,1780350429612,2026-06-01 18:47:09,911,0,0.6102564102564103,0.5391304347826087,1,1,Sylas,Pantheon,Annie,Aphelios,Taric,Gnar,RekSai,Hwei,Draven,Alistar
BR1_3247650530,1780337916072,2026-06-01 15:18:36,1098,0,0.5861027780753669,0.5766649933065595,3,2,KSante,Kayn,Ryze,Samira,TwistedFate,Zaahen,Hecarim,Vladimir,Sivir,Soraka
BR1_3248515044,1780546455557,2026-06-04 01:14:15,1814,1,0.5344295991778006,0.5175879396984925,1,1,Nasus,Graves,Morgana,Sivir,Yuumi,Anivia,Kayn,Vladimir,Yunara,Lulu
BR1_3248016507,1780436041816,2026-06-02 18:34:01,1879,0,0.559634244982559,0.5424769703172978,2,1,DrMundo,Naafiri,Zac,Xayah,Lulu,Aatrox,Diana,Akali,Ezreal,Pyke
BR1_3248408259,1780533481115,2026-06-03 21:38:01,1510,0,0.5671359089877033,0.5707071587283784,2,3,Gangplank,Nocturne,Viktor,Varus,Rakan,Rumble,XinZhao,Orianna,Ezreal,Bard
BR1_3247758839,1780357827239,2026-06-01 20:50:27,1709,0,0.5357142857142857,,1,0,Quinn,Aatrox,Kayle,Draven,Janna,Ambessa,Talon,Vladimir,Jhin,Bard
BR1_3248166660,1780456425275,2026-06-03 00:13:45,1619,1,0.5450819672131147,,1,0,Volibear,Hecarim,Orianna,Zeri,Lulu,Nasus,LeeSin,Fizz,Ashe,Renata
BR1_3249731480,1780833188481,2026-06-07 08:53:08,1817,1,0.5562913907284768,0.66,1,1,Swain,Evelynn,Zed,Ezreal,Janna,KSante,Khazix,Diana,Mel,Neeko
BR1_3247691915,1780347848163,2026-06-01 18:04:08,1422,0,0.5486322188449848,0.5623656220068454,1,2,Ornn,Ekko,Aurora,Sivir,Nami,Vayne,Kayn,Lissandra,Kaisa,Pyke
BR1_3248548936,1780563282540,2026-06-04 05:54:42,1635,1,0.5562913907284768,0.5243328100470958,1,1,Darius,Lillia,Mel,Ezreal,Karma,Yorick,Kayn,Lux,Lucian,Nami
BR1_3248764540,1780608458884,2026-06-04 18:27:38,932,1,0.660377358490566,,1,0,Akali,Shyvana,Sylas,Caitlyn,Zoe,Aatrox,Taliyah,Leblanc,Jhin,Karma
BR1_3247894158,1780398607607,2026-06-02 08:10:07,1645,0,,0.6938775510204082,0,1,Aatrox,Quinn,Mel,Smolder,Rakan,Heimerdinger,MasterYi,Zed,Ashe,Seraphine
BR1_3248547337,1780557737816,2026-06-04 04:22:17,1791,1,0.5631144627620969,0.5646359583952452,3,1,Aatrox,Rengar,Vladimir,Smolder,Rell,Jax,Rammus,Syndra,Ezreal,Yuumi
BR1_3248114333,1780448813704,2026-06-02 22:06:53,2024,0,0.5426944971537002,0.6186638079356256,1,2,Vayne,Nocturne,Ekko,Brand,Rell,Malphite,MasterYi,Sylas,Ezreal,Hwei
BR1_3249617622,1780795326727,2026-06-06 22:22:06,1570,0,0.5499049703778517,0.5568426454021598,2,2,Akshan,Udyr,Xerath,Nilah,Seraphine,Ornn,Viego,Ekko,Twitch,Nautilus
BR1_3247870234,1780374540392,2026-06-02 01:29:00,1405,0,,0.5281173594132029,0,1,Qiyana,Ekko,Lux,Ashe,Seraphine,Darius,Kayn,Annie,Ezreal,Bard
BR1_3247691299,1780347383034,2026-06-01 17:56:23,1140,0,0.5344295991778006,0.5561891590933583,1,2,Renekton,Sejuani,Lux,Jinx,Yuumi,Gangplank,Viego,Ahri,Aphelios,Karma
BR1_3249777837,1780847292649,2026-06-07 12:48:12,1526,0,0.6498516320474778,0.5735735735735735,1,1,Akali,Rammus,Malzahar,Vayne,Janna,Qiyana,LeeSin,Zed,Jinx,Senna
BR1_3249735608,1780835827975,2026-06-07 09:37:07,2010,0,,0.504907306434024,0,1,Sion,Shaco,Galio,Mel,TwistedFate,Kayle,Elise,Hwei,Jinx,DrMundo
BR1_3247722734,1780353089892,2026-06-01 19:31:29,1718,0,,0.5666666666666667,0,1,Yone,Shyvana,Quinn,Twitch,Pyke,Ryze,Talon,Mel,Lux,Seraphine
BR1_3247765453,1780358333228,2026-06-01 20:58:53,1237,1,0.6053073999794266,0.5431632639688954,3,4,Kayle,JarvanIV,Ahri,Briar,Soraka,Jax,MasterYi,Aurora,Jhin,Karma
BR1_3248218372,1780492034738,2026-06-03 10:07:14,1705,0,,0.5735735735735735,0,1,Katarina,Pantheon,Cassiopeia,Jhin,Rell,Zed,Viego,TwistedFate,TahmKench,Senna
BR1_3249357347,1780735910019,2026-06-06 05:51:50,1679,0,0.504907306434024,0.5631868131868132,1,1,Taliyah,Zac,Katarina,Caitlyn,Lux,Mordekaiser,XinZhao,Viktor,Lucian,Karma
BR1_3248578800,1780581156078,2026-06-04 10:52:36,1768,1,0.5192582025677603,,1,0,Shen,Viego,Fizz,Velkoz,TwistedFate,Chogath,Nasus,Ahri,Kaisa,Sona
BR1_3248987526,1780648007195,2026-06-05 05:26:47,1677,0,,0.5454545454545454,0,1,MasterYi,Evelynn,KSante,Ashe,Sona,Pantheon,Gragas,Yasuo,Senna,Chogath
BR1_3248281595,1780512117371,2026-06-03 15:41:57,1257,0,0.5346860852015491,,2,0,Tryndamere,LeeSin,Annie,Yasuo,Rakan,Yone,Viego,Lux,Caitlyn,Nautilus
BR1_3247691785,1780347757330,2026-06-01 18:02:37,1874,1,0.522154648132059,,1,0,Karma,LeeSin,Ryze,Varus,Soraka,Kayle,JarvanIV,Syndra,Samira,Camille
BR1_3249128408,1780692111984,2026-06-05 17:41:51,1767,1,0.5410495252843808,0.5279262240231979,2,2,Gangplank,LeeSin,TwistedFate,Brand,Nami,Yorick,Shaco,Yone,Aphelios,Thresh
BR1_3247469913,1780274017050,2026-05-31 21:33:37,1418,1,0.5658755115598492,0.5800278193935686,3,2,Sion,Kayn,Lux,Yunara,Lulu,Singed,Khazix,Kassadin,Jinx,Karma
BR1_3247902158,1780404485477,2026-06-02 09:48:05,1890,0,0.5271013354281225,0.5296610169491526,1,1,DrMundo,Graves,Vladimir,Yunara,Poppy,Qiyana,JarvanIV,Anivia,MissFortune,Zilean
BR1_3249119819,1780690817653,2026-06-05 17:20:17,1965,0,,0.5618556701030928,0,1,Kayle,XinZhao,Pantheon,Sivir,Leblanc,Aurora,Viego,Katarina,Draven,Nautilus
BR1_3247879207,1780378346026,2026-06-02 02:32:26,920,0,0.5281173594132029,0.5734072022160664,1,1,Riven,DrMundo,Taliyah,Xayah,Nautilus,Jax,MasterYi,Cassiopeia,Varus,Thresh
BR1_3247909721,1780408637692,2026-06-02 10:57:17,1705,1,0.5304054054054054,0.6065678767940843,1,2,Akali,Talon,Qiyana,Xerath,Morgana,Mordekaiser,Khazix,Zed,Yasuo,Nautilus
BR1_3247944073,1780419214607,2026-06-02 13:53:34,1456,1,0.5424015954593582,0.5668619747567116,3,2,Jayce,Briar,Ryze,Ashe,Seraphine,Irelia,Viego,Aurora,Karthus,Bard
BR1_3249746140,1780839187316,2026-06-07 10:33:07,1497,1,0.5696891170119693,0.5540773466362332,3,2,Jayce,Rammus,Annie,MissFortune,Seraphine,Akali,Talon,Riven,Caitlyn,Thresh
BR1_3249316426,1780718329088,2026-06-06 00:58:49,1133,1,0.5238095238095238,,1,0,Garen,Graves,Riven,Hwei,Nami,Volibear,LeeSin,Irelia,Nidalee,Zoe
BR1_3249329496,1780720989428,2026-06-06 01:43:09,1317,0,,0.5414012738853503,0,1,Yasuo,XinZhao,Orianna,Caitlyn,Pantheon,Darius,LeeSin,Annie,Varus,Lulu
BR1_3249962996,1780873033913,2026-06-07 19:57:13,1717,1,0.5766423357664233,,1,0,Cassiopeia,RekSai,Xerath,Ashe,Nautilus,Veigar,Taliyah,Ryze,Varus,Braum
BR1_3249257512,1780710105590,2026-06-05 22:41:45,1591,1,0.5330315224681422,,2,0,Kennen,Diana,Kassadin,Caitlyn,Karma,Anivia,Zed,Akali,KogMaw,Soraka
BR1_3249553853,1780785256143,2026-06-06 19:34:16,1265,1,0.5619138959931799,0.5808625336927223,2,1,Illaoi,Belveth,Gragas,Corki,Soraka,Vayne,Sylas,Zed,Seraphine,Janna
BR1_3247605351,1780324200603,2026-06-01 11:30:00,1789,1,,0.5325342465753424,0,1,Vayne,Skarner,Kassadin,Brand,Nautilus,Akali,Talon,Lux,Ashe,Seraphine
BR1_3248601110,1780585591180,2026-06-04 12:06:31,1459,1,0.5649371374649608,0.5431841831425598,2,1,Renekton,Hecarim,Xerath,Ezreal,Sona,Sion,Karthus,Yone,Kalista,Thresh
BR1_3248167528,1780456373922,2026-06-03 00:12:53,1423,0,,0.5449678800856531,0,1,Kennen,Diana,Lucian,Aphelios,Leona,Irelia,LeeSin,Vladimir,Yunara,Xerath
BR1_3249276331,1780712389209,2026-06-05 23:19:49,1581,0,0.5685358255451713,0.5441176470588235,1,1,Volibear,Nidalee,LeeSin,Velkoz,Rakan,Jayce,Zyra,Nasus,Zeri,Bard
BR1_3249749109,1780839990389,2026-06-07 10:46:30,1934,0,,0.5766423357664233,0,1,Jayce,MonkeyKing,Yone,Senna,Velkoz,Renekton,Rengar,Viktor,Kaisa,Janna
BR1_3248554017,1780565970751,2026-06-04 06:39:30,1513,0,,0.5538938760769747,0,2,Gwen,Talon,Shen,Karthus,Evelynn,Darius,MasterYi,KSante,Lucian,Milio
BR1_3248208963,1780488370898,2026-06-03 09:06:10,1560,0,0.5735735735735735,,1,0,Zed,LeeSin,Lux,Varus,Milio,Irelia,Zac,Veigar,Ezreal,Nami
BR1_3248004531,1780433703929,2026-06-02 17:55:03,1993,1,0.5168661588683352,0.5710382513661202,1,1,Renekton,Shaco,Xerath,Kaisa,Pantheon,Ornn,Viego,Talon,Mel,Nautilus
BR1_3247703685,1780349919907,2026-06-01 18:38:39,1660,1,,0.5441835371493167,0,2,Camille,Ekko,Ryze,Jhin,Leona,Gangplank,Hecarim,Cassiopeia,Ashe,Lux
BR1_3248259621,1780505994927,2026-06-03 13:59:54,1886,1,,0.5450819672131147,0,1,Jayce,Vi,Ahri,Tristana,Amumu,Malphite,LeeSin,Vex,Sivir,Xerath
BR1_3247778712,1780360100182,2026-06-01 21:28:20,1522,1,0.5434462444771723,0.5334999041319145,1,2,Gwen,MonkeyKing,Vladimir,Kaisa,Lulu,Akali,Talon,Zed,Sion,Sona
BR1_3249288121,1780713860670,2026-06-05 23:44:20,1656,1,0.5654364106435755,0.5649099274006613,3,3,Akali,Kayn,Sylas,Yunara,TwistedFate,AurelionSol,XinZhao,Naafiri,Ezreal,Mel
BR1_3247938930,1780418253703,2026-06-02 13:37:33,2344,1,0.5296610169491526,0.5321637426900585,1,1,Irelia,Kayn,Syndra,Ezreal,Karma,Skarner,Sejuani,Fizz,Lucian,Nami
BR1_3249705985,1780810500703,2026-06-07 02:35:00,1005,1,0.5480769230769231,0.5672514619883041,1,1,Illaoi,Karthus,Kayle,Twitch,Rakan,Fiora,Nocturne,Pantheon,Kaisa,Lux
BR1_3248929418,1780627490435,2026-06-04 23:44:50,1417,1,0.5404099898521009,0.5694639025341821,2,2,Renekton,Udyr,Annie,Ezreal,Karma,Cassiopeia,Kayn,Zeri,Sivir,Sona
BR1_3248989999,1780654323624,2026-06-05 07:12:03,1927,1,0.5344295991778006,0.5281173594132029,1,1,Fiora,Brand,Gangplank,Lucian,Pyke,Yorick,Nasus,Sylas,Kaisa,Alistar
BR1_3247500823,1780277536081,2026-05-31 22:32:16,265,1,0.6041131105398457,0.5463327023919133,1,2,Sion,JarvanIV,Zoe,Kaisa,Pyke,Camille,Nunu,Viktor,Zeri,Lulu
BR1_3249827199,1780855488502,2026-06-07 15:04:48,1646,0,,0.5270655270655271,0,1,DrMundo,Khazix,Diana,Mel,Singed,Jayce,Kayn,Hwei,Kaisa,Nautilus
BR1_3249200813,1780703226587,2026-06-05 20:47:06,1524,0,,0.5361328125,0,1,Poppy,Kayn,Hwei,Varus,Alistar,Yorick,Talon,Viktor,Ezreal,Bard
BR1_3249822880,1780854981990,2026-06-07 14:56:21,1362,0,,0.5238095238095238,0,1,Malphite,Naafiri,Yone,Tristana,Nautilus,Sylas,MonkeyKing,Riven,Jinx,Nami
BR1_3249316815,1780718607772,2026-06-06 01:03:27,1885,1,,0.5373699148533586,0,1,KSante,Aatrox,Lissandra,Ashe,Soraka,Swain,Kayn,Katarina,Jhin,Lux
BR1_3247939011,1780417478311,2026-06-02 13:24:38,1151,0,0.6093117408906883,0.5543859649122806,1,1,Zaahen,JarvanIV,Ekko,Ashe,Rakan,Jayce,Vi,Hwei,Kaisa,Renata
BR1_3248068060,1780443399343,2026-06-02 20:36:39,1664,1,0.5669610561851941,0.5658747300215983,2,1,Yasuo,Nidalee,Brand,Ezreal,Leona,Qiyana,Kindred,Lux,Ashe,Pantheon
BR1_3247938714,1780418058297,2026-06-02 13:34:18,1602,0,,0.5260361317747078,0,1,XinZhao,JarvanIV,Fizz,Jinx,Velkoz,Ornn,Kindred,TwistedFate,Ezreal,Sona
BR1_3249360675,1780743537720,2026-06-06 07:58:57,1013,1,0.5210096993830202,0.5631868131868132,2,1,Irelia,Viego,Olaf,Yunara,Neeko,Akali,Khazix,Talon,Ashe,Lulu
BR1_3249878058,1780862202915,2026-06-07 16:56:42,1316,0,,0.5527831094049904,0,1,Ornn,XinZhao,Mel,Kaisa,Rell,Shen,Diana,Zaahen,Vayne,Seraphine
BR1_3248502494,1780544731548,2026-06-04 00:45:31,1818,1,,0.5414012738853503,0,1,Irelia,Naafiri,Akali,Jhin,Pyke,DrMundo,Quinn,Ahri,Sivir,Soraka
BR1_3249798352,1780850826910,2026-06-07 13:47:06,1120,0,0.5198647506339814,,1,0,Riven,Viego,Kassadin,Caitlyn,Leona,Pantheon,Taliyah,Ahri,MissFortune,Nautilus
BR1_3248202443,1780474087959,2026-06-03 05:08:07,1941,0,,0.5320284697508897,0,1,Ryze,Talon,Naafiri,Brand,Rell,Ornn,Sion,Cassiopeia,Draven,Soraka
BR1_3249445073,1780767342818,2026-06-06 14:35:42,1492,0,0.558974358974359,0.5562913907284768,1,1,Shen,Ekko,Tryndamere,Ashe,Bard,XinZhao,Lillia,Ahri,MissFortune,Nami
BR1_3248978156,1780638535742,2026-06-05 02:48:55,1465,0,0.5663322185061316,0.6150465046689509,1,3,Jax,Khazix,Fizz,Draven,Rakan,Garen,MasterYi,Aurora,Caitlyn,Shen
BR1_3248128679,1780450846551,2026-06-02 22:40:46,2027,1,,0.5534682080924855,0,1,Jayce,Khazix,Katarina,Jhin,Zilean,Malphite,Vi,Orianna,Lucian,Nami
BR1_3247647096,1780336886398,2026-06-01 15:01:26,1462,0,0.5661375661375662,0.515625,1,1,Volibear,Nasus,Vi,Caitlyn,Lux,Shen,XinZhao,Hwei,Jinx,Seraphine
BR1_3247907293,1780406897653,2026-06-02 10:28:17,1863,0,0.5371309779581444,0.5271013354281225,2,1,Zed,MasterYi,Akali,Ezreal,Sona,Fizz,Taliyah,Tryndamere,Hwei,Lulu
BR1_3248324791,1780521771589,2026-06-03 18:22:51,2003,1,,0.522154648132059,0,1,Aatrox,Kayn,Chogath,Xayah,Rakan,Sion,Khazix,Ryze,Lucian,Sona
BR1_3248981444,1780640974954,2026-06-05 03:29:34,1476,0,0.66,,1,0,Ornn,Talon,Vladimir,Ezreal,Bard,Olaf,Shaco,Nasus,Varus,Xerath
BR1_3248100037,1780447173863,2026-06-02 21:39:33,1345,0,0.5864994425863992,0.5532772902937049,2,4,Galio,Khazix,Vladimir,Ashe,Karma,Rumble,RekSai,Qiyana,Kalista,Rell
BR1_3249717068,1780814064373,2026-06-07 03:34:24,1589,0,0.559669979499064,0.5713631925402689,2,3,DrMundo,Talon,Yasuo,Veigar,Bard,Riven,Vi,Zoe,Brand,Zilean
BR1_3248783304,1780610644753,2026-06-04 19:04:04,1567,1,0.5328227571115973,0.6335481791814372,1,2,TwistedFate,Kindred,Sylas,Kaisa,Nami,Xerath,Diana,Vladimir,Kalista,Thresh
BR1_3247876063,1780376740015,2026-06-02 02:05:40,2096,0,0.5544871794871795,0.5581986890526109,1,2,Ambessa,Shyvana,Lux,Jinx,Zilean,MonkeyKing,Kindred,Galio,Heimerdinger,Janna
BR1_3247883345,1780381500752,2026-06-02 03:25:00,2639,0,0.5691699604743083,0.5664114840876454,1,4,Quinn,Kayn,Katarina,Karthus,Yuumi,Jayce,Graves,Ryze,Caitlyn,Karma
BR1_3247894337,1780399330109,2026-06-02 08:22:10,1965,0,0.5192582025677603,0.558667676003028,1,1,Tryndamere,FiddleSticks,Malzahar,Nilah,Pyke,Nasus,Ivern,Leblanc,Ezreal,Rell
BR1_3249628876,1780796941931,2026-06-06 22:49:01,921,1,,0.5344295991778006,0,1,Teemo,RekSai,AurelionSol,Yasuo,Zoe,Nasus,Jax,Lux,Twitch,Karma
BR1_3248598779,1780585450432,2026-06-04 12:04:10,1860,1,0.5763333333333334,0.5573475152772973,2,2,Gwen,Nunu,Kaisa,AurelionSol,Camille,Aurora,Udyr,Yone,Yunara,Thresh
BR1_3247862254,1780372139159,2026-06-02 00:48:59,89,1,0.5243328100470958,,1,0,Zed,Gragas,Viktor,Lucian,Galio,Ryze,LeeSin,Jayce,Jinx,Bard
BR1_3247598411,1780321343892,2026-06-01 10:42:23,1455,0,0.5296610169491526,0.5312954876273653,1,1,Jayce,Quinn,Orianna,Smolder,Nami,Aurora,Kayn,Yasuo,Mel,Senna
BR1_3247674869,1780344079373,2026-06-01 17:01:19,1509,0,,0.5357142857142857,0,1,Zac,Khazix,Mel,Ezreal,Pyke,Sion,Ekko,Ahri,Draven,Bard
BR1_3247505340,1780277755155,2026-05-31 22:35:55,1445,1,0.5712630359212051,0.540796963946869,1,1,Varus,Nidalee,TwistedFate,Lucian,Sona,XinZhao,Kayn,Akali,Kaisa,Velkoz
BR1_3249016250,1780668541273,2026-06-05 11:09:01,2299,0,,0.5193905817174516,0,1,Ornn,Zac,Viktor,Varus,Blitzcrank,Darius,Belveth,TwistedFate,Senna,Nautilus
BR1_3248701551,1780600821703,2026-06-04 16:20:21,83,0,0.6164623467600701,0.515625,1,1,Gangplank,Sejuani,Ahri,Jhin,TwistedFate,Irelia,Olaf,Katarina,Caitlyn,Bard
BR1_3248370882,1780528830107,2026-06-03 20:20:30,1986,0,,0.5446009389671361,0,1,Aatrox,LeeSin,Velkoz,Twitch,Alistar,Yasuo,MasterYi,Sylas,Vayne,Lulu
BR1_3248899997,1780623940880,2026-06-04 22:45:40,2067,0,,0.5394045534150613,0,1,Malphite,Sion,Lux,Caitlyn,Leona,Irelia,Lillia,Sylas,Jhin,Karma
BR1_3249556240,1780785476441,2026-06-06 19:37:56,1577,0,0.5480769230769231,,1,0,Aatrox,Shaco,Kayle,MissFortune,Alistar,Jayce,Skarner,Aurora,Katarina,Yuumi
BR1_3247612182,1780326818256,2026-06-01 12:13:38,1717,0,0.5243328100470958,,1,0,Sion,Sylas,Leblanc,Zeri,Lulu,Zaahen,Quinn,Ambessa,Brand,Leona
BR1_3247647738,1780337536916,2026-06-01 15:12:16,1363,1,0.6144200626959248,0.6184935622317597,1,2,Olaf,Sylas,Mel,Yunara,Leona,Yorick,Aatrox,Akali,Ashe,Pyke
BR1_3248807882,1780613692948,2026-06-04 19:54:52,1144,1,0.5608928420024144,0.5448117806801608,2,4,KSante,Graves,Akali,Caitlyn,Bard,Riven,Kayn,Ahri,Jhin,Poppy
BR1_3249576254,1780789111817,2026-06-06 20:38:31,1718,1,0.5727457655863228,0.5659058000941593,4,3,Naafiri,Talon,Annie,Samira,Nautilus,Riven,Hecarim,Brand,Vayne,Bard
BR1_3247828015,1780365846883,2026-06-01 23:04:06,1394,0,,0.5426944971537002,0,1,Garen,Evelynn,Ahri,Jhin,Janna,Sion,Khazix,Viktor,Brand,Milio
BR1_3248573950,1780580193126,2026-06-04 10:36:33,1729,1,0.5649324821510251,0.5725591441395835,2,2,Zed,Shaco,Zilean,Kaisa,Rell,Sion,Ambessa,Ekko,Draven,Thresh
BR1_3247888582,1780391631800,2026-06-02 06:13:51,1432,0,0.5646359583952452,0.5884476534296029,1,1,Shen,Rammus,Nidalee,Twitch,Bard,Kayle,LeeSin,Ahri,Brand,Alistar
BR1_3247635017,1780333508078,2026-06-01 14:05:08,2015,0,0.5546363480388088,0.5585634019877894,2,3,Irelia,Hecarim,Lissandra,Hwei,Rell,Qiyana,Jayce,Zed,KogMaw,Janna
BR1_3248201608,1780475150799,2026-06-03 05:25:50,1666,1,0.504907306434024,,1,0,Sett,Talon,Zed,Ezreal,Nautilus,Teemo,LeeSin,Lux,Varus,Seraphine
BR1_3247882417,1780381346660,2026-06-02 03:22:26,1651,1,0.504907306434024,,1,0,Riven,Elise,Zed,Nilah,Soraka,Sion,XinZhao,Katarina,Yasuo,Janna
BR1_3249410000,1780761060196,2026-06-06 12:51:00,926,0,0.5666666666666667,0.589047619047619,1,2,Teemo,Talon,TwistedFate,Kaisa,Rakan,KSante,Zed,Syndra,Ezreal,Bard
BR1_3248227720,1780495940484,2026-06-03 11:12:20,1948,1,,0.5263929618768328,0,1,Trundle,JarvanIV,Gragas,Ezreal,Sona,Yorick,LeeSin,Katarina,Lucian,Yuumi
BR1_3247657965,1780340141654,2026-06-01 15:55:41,1441,1,0.5337009594298112,0.5775954814416353,3,2,Yasuo,Hecarim,Orianna,Jayce,Braum,Malphite,Nidalee,Naafiri,Varus,Bard
BR1_3248525172,1780548854196,2026-06-04 01:54:14,2170,0,0.5426944971537002,0.5373699148533586,1,1,Riven,MasterYi,Leblanc,Brand,Zilean,Sion,Karthus,Pantheon,Xerath,Soraka
BR1_3247793731,1780361778325,2026-06-01 21:56:18,910,1,0.5605851256317014,0.5472661707510479,2,2,MonkeyKing,Quinn,Viktor,Varus,Soraka,Ambessa,JarvanIV,Ahri,Swain,Nami
BR1_3248338850,1780524031297,2026-06-03 19:00:31,2237,0,,0.5363636363636364,0,1,TahmKench,MonkeyKing,Xerath,Velkoz,Rell,Renekton,LeeSin,Cassiopeia,Sivir,Soraka
BR1_3248150802,1780453772147,2026-06-02 23:29:32,1567,0,,0.5433542097765679,0,2,Gangplank,Pantheon,Leblanc,Jinx,Yuumi,Ambessa,Naafiri,Ekko,Zeri,Braum
BR1_3249503624,1780777025638,2026-06-06 17:17:05,1599,1,0.5361328125,,1,0,Poppy,Nocturne,Ekko,Ashe,Seraphine,Sion,Diana,Akshan,Swain,Senna
BR1_3249420055,1780762748901,2026-06-06 13:19:08,1399,0,0.5666666666666667,0.5414012738853503,1,1,Yorick,DrMundo,Katarina,Draven,Rell,XinZhao,Shaco,TwistedFate,Brand,Leona
BR1_3249166578,1780698237945,2026-06-05 19:23:57,1814,1,0.5449678800856531,0.5628751077041922,1,2,Renekton,Nidalee,Talon,Lucian,Braum,Riven,MasterYi,TwistedFate,Kaisa,Rakan
BR1_3247793694,1780361756251,2026-06-01 21:55:56,1648,0,0.5955284552845529,,1,0,Yone,Quinn,Annie,Twitch,Nautilus,Jayce,Gragas,Viktor,Jhin,Soraka
BR1_3247963805,1780424662461,2026-06-02 15:24:22,1534,1,0.5118343195266272,0.5962264150943396,1,1,Gnar,JarvanIV,Lissandra,MissFortune,Nautilus,Akshan,XinZhao,Annie,Ashe,Seraphine
BR1_3248577280,1780580566622,2026-06-04 10:42:46,1272,0,0.541343669250646,0.5443197041662514,1,3,Jayce,Graves,Talon,Syndra,Karma,Akali,JarvanIV,Kassadin,Lucian,Leona
BR1_3248352402,1780526176117,2026-06-03 19:36:16,1410,1,0.522154648132059,,1,0,Akali,Talon,Galio,Yunara,Renata,Sion,Lillia,Vladimir,KogMaw,Lulu
BR1_3249099984,1780687406648,2026-06-05 16:23:26,1602,0,0.5263929618768328,0.5735735735735735,1,1,Gangplank,Shyvana,Lissandra,Jhin,Sona,Vayne,Zed,Katarina,Lucian,Milio
BR1_3249472698,1780772354040,2026-06-06 15:59:14,1746,1,,0.5192582025677603,0,1,DrMundo,Graves,Diana,MissFortune,Soraka,Quinn,Karthus,Zed,Varus,TwistedFate
BR1_3248192455,1780465137904,2026-06-03 02:38:57,80,0,0.540796963946869,0.5336241903614359,1,3,Sion,Kayn,Cassiopeia,Caitlyn,Pyke,Garen,Elise,Ekko,Jhin,Camille
BR1_3247637249,1780334318909,2026-06-01 14:18:38,2348,1,0.546,0.5642302088392424,1,2,Kayle,Talon,Taliyah,Caitlyn,Bard,Warwick,Naafiri,Garen,Seraphine,Senna
BR1_3249311009,1780717191222,2026-06-06 00:39:51,1845,1,0.5663322185061316,,1,0,Darius,Evelynn,Zoe,Varus,Soraka,Gnar,Skarner,Pantheon,Viktor,Senna
BR1_3249734307,1780834095692,2026-06-07 09:08:15,1389,1,,0.5198647506339814,0,1,Quinn,Briar,Irelia,Velkoz,Anivia,Shen,Viego,Brand,Ezreal,Karma
BR1_3249353138,1780730228074,2026-06-06 04:17:08,2080,0,0.5255801191306734,0.559111103073705,2,2,Renekton,Viego,Katarina,Brand,Poppy,Aatrox,Talon,Annie,Mel,Camille
BR1_3248989862,1780653335065,2026-06-05 06:55:35,1628,0,0.5544871794871795,0.6196660482374767,1,2,Irelia,MonkeyKing,Mel,MissFortune,Braum,Naafiri,MasterYi,Chogath,Hwei,Nautilus
BR1_3248319131,1780519788110,2026-06-03 17:49:48,945,1,,0.6190476190476191,0,1,Aatrox,Evelynn,Ahri,Jinx,Nautilus,Darius,Quinn,Hwei,Jhin,Leona
BR1_3249162017,1780697277023,2026-06-05 19:07:57,1934,1,0.5568994734939213,0.5449827308214092,3,4,Gangplank,Taliyah,Jayce,Jhin,TwistedFate,Poppy,Khazix,Xerath,Draven,Nautilus
BR1_3248282314,1780511940675,2026-06-03 15:39:00,919,0,,0.5263929618768328,0,1,Teemo,Karthus,Zed,Varus,Soraka,Gragas,Khazix,Viktor,Twitch,Leona
BR1_3249450419,1780768419625,2026-06-06 14:53:39,1767,1,0.5259259259259259,,1,0,Riven,Qiyana,Azir,Smolder,Janna,Garen,Quinn,Sylas,Ezreal,Lux
BR1_3248580870,1780582023320,2026-06-04 11:07:03,1098,0,0.546,0.5631868131868132,1,1,Irelia,Graves,Zed,Ezreal,Neeko,Vayne,Naafiri,Malzahar,KogMaw,Lulu
BR1_3247451726,1780271967674,2026-05-31 20:59:27,1840,1,,0.5546786062343751,0,2,Renekton,Rengar,Zoe,Xayah,Karma,Akali,XinZhao,Kayle,Hwei,Soraka
BR1_3248122785,1780450042164,2026-06-02 22:27:22,1372,0,0.5459738029752561,0.5425578413187481,3,3,Singed,Talon,Pantheon,Ezreal,Karma,Varus,Briar,Lux,Brand,Nautilus
BR1_3248988402,1780648865362,2026-06-05 05:41:05,1934,1,,0.5193905817174516,0,1,Zed,Graves,Yasuo,Brand,Alistar,Irelia,LeeSin,Ekko,Jhin,Morgana
BR1_3249469737,1780771846299,2026-06-06 15:50:46,926,0,0.5631868131868132,0.5434462444771723,1,1,Malphite,XinZhao,Akali,Seraphine,Soraka,Aatrox,LeeSin,Ahri,Jinx,Karma
BR1_3249359443,1780739911984,2026-06-06 06:58:31,1946,1,,0.5193905817174516,0,1,Ornn,Hecarim,Yasuo,Seraphine,Nami,Camille,Warwick,Vladimir,Yunara,Nautilus
BR1_3248876900,1780621300172,2026-06-04 22:01:40,1881,1,0.5549961885402108,0.5705613583358463,2,3,Anivia,Kindred,Zed,Karthus,Pantheon,Mordekaiser,Graves,Akali,Caitlyn,TwistedFate
BR1_3247591025,1780317567303,2026-06-01 09:39:27,1661,1,0.5445517878440752,0.5555603280511998,3,4,Ambessa,Qiyana,Leblanc,Nilah,Pyke,Akali,Viego,Yasuo,Xayah,Rakan
BR1_3249143707,1780694798805,2026-06-05 18:26:38,1665,0,0.5514950166112956,0.5507936507936508,1,1,Urgot,LeeSin,Ekko,Ezreal,Karma,Riven,Aatrox,Singed,Varus,Velkoz
BR1_3248374045,1780528918310,2026-06-03 20:21:58,1729,0,0.5659085607286105,0.5625343884943297,3,5,Rumble,Amumu,Katarina,Jhin,Xerath,Gangplank,MasterYi,Syndra,Draven,Poppy
BR1_3247568263,1780291823117,2026-06-01 02:30:23,1402,0,0.5422535211267606,,1,0,Ambessa,Viego,Sylas,Jhin,Yuumi,Yorick,RekSai,Ahri,Caitlyn,Bard
BR1_3249835057,1780856561974,2026-06-07 15:22:41,1430,1,0.5563598759048604,0.5257855530029636,1,2,Aatrox,Ekko,Ahri,Zeri,Nami,Yone,Kayn,Akshan,Ziggs,Nautilus
BR1_3249174885,1780699631227,2026-06-05 19:47:11,1873,1,0.5444363690425298,0.5546718787836855,4,2,Poppy,Kaisa,Cassiopeia,Ezreal,Vi,Teemo,Taliyah,Tristana,Karthus,Brand
BR1_3247443509,1780271033770,2026-05-31 20:43:53,1854,1,0.5391304347826087,,1,0,Garen,Nocturne,Orianna,Draven,Janna,XinZhao,Malphite,Lux,Aphelios,Lulu
BR1_3248816935,1780614703730,2026-06-04 20:11:43,1147,0,0.5803402646502835,0.5426944971537002,1,1,Quinn,Pantheon,Kayle,Caitlyn,Karma,Aurora,Kayn,Brand,Ezreal,Nautilus
BR1_3248812618,1780614106126,2026-06-04 20:01:46,1479,0,,0.5980392156862745,0,1,Kennen,Shaco,Yasuo,Zeri,Lulu,Warwick,Rengar,Katarina,Ashe,Janna
BR1_3247639118,1780334816220,2026-06-01 14:26:56,1793,0,0.5562913907284768,0.5394045534150613,1,1,Gangplank,Lillia,TwistedFate,Ezreal,Bard,Aurora,LeeSin,KogMaw,Varus,Nami
BR1_3248233143,1780497757496,2026-06-03 11:42:37,1618,1,,0.5118343195266272,0,1,Jayce,Ambessa,AurelionSol,Mel,Zilean,TahmKench,Briar,Yone,Ashe,Seraphine
BR1_3247599908,1780322837541,2026-06-01 11:07:17,911,0,,0.5928705440900562,0,1,Singed,LeeSin,Ahri,Ziggs,Leona,Gangplank,JarvanIV,Leblanc,Mel,Bard
BR1_3249502382,1780776736266,2026-06-06 17:12:16,1514,1,0.5192582025677603,,1,0,Teemo,Nidalee,Irelia,Jhin,Bard,Anivia,Kayn,Ahri,Ezreal,Pantheon
BR1_3248772907,1780609570483,2026-06-04 18:46:10,1640,1,0.5514950166112956,0.522154648132059,1,1,Jax,Ekko,Zyra,Ezreal,Senna,Fiora,Rammus,KogMaw,Yunara,Lulu
BR1_3249587526,1780791249220,2026-06-06 21:14:09,1342,1,,0.515625,0,1,Ambessa,JarvanIV,Kassadin,Ezreal,Alistar,Yorick,Kayn,Ekko,Caitlyn,Brand
BR1_3249154761,1780696475263,2026-06-05 18:54:35,1167,1,,0.5246213743291082,0,3,Renekton,Diana,Yone,Ashe,Rell,Darius,Riven,Vladimir,Kaisa,Milio
BR1_3248177810,1780459390477,2026-06-03 01:03:10,1897,0,,0.5342636895268474,0,2,Renekton,Kayn,Vladimir,Aphelios,Seraphine,Aatrox,JarvanIV,Cassiopeia,Lucian,Milio
BR1_3247930654,1780415689231,2026-06-02 12:54:49,1906,1,0.5211386106436913,,2,0,Nasus,Elise,Aurora,Jinx,Yuumi,Pantheon,Viego,Yone,Yunara,TahmKench
BR1_3248542419,1780554645042,2026-06-04 03:30:45,1822,0,,0.5422535211267606,0,1,Malzahar,Khazix,Qiyana,Lucian,Rell,Yasuo,Hecarim,Viktor,Vayne,Janna
BR1_3249023411,1780670544619,2026-06-05 11:42:24,1018,0,,0.6530612244897959,0,1,DrMundo,Khazix,Lux,Ezreal,Soraka,Fiora,Zed,Katarina,Mel,Janna
BR1_3249889558,1780863887218,2026-06-07 17:24:47,3030,1,0.5591088733481346,0.5705514341840118,4,4,KSante,Belveth,Yasuo,Xerath,Blitzcrank,Leblanc,Evelynn,Diana,Corki,Qiyana
BR1_3249176613,1780699853277,2026-06-05 19:50:53,1063,1,0.558667676003028,0.5403009134627869,1,3,Jayce,Aatrox,Syndra,Kaisa,Nautilus,Yasuo,Graves,Cassiopeia,Ezreal,Braum
BR1_3247934164,1780416280154,2026-06-02 13:04:40,1315,1,0.5281173594132029,0.6015831134564644,1,1,Poppy,Talon,Ahri,Yunara,Pyke,Riven,Taliyah,Kassadin,Ezreal,Nami
BR1_3248704852,1780601372387,2026-06-04 16:29:32,1610,1,,0.5357142857142857,0,1,Gragas,Sylas,Seraphine,Nilah,Sona,Darius,Nidalee,Talon,Karthus,Pyke
BR1_3247672826,1780343682331,2026-06-01 16:54:42,1694,0,0.554639175257732,0.5420964857156668,1,2,Fiora,Ekko,Smolder,Ahri,Thresh,Ornn,Belveth,Akshan,Swain,Senna
BR1_3248029712,1780438362808,2026-06-02 19:12:42,144,0,0.5486233502304941,0.578799471899661,2,2,Fiora,XinZhao,Lux,Jinx,Thresh,Riven,Kayn,Fizz,Sivir,Karma
BR1_3248013197,1780435189078,2026-06-02 18:19:49,1369,1,,0.5344295991778006,0,1,Gwen,Jayce,Lissandra,Corki,Nautilus,Singed,Khazix,Nasus,Kaisa,Thresh
BR1_3248248790,1780503747026,2026-06-03 13:22:27,1676,0,,0.5107741420590582,0,1,Sion,Taliyah,Quinn,Ezreal,Nautilus,Darius,Talon,Cassiopeia,Hwei,Seraphine
BR1_3248325369,1780521613661,2026-06-03 18:20:13,1128,0,0.5481426346404468,0.5381633629021938,2,2,Akali,Zed,Tryndamere,Jinx,Alistar,Renekton,Diana,KSante,Ezreal,Braum
BR1_3248513682,1780546853275,2026-06-04 01:20:53,1713,0,,0.5135440180586908,0,1,Gangplank,Naafiri,Zed,Mel,Rell,Riven,Talon,Annie,Lucian,Milio
BR1_3247810574,1780363800801,2026-06-01 22:30:00,1340,0,,0.5107741420590582,0,1,Jax,Hecarim,Cassiopeia,Jhin,Seraphine,Anivia,Kindred,Viktor,Ezreal,Karma
BR1_3248565611,1780577206515,2026-06-04 09:46:46,1690,0,0.546,,1,0,Sion,Nidalee,Yone,Ashe,Zilean,DrMundo,LeeSin,Sylas,Varus,Nautilus
BR1_3249885522,1780863353550,2026-06-07 17:15:53,1721,0,0.5348360655737705,0.5415111940298507,1,2,Gnar,Nasus,AurelionSol,Zyra,Sona,Vayne,Nocturne,Orianna,Seraphine,Senna
BR1_3248102720,1780447622093,2026-06-02 21:47:02,1420,1,,0.5351351351351351,0,1,Jayce,Taliyah,Katarina,Tristana,Nautilus,Gangplank,MonkeyKing,Xerath,Varus,Heimerdinger
BR1_3248715871,1780602690875,2026-06-04 16:51:30,1179,0,,0.5107741420590582,0,1,Akali,Khazix,Lucian,Varus,Rell,Anivia,LeeSin,Qiyana,Kaisa,Thresh
BR1_3247990593,1780430509561,2026-06-02 17:01:49,1585,0,0.5437069777552351,0.5703977686150861,2,2,Gangplank,Zed,Viktor,Jhin,Karma,Trundle,XinZhao,Sylas,Cassiopeia,Nautilus
BR1_3249733572,1780833984336,2026-06-07 09:06:24,1305,0,0.5357869865503453,0.5464051526791603,2,2,Malphite,Elise,DrMundo,Ezreal,Karma,Kled,MasterYi,Xerath,Sivir,Lux
BR1_3247885118,1780382960054,2026-06-02 03:49:20,1970,1,,0.5270655270655271,0,1,Fiora,Kayn,Viktor,Varus,Seraphine,Ambessa,JarvanIV,Katarina,Zeri,Zilean
BR1_3249024211,1780670825428,2026-06-05 11:47:05,1812,0,0.5631868131868132,,1,0,Vayne,LeeSin,Akali,Lucian,Milio,RekSai,Elise,Zed,Draven,Zilean
BR1_3249716004,1780813584262,2026-06-07 03:26:24,1752,0,,0.5742931311113129,0,2,Singed,Kayn,Kassadin,Senna,Nautilus,Darius,Lillia,Akali,Lucian,Alistar
BR1_3248947566,1780630529683,2026-06-05 00:35:29,1458,0,0.608843537414966,0.5563598759048604,2,1,Renekton,Udyr,Malphite,Karthus,Senna,Pantheon,JarvanIV,Yasuo,Seraphine,Janna
BR1_3249186743,1780701250486,2026-06-05 20:14:10,911,0,0.5534886608177454,0.6281408763694365,2,4,Yasuo,Ekko,Kassadin,Sivir,Rakan,Gangplank,MasterYi,Zac,Caitlyn,Bard
BR1_3247604710,1780324654995,2026-06-01 11:37:34,1327,0,,0.5563598759048604,0,1,Kled,Malphite,Annie,Sivir,Braum,Sett,Graves,Chogath,Senna,Thresh
BR1_3247877944,1780379114813,2026-06-02 02:45:14,2017,1,0.5344295991778006,0.5853994490358126,1,1,Renekton,LeeSin,Katarina,Hwei,Lux,Fiora,Graves,Xerath,Jhin,Maokai
BR1_3248140347,1780452231789,2026-06-02 23:03:51,1857,0,0.5351351351351351,0.542761663966596,1,2,Gangplank,Lillia,Anivia,Yunara,Lulu,Vayne,Kayn,Lux,Veigar,Sona
BR1_3248552016,1780563835607,2026-06-04 06:03:55,1617,0,0.5446009389671361,,1,0,Poppy,MasterYi,Sion,Caitlyn,Rell,Riven,Talon,Malzahar,Kaisa,Nautilus
BR1_3248552796,1780569075354,2026-06-04 07:31:15,302,1,0.5627009646302251,0.5280748663101604,1,1,Yasuo,Aatrox,Lissandra,Caitlyn,Hwei,Quinn,LeeSin,Galio,Varus,Nautilus
BR1_3248680113,1780597988826,2026-06-04 15:33:08,2053,0,0.5821726142995901,0.5938626913406375,3,2,Shen,Nidalee,Irelia,Xayah,Karma,Yasuo,Karthus,Singed,Senna,Bard
BR1_3247873547,1780376215683,2026-06-02 01:56:55,1728,1,0.5388646288209606,0.5672514619883041,1,1,Darius,LeeSin,Kassadin,Lucian,Nami,KSante,Sylas,Akshan,Kalista,Thresh
BR1_3247664141,1780341238121,2026-06-01 16:13:58,1920,1,,0.5205091937765205,0,1,Pantheon,Viego,Katarina,Brand,Xerath,XinZhao,Ivern,Lux,Ezreal,Velkoz
BR1_3247580304,1780307100977,2026-06-01 06:45:00,2428,0,,0.5646359583952452,0,1,Kled,Kindred,Katarina,Syndra,Rakan,Jayce,Rammus,Mel,MissFortune,Milio
BR1_3249751425,1780841079111,2026-06-07 11:04:39,1598,1,0.6498516320474778,,1,0,Gnar,XinZhao,Lux,Ashe,Seraphine,Singed,JarvanIV,Ahri,Jinx,Nami
BR1_3248714953,1780602534344,2026-06-04 16:48:54,1141,1,,0.5394045534150613,0,1,Akali,Rengar,Diana,Ezreal,Zyra,Riven,LeeSin,Lissandra,Jhin,Veigar
BR1_3249378139,1780752351700,2026-06-06 10:25:51,1550,0,,0.545816733067729,0,1,Yone,Pantheon,Kayle,Singed,Sona,Galio,XinZhao,Veigar,Jhin,Nautilus
BR1_3247789922,1780361387372,2026-06-01 21:49:47,1793,0,0.5552214023905908,0.5653886158732088,2,3,Irelia,Kayn,Xerath,Yunara,Lulu,Sion,LeeSin,Ryze,Vladimir,Camille
BR1_3249386552,1780755269607,2026-06-06 11:14:29,1980,1,0.5514950166112956,,1,0,Sett,MasterYi,Syndra,Ezreal,Morgana,Singed,LeeSin,Irelia,Jhin,Zoe
BR1_3248043931,1780440254727,2026-06-02 19:44:14,2529,0,0.541343669250646,0.6155705996131529,1,2,Lucian,Aatrox,Zoe,Ezreal,Karma,Gangplank,Diana,Lux,Jhin,Bard
BR1_3248958992,1780633048229,2026-06-05 01:17:28,3103,1,0.5408450704225352,,1,0,Olaf,Qiyana,Viktor,Lux,Nautilus,Gnar,Gragas,Pantheon,Ashe,Zilean
BR1_3247696244,1780348387964,2026-06-01 18:13:07,1665,1,0.5408299866131191,,1,0,Vayne,Sylas,Lux,Senna,Sona,Vladimir,JarvanIV,Galio,Ashe,Seraphine
BR1_3248586923,1780583121938,2026-06-04 11:25:21,1602,0,0.522154648132059,,1,0,Malphite,LeeSin,Katarina,Yunara,Karma,DrMundo,Shaco,Velkoz,Jhin,Seraphine
BR1_3247591584,1780318776681,2026-06-01 09:59:36,1623,1,0.572829131652661,,1,0,DrMundo,Quinn,Talon,Vayne,Janna,TahmKench,Zed,Kassadin,Ezreal,Gragas
BR1_3248866107,1780619775484,2026-06-04 21:36:15,1318,0,0.5469236106723993,0.5848420647149462,3,2,Akali,XinZhao,Lux,Sion,Senna,Yasuo,Vi,TwistedFate,Zeri,Lulu
BR1_3248619868,1780589341006,2026-06-04 13:09:01,2071,1,0.5391150760229904,0.5981308411214953,2,1,Garen,Shaco,Yone,Zeri,Leona,Riven,LeeSin,Leblanc,Ezreal,Sona
BR1_3248981500,1780641152817,2026-06-05 03:32:32,1527,1,0.5344295991778006,0.551347927434884,1,2,Darius,Hecarim,Xerath,Swain,Neeko,Olaf,Kayn,Cassiopeia,KogMaw,Lulu
BR1_3249482599,1780773831340,2026-06-06 16:23:51,2062,1,0.546,,1,0,Nasus,Ekko,Zed,Smolder,Nautilus,Illaoi,Kayn,Anivia,Ezreal,Braum
BR1_3248273291,1780509795393,2026-06-03 15:03:15,1515,1,0.5734072022160664,0.5397557831954577,1,2,Mordekaiser,Nocturne,Quinn,Senna,Seraphine,Olaf,Khazix,Nasus,Xayah,Thresh
BR1_3249519416,1780779311155,2026-06-06 17:55:11,1285,0,,0.5259259259259259,0,1,Gragas,LeeSin,Annie,Lucian,Nami,Ornn,XinZhao,Aurora,Senna,Janna
BR1_3247593741,1780319861910,2026-06-01 10:17:41,1620,0,0.554639175257732,0.5691699604743083,1,1,Rumble,Zac,Yone,Velkoz,Bard,Riven,Sejuani,Yasuo,Brand,Senna
BR1_3249015040,1780667854877,2026-06-05 10:57:34,1602,1,0.5308766922249377,0.5716966064979341,2,2,Zaahen,Nidalee,Anivia,Ezreal,Bard,Pantheon,Taliyah,TahmKench,Kalista,Camille
BR1_3248985135,1780643177594,2026-06-05 04:06:17,1435,1,0.6305645065043561,0.5288060785138123,2,3,Ornn,MasterYi,Katarina,Naafiri,Gragas,Jax,LeeSin,Cassiopeia,Caitlyn,Bard
BR1_3248014489,1780435382609,2026-06-02 18:23:02,1514,0,,0.5618556701030928,0,1,Singed,Naafiri,Sylas,Ezreal,Sona,Akali,Sejuani,Ahri,Tristana,Nami
BR1_3248660749,1780595666091,2026-06-04 14:54:26,1672,0,0.5271013354281225,0.5631868131868132,1,1,Tryndamere,Udyr,Lux,Jinx,Milio,Gragas,Rengar,TwistedFate,AurelionSol,Pyke
BR1_3248114484,1780448874370,2026-06-02 22:07:54,1162,0,,0.5259259259259259,0,1,Renekton,Quinn,Yone,Vladimir,Yuumi,Malzahar,RekSai,Leblanc,Yasuo,Nautilus
BR1_3249777923,1780847343157,2026-06-07 12:49:03,1871,0,,0.5437956204379562,0,1,Jayce,Naafiri,Yasuo,AurelionSol,Milio,Malphite,Talon,Xerath,Hwei,Seraphine
BR1_3248959230,1780632682725,2026-06-05 01:11:22,915,0,0.5289392605633803,0.5527339252719604,2,2,Kayle,Gwen,Corki,Kalista,Senna,Nasus,Ambessa,Talon,Seraphine,Sona
BR1_3249917563,1780867396714,2026-06-07 18:23:16,1906,1,0.5461761540301363,0.5450819672131147,2,1,KSante,Rengar,Diana,Xerath,Nautilus,XinZhao,Kaisa,Galio,Ezreal,TwistedFate
BR1_3249010474,1780666549868,2026-06-05 10:35:49,1670,1,,0.522154648132059,0,1,Gnar,Shaco,Leblanc,Jhin,Bard,Vladimir,Olaf,Katarina,Yunara,Lulu
BR1_3249571665,1780788545006,2026-06-06 20:29:05,1718,1,0.5344295991778006,,1,0,Pantheon,Naafiri,Hwei,Varus,Braum,KSante,LeeSin,Diana,Corki,Nami
BR1_3248019538,1780436125104,2026-06-02 18:35:25,2080,0,,0.5658747300215983,0,1,Quinn,MasterYi,TwistedFate,Twitch,Lulu,Riven,Kindred,Lux,Karthus,Velkoz
BR1_3247854561,1780370582686,2026-06-02 00:23:02,1640,1,0.5528318221587191,0.5538188221807322,3,3,Zilean,LeeSin,Cassiopeia,Ashe,TahmKench,Anivia,Graves,Zoe,Yone,Sylas
BR1_3248058134,1780442037356,2026-06-02 20:13:57,1496,0,,0.522154648132059,0,1,Naafiri,Nidalee,Taliyah,Sivir,Yuumi,Chogath,Hecarim,Cassiopeia,Yunara,Poppy
BR1_3248983408,1780642734609,2026-06-05 03:58:54,1551,1,0.66,0.504907306434024,1,1,Ornn,Talon,Vladimir,Corki,Nami,Camille,Shaco,TwistedFate,Varus,Bard
BR1_3247750109,1780356459919,2026-06-01 20:27:39,1380,0,,0.5107741420590582,0,1,DrMundo,Khazix,Zed,Caitlyn,Rakan,Riven,LeeSin,Lux,Nilah,Maokai
BR1_3249099718,1780687254995,2026-06-05 16:20:54,1414,1,0.5270655270655271,0.5543766578249337,1,1,Aatrox,Khazix,Azir,Tristana,Braum,Vladimir,Graves,Ahri,MissFortune,DrMundo
BR1_3248672714,1780597211618,2026-06-04 15:20:11,2113,1,0.5373699148533586,,1,0,Shen,Nunu,Zed,MissFortune,Nautilus,Camille,Talon,Ekko,Ezreal,Soraka
BR1_3249656406,1780800572767,2026-06-06 23:49:32,1838,0,0.5363636363636364,0.5853994490358126,1,1,Singed,Hecarim,Cassiopeia,Ezreal,Janna,Garen,Lillia,Malzahar,Yunara,Bard
BR1_3248283565,1780512199168,2026-06-03 15:43:19,1756,0,0.5428360727261495,0.5368421052631579,2,1,Darius,Brand,Riven,Aphelios,Seraphine,Kled,Rengar,Ahri,Jinx,Lulu
BR1_3249092430,1780685758224,2026-06-05 15:55:58,1546,0,0.5562391799480917,0.5554906849646117,2,3,XinZhao,Rammus,Kassadin,Ezreal,Janna,KSante,Shaco,Ziggs,Jayce,Nautilus
BR1_3247902754,1780405636131,2026-06-02 10:07:16,2075,1,0.5562913907284768,0.5327014218009478,1,1,Teemo,Ekko,Yasuo,Sivir,Karma,Fiora,Karthus,Yone,Samira,Xerath
BR1_3247575554,1780298865804,2026-06-01 04:27:45,1609,0,0.5767460463442121,0.552171912121114,3,3,Darius,Rengar,Yasuo,Samira,Zilean,Quinn,Viego,Akali,Lux,Thresh
BR1_3247682795,1780345850710,2026-06-01 17:30:50,1433,0,0.5636878208399407,0.5539240237240446,3,4,Irelia,Naafiri,Zilean,Xerath,Alistar,Qiyana,LeeSin,Aurora,Ashe,Velkoz
BR1_3249169240,1780698477675,2026-06-05 19:27:57,1998,0,0.5685358255451713,0.624255485893417,1,2,Renekton,LeeSin,Riven,Anivia,Xerath,XinZhao,Naafiri,Vladimir,Ezreal,Bard
BR1_3247592697,1780319606817,2026-06-01 10:13:26,1851,0,0.5301310508136794,0.5586845970057648,2,2,MonkeyKing,Fizz,Yasuo,Ashe,Karma,Akali,Naafiri,Zed,Hwei,Pantheon
BR1_3247875766,1780377408312,2026-06-02 02:16:48,1393,1,0.6938775510204082,0.5853994490358126,1,1,Ryze,Udyr,Katarina,Ezreal,Leona,Gangplank,Shaco,Ahri,Cassiopeia,Xerath
BR1_3247511573,1780278622651,2026-05-31 22:50:22,2201,1,0.5798507527201732,0.5884476534296029,3,1,Aurora,Graves,TwistedFate,Jhin,Bard,Heimerdinger,Talon,Quinn,Mel,Nautilus
BR1_3247703869,1780350063382,2026-06-01 18:41:03,1462,1,0.556902276604722,,2,0,Gragas,Udyr,Quinn,Ezreal,Swain,Briar,Rammus,Akali,Ashe,Pyke
BR1_3248946227,1780629966874,2026-06-05 00:26:06,1649,0,0.5304054054054054,0.6110654205607476,1,2,Yasuo,Pantheon,Sylas,Swain,Soraka,Illaoi,Aatrox,Kassadin,Senna,Sion
BR1_3248561297,1780574710210,2026-06-04 09:05:10,1144,0,,0.5482093663911846,0,1,Jayce,Evelynn,Naafiri,Vladimir,Nami,AurelionSol,Hecarim,Mel,Varus,Lulu
BR1_3248158735,1780455026391,2026-06-02 23:50:26,1654,1,0.5505226480836237,0.5515983667778719,1,2,Teemo,Twitch,Leblanc,Ezreal,Rakan,Vladimir,JarvanIV,Lissandra,Kalista,Neeko
BR1_3248317012,1780519709523,2026-06-03 17:48:29,1470,1,0.5424769703172978,,1,0,Ambessa,Kayn,Ziggs,Swain,Senna,TahmKench,Kindred,Seraphine,Cassiopeia,Nautilus
BR1_3248156517,1780454708230,2026-06-02 23:45:08,1964,1,,0.540796963946869,0,1,Fiora,Rengar,Zoe,Varus,Rakan,Kayle,Ekko,Zed,Brand,Hwei
BR1_3249013910,1780668231023,2026-06-05 11:03:51,87,1,0.5596330275229358,,1,0,Jayce,Aatrox,Diana,Jhin,Karma,Akali,Khazix,Ahri,Ashe,Seraphine
BR1_3248771089,1780609124881,2026-06-04 18:38:44,1758,1,0.6007479007795322,0.551949253179298,4,3,Gangplank,Nidalee,Jhin,Lucian,Rell,Varus,Kindred,Vladimir,Draven,Nautilus
BR1_3248585459,1780582651330,2026-06-04 11:17:31,894,0,0.5393173208783862,0.5685869014164476,3,3,Yasuo,LeeSin,Gragas,Jhin,Nautilus,Zed,Zyra,Qiyana,Lucian,Nami
BR1_3247840180,1780367745217,2026-06-01 23:35:45,1437,1,0.5534682080924855,0.5683500702775719,1,2,Malphite,LeeSin,Morgana,Ezreal,Senna,Ryze,Vi,Zoe,Lucian,Nami
BR1_3248986214,1780644456608,2026-06-05 04:27:36,2231,0,0.5539191175735272,0.5544871794871795,2,1,Jax,Quinn,Kassadin,Ezreal,Janna,Olaf,Ambessa,Kayle,Seraphine,Senna
BR1_3249692917,1780807006963,2026-06-07 01:36:46,1608,1,,0.5422535211267606,0,1,Jax,MonkeyKing,Ryze,Varus,Thresh,Darius,Belveth,Viktor,Smolder,Sona
BR1_3248666587,1780596228857,2026-06-04 15:03:48,1675,1,0.577318203286995,0.580091994956808,4,4,Garen,Graves,Kayle,Senna,Sona,Camille,Naafiri,Cassiopeia,Rengar,Ivern
BR1_3248521520,1780548302731,2026-06-04 01:45:02,954,1,,0.5449678800856531,0,1,Ambessa,Gragas,TwistedFate,Tristana,Rell,Ornn,Khazix,Katarina,Lux,Soraka
BR1_3249158515,1780696969397,2026-06-05 19:02:49,1600,1,0.5483499446290143,0.5399056704835953,4,4,Singed,Talon,Sett,Ezreal,Lissandra,Kennen,Sylas,Irelia,Jinx,Pantheon
BR1_3247687131,1780346294745,2026-06-01 17:38:14,923,0,,0.5980392156862745,0,1,Gragas,Hecarim,Ahri,Sivir,Senna,Yasuo,Rengar,Quinn,Hwei,Seraphine
BR1_3248022128,1780436554681,2026-06-02 18:42:34,2293,0,0.5707762557077626,0.5627009646302251,1,1,Ezreal,Taliyah,Akali,Caitlyn,Pyke,Karma,Shaco,Kassadin,Varus,Rakan
BR1_3248258214,1780505516256,2026-06-03 13:51:56,1486,0,0.5612414777634769,0.545756031506872,3,3,Lulu,Ambessa,Viktor,Sivir,Zyra,Ornn,JarvanIV,Hwei,Caitlyn,Soraka
BR1_3247992573,1780431211477,2026-06-02 17:13:31,1597,0,,0.5135440180586908,0,1,Irelia,Naafiri,Katarina,Brand,Nami,Warwick,Viego,Sylas,Cassiopeia,Thresh
BR1_3248263236,1780506694904,2026-06-03 14:11:34,1414,0,,0.5118343195266272,0,1,Quinn,Nidalee,Fizz,Varus,Lulu,Yorick,Shaco,Syndra,Caitlyn,Karma
BR1_3248721345,1780603187174,2026-06-04 16:59:47,1662,0,,0.5361328125,0,1,Riven,Naafiri,Zoe,Sivir,Bard,Poppy,Talon,Hwei,Vayne,Pyke
BR1_3248010702,1780434819580,2026-06-02 18:13:39,1429,1,0.5446063616993522,0.5507936507936508,2,1,Chogath,Sejuani,Yone,Vayne,Sona,Riven,Sylas,Lux,Ashe,Braum
BR1_3248641031,1780592479254,2026-06-04 14:01:19,2004,0,,0.5574874237294619,0,2,Jax,Naafiri,Akali,Vayne,Zyra,Ivern,Nocturne,Lux,Aphelios,Bard
BR1_3247583136,1780310960709,2026-06-01 07:49:20,2206,1,,0.522154648132059,0,1,DrMundo,Graves,Xerath,Kaisa,Nautilus,Garen,Khazix,Quinn,Sivir,Soraka
BR1_3248686313,1780598693356,2026-06-04 15:44:53,1118,1,,0.546,0,1,TwistedFate,Maokai,Ahri,Lucian,Milio,Ambessa,Graves,Sivir,Brand,Zyra
BR1_3247578537,1780302288394,2026-06-01 05:24:48,1650,0,,0.5514950166112956,0,1,Zaahen,Quinn,Akali,Kaisa,Nautilus,Gangplank,RekSai,Xerath,Ezreal,Sona
BR1_3247688520,1780347008940,2026-06-01 17:50:08,1793,1,0.5238095238095238,0.5250327146724452,1,4,Sion,Graves,Riven,Hwei,Soraka,Malphite,Viego,Annie,Seraphine,Sona
BR1_3249169894,1780698822951,2026-06-05 19:33:42,976,1,0.522154648132059,0.5705399552406204,1,2,XinZhao,Quinn,Kassadin,Yunara,Lulu,Yorick,Nidalee,Jayce,Ashe,Velkoz
BR1_3249948793,1780871352916,2026-06-07 19:29:12,1936,1,0.5232558139534884,,1,0,Illaoi,Ambessa,Lux,Ezreal,Shaco,TahmKench,Quinn,Lissandra,Viktor,Bard
BR1_3248423830,1780535245846,2026-06-03 22:07:25,1149,0,,0.6689655172413793,0,1,Ryze,XinZhao,Zed,Kaisa,Karma,Jayce,Rammus,Vladimir,Smolder,Seraphine
BR1_3249153836,1780696344317,2026-06-05 18:52:24,1550,1,,0.5408450704225352,0,1,Irelia,LeeSin,Sylas,Brand,Milio,Renekton,Belveth,Syndra,Ashe,Karma
BR1_3248996982,1780661713680,2026-06-05 09:15:13,1910,0,0.5627009646302251,0.5454775287506716,1,3,Renekton,Shaco,TwistedFate,Jhin,Poppy,DrMundo,Khazix,Annie,Varus,Neeko
BR1_3248006638,1780433956172,2026-06-02 17:59:16,1772,0,,0.6938775510204082,0,1,TahmKench,JarvanIV,Zed,Jhin,Karma,Aatrox,Zyra,Gwen,Samira,Pyke
BR1_3247829014,1780365983790,2026-06-01 23:06:23,2563,1,0.5662739662739662,0.5488305941845765,2,2,Irelia,MasterYi,Ahri,Lucian,Thresh,Akali,Rengar,Corki,Hwei,Nami
BR1_3249515267,1780778615517,2026-06-06 17:43:35,915,0,,0.5685358255451713,0,1,Teemo,Talon,Irelia,Lucian,Nami,Yasuo,Nasus,Cassiopeia,Seraphine,Bard
BR1_3248678822,1780597954778,2026-06-04 15:32:34,1932,1,0.631658817373103,0.5520542928788447,2,3,Riven,Khazix,Annie,Seraphine,Nami,Aatrox,Kindred,Ahri,AurelionSol,Nautilus
BR1_3249750550,1780840839431,2026-06-07 11:00:39,2193,1,0.5337314390294523,0.5964697069657485,2,2,Yasuo,Lillia,Irelia,Aphelios,Thresh,Gangplank,Hecarim,Nasus,Zilean,Camille
BR1_3249724877,1780825769297,2026-06-07 06:49:29,1542,0,0.5441176470588235,0.5464523851806807,1,3,Vladimir,LeeSin,Sion,Kaisa,Alistar,Aatrox,Elise,Kassadin,Ezreal,Poppy
BR1_3249362325,1780743869535,2026-06-06 08:04:29,1643,1,0.5691699604743083,0.6938775510204082,1,1,Riven,Rengar,Ahri,Diana,Ivern,Vladimir,Pantheon,Zed,Singed,Elise
BR1_3247812672,1780364148454,2026-06-01 22:35:48,1795,1,,0.6358695652173914,0,1,Nasus,Diana,Akshan,Sivir,Milio,Gnar,Hecarim,Viktor,Lucian,Trundle
BR1_3248275233,1780509883585,2026-06-03 15:04:43,1585,0,,0.5437956204379562,0,1,Yorick,LeeSin,Vex,Varus,Braum,Aatrox,Evelynn,Ahri,Hwei,Neeko
BR1_3247894973,1780401453644,2026-06-02 08:57:33,2074,0,,0.5446009389671361,0,1,Jayce,Talon,Lissandra,Ashe,Janna,Fiora,MasterYi,KogMaw,Ezreal,Yuumi
BR1_3249577083,1780789063674,2026-06-06 20:37:43,1857,1,0.5531914893617021,0.5259259259259259,1,1,Karthus,Pantheon,Ahri,Ashe,Nautilus,Ornn,MonkeyKing,Kaisa,Seraphine,Gragas
BR1_3247808652,1780363599040,2026-06-01 22:26:39,1549,0,0.5710382513661202,0.5659188596534054,1,3,Akali,Rengar,Talon,Lux,Zoe,Renekton,Hecarim,Orianna,Ashe,Seraphine
BR1_3247581672,1780310266395,2026-06-01 07:37:46,2740,1,0.572289156626506,,1,0,Urgot,Briar,Ekko,Smolder,Sona,Fiora,RekSai,Zed,Singed,Yuumi
BR1_3247990853,1780430715977,2026-06-02 17:05:15,1665,1,,0.5424769703172978,0,1,Irelia,Pantheon,Ahri,Ashe,Bard,Camille,Kayn,Kayle,Viktor,Thresh
BR1_3248563905,1780576541376,2026-06-04 09:35:41,1492,0,,0.5488029465930019,0,1,KSante,Volibear,Annie,Seraphine,Soraka,Mordekaiser,Ekko,Naafiri,Samira,Alistar
BR1_3249083252,1780683964100,2026-06-05 15:26:04,927,1,,0.5981308411214953,0,1,Yasuo,Shaco,Orianna,Corki,Nami,Fiora,Nunu,Ryze,Sylas,Zyra
BR1_3248047130,1780440402651,2026-06-02 19:46:42,1987,0,0.5391304347826087,0.5309170194769941,1,2,Qiyana,Ekko,Anivia,Draven,Rell,Irelia,Pantheon,Ahri,Ziggs,Leona
BR1_3248201613,1780475247108,2026-06-03 05:27:27,2132,1,0.545816733067729,0.5422043750708399,1,2,Kayle,MasterYi,Yasuo,Brand,Xerath,Garen,Talon,Akali,Kaisa,Nami
BR1_3247985120,1780429066327,2026-06-02 16:37:46,2071,1,,0.5388646288209606,0,1,Malphite,Nunu,Zed,Nilah,Senna,Rumble,JarvanIV,Lissandra,Lucian,Yuumi
BR1_3248371500,1780528672427,2026-06-03 20:17:52,1748,1,,0.5462400164435048,0,2,Teemo,JarvanIV,Chogath,Lux,Rell,Annie,Hecarim,Aurora,Senna,Alistar
BR1_3249892519,1780864276283,2026-06-07 17:31:16,1570,1,0.6024096385542169,0.5269983482192282,1,3,Renekton,Khazix,Fizz,Xayah,Alistar,Shen,Elise,Veigar,Zeri,Sona
BR1_3248505948,1780545588182,2026-06-04 00:59:48,1341,0,,0.5321637426900585,0,1,Irelia,Elise,Riven,Kaisa,Lulu,Swain,Talon,Zed,Jinx,Thresh
BR1_3247941585,1780418792724,2026-06-02 13:46:32,1485,1,0.5661375661375662,0.545961960984487,1,2,Malphite,Hecarim,Yone,Syndra,Seraphine,Jayce,Talon,Akali,Brand,Nami
BR1_3249559724,1780786439891,2026-06-06 19:53:59,1806,1,,0.5344295991778006,0,1,Gnar,Kayn,Xerath,Vladimir,Sona,Renekton,Ekko,Hwei,AurelionSol,Soraka
BR1_3248551581,1780564429627,2026-06-04 06:13:49,2239,1,,0.5193905817174516,0,1,Elise,Quinn,Galio,Lucian,Nami,Kennen,Sylas,Veigar,Senna,Nautilus
BR1_3247578248,1780300150426,2026-06-01 04:49:10,1819,1,,0.5471620978771481,0,2,Malphite,Kayn,Fizz,Seraphine,Sylas,Akali,Hecarim,Zed,Jinx,Yasuo
BR1_3249355528,1780733745280,2026-06-06 05:15:45,1799,1,0.5631868131868132,,1,0,Aatrox,MasterYi,Orianna,Samira,Leona,Fiora,Shyvana,Katarina,Ezreal,Milio
BR1_3247787473,1780360963415,2026-06-01 21:42:43,1701,0,0.6068052930056711,,1,0,Rumble,XinZhao,Aurora,Ezreal,Senna,Riven,Nocturne,Velkoz,Aphelios,Rakan
BR1_3247547863,1780284865404,2026-06-01 00:34:25,1640,1,0.5312954876273653,,1,0,Ambessa,Khazix,Ryze,Tristana,Poppy,Riven,Quinn,Sylas,Aphelios,Pyke
BR1_3248274987,1780510569112,2026-06-03 15:16:09,2248,1,0.572289156626506,,1,0,DrMundo,LeeSin,Mel,Jhin,Nautilus,Yone,XinZhao,Galio,Ezreal,Bard
BR1_3248210522,1780487446679,2026-06-03 08:50:46,1166,0,0.5281173594132029,0.572289156626506,1,1,Skarner,Talon,AurelionSol,Ezreal,Anivia,XinZhao,Briar,Yasuo,Vladimir,Rakan
BR1_3248502251,1780544606163,2026-06-04 00:43:26,1755,1,,0.5426944971537002,0,1,Aatrox,Sylas,Quinn,Tristana,Thresh,Malphite,Evelynn,Briar,Brand,Karma
BR1_3247978818,1780427914134,2026-06-02 16:18:34,1195,0,0.6001768400512226,0.66,2,1,Teemo,Hecarim,Viktor,Jhin,Alistar,Ryze,Kayn,TwistedFate,Vladimir,Zoe
BR1_3248440299,1780537101345,2026-06-03 22:38:21,1104,1,0.5758805230669546,0.6073816617014234,4,2,Nasus,Kayn,Xerath,Aphelios,Soraka,Rumble,MonkeyKing,Fizz,Ashe,Seraphine
BR1_3247919898,1780412207338,2026-06-02 11:56:47,960,1,,0.5414012738853503,0,1,Garen,Rengar,Anivia,Ezreal,Karma,Yorick,Sejuani,Diana,Aphelios,Lulu
BR1_3248404710,1780533195280,2026-06-03 21:33:15,1941,1,0.5685358255451713,0.5275345593658793,1,2,Ornn,Sylas,Heimerdinger,Smolder,Sona,Gnar,Elise,Naafiri,Lux,Nautilus
BR1_3247654729,1780339139764,2026-06-01 15:38:59,1862,1,,0.5450819672131147,0,1,Sion,Quinn,Lux,Ashe,Bard,LeeSin,Udyr,Kayle,Xerath,Sona
BR1_3247975490,1780426688276,2026-06-02 15:58:08,1856,0,0.6304347826086957,0.5317030233140332,1,2,Riven,Graves,Zyra,Ziggs,Nami,Fiora,RekSai,Ahri,Kaisa,Soraka
BR1_3248921832,1780626626652,2026-06-04 23:30:26,1858,0,0.5803402646502835,0.5437224252014754,1,2,Lucian,Lillia,TwistedFate,Ezreal,Karma,Riven,Kayn,Akali,Jhin,Leona
BR1_3247630119,1780332010414,2026-06-01 13:40:10,1173,0,0.5841349118263657,0.5763145724711282,2,4,Ambessa,Naafiri,Ryze,Smolder,Soraka,Zed,Khazix,Taliyah,Hwei,Alistar
BR1_3249351637,1780729899018,2026-06-06 04:11:39,1450,1,0.5675223452479533,0.5542473300525269,2,3,Akali,Viego,Yasuo,Irelia,Soraka,Sett,Riven,Nasus,Karthus,Leona
BR1_3247786397,1780360832247,2026-06-01 21:40:32,1670,0,0.5357142857142857,0.5373699148533586,1,1,Yone,Talon,Qiyana,Brand,Janna,Akali,Naafiri,TwistedFate,Vayne,Pyke
BR1_3247645177,1780336410999,2026-06-01 14:53:30,2024,1,0.5357142857142857,0.5430011064262432,1,2,Vayne,JarvanIV,Veigar,Ezreal,Zoe,Rumble,Graves,Smolder,Varus,Sona
BR1_3249699557,1780808553992,2026-06-07 02:02:33,1629,0,,0.5259259259259259,0,1,Fiora,Graves,Azir,Ashe,Senna,Ambessa,Zac,Xerath,Zeri,Karma
BR1_3248544454,1780556492824,2026-06-04 04:01:32,917,0,0.5485074626865671,,1,0,Yorick,Amumu,Kayle,Draven,Soraka,Yone,MasterYi,Quinn,Ziggs,Taric
BR1_3249104485,1780687949790,2026-06-05 16:32:29,1831,1,0.5563093622795116,0.5627009646302251,1,1,Ambessa,Lillia,Akali,Nilah,Rakan,Pantheon,MonkeyKing,Ziggs,MissFortune,Alistar
BR1_3248107777,1780448157634,2026-06-02 21:55:57,1842,1,0.5955284552845529,0.5450819672131147,1,1,Zoe,Zed,Aurora,Aphelios,Lulu,Irelia,JarvanIV,Sylas,Kaisa,Janna
BR1_3247672471,1780343389374,2026-06-01 16:49:49,928,0,0.5388646288209606,,1,0,Sett,XinZhao,Briar,Lux,Nami,Darius,LeeSin,Velkoz,Seraphine,Thresh
BR1_3247807361,1780363220897,2026-06-01 22:20:20,1813,1,0.5503932640919633,0.5744380450977274,2,2,Qiyana,Karthus,Ryze,Tristana,Taric,Singed,JarvanIV,Xerath,Vayne,Camille
BR1_3248036543,1780439336297,2026-06-02 19:28:56,1812,1,0.6235639484009372,0.5583341904076246,2,2,Fiora,Zaahen,Karma,Ezreal,Senna,Sett,Kindred,Yone,Ashe,Seraphine
BR1_3248086567,1780445661041,2026-06-02 21:14:21,1789,0,0.5549961885402108,0.6358695652173914,2,1,Fiora,Kindred,Akali,Yunara,Soraka,Lucian,LeeSin,TwistedFate,Aphelios,Rell
BR1_3247646676,1780337054904,2026-06-01 15:04:14,1735,0,,0.5118343195266272,0,1,Ryze,Viego,Irelia,Varus,Amumu,Jax,Quinn,Ahri,Caitlyn,Lux
BR1_3248208032,1780485114904,2026-06-03 08:11:54,2508,0,,0.5514950166112956,0,1,Vayne,Kindred,Akali,Seraphine,Pyke,Gragas,Ekko,Gangplank,Ezreal,Xerath
BR1_3247547361,1780284436634,2026-06-01 00:27:16,1579,0,,0.554639175257732,0,1,Ezreal,Nunu,Ryze,Ziggs,Leona,Jayce,MasterYi,Hwei,Jhin,Velkoz
BR1_3247846194,1780368730889,2026-06-01 23:52:10,1735,0,0.5850827752233391,0.5698886707851057,2,3,XinZhao,Ekko,Ryze,Caitlyn,TwistedFate,Singed,Udyr,Syndra,Jhin,Katarina
BR1_3247930935,1780415987493,2026-06-02 12:59:47,1287,0,0.5357142857142857,0.6420824295010846,1,1,Yone,Malphite,Kassadin,Seraphine,Nami,Vladimir,Sylas,Jayce,Jhin,Heimerdinger
BR1_3247648842,1780338019334,2026-06-01 15:20:19,1346,1,0.554639175257732,0.5254470426409904,1,1,Kayle,LeeSin,Anivia,Swain,Velkoz,Sylas,Talon,Irelia,Jinx,Seraphine
BR1_3249294628,1780714920865,2026-06-06 00:02:00,1486,0,,0.5424323144104803,0,2,Fiora,Sylas,Yone,Xerath,Pyke,Rumble,JarvanIV,Akali,Lucian,Karma
BR1_3247886282,1780385313358,2026-06-02 04:28:33,1596,1,0.6938775510204082,0.5135440180586908,1,1,Riven,Gwen,Diana,Ezreal,Soraka,Darius,JarvanIV,Lissandra,Elise,Brand
BR1_3248708293,1780601558566,2026-06-04 16:32:38,1706,0,,0.6164623467600701,0,1,Singed,RekSai,Xerath,Zeri,Bard,Riven,XinZhao,Shen,Smolder,TwistedFate
BR1_3248472544,1780540829121,2026-06-03 23:40:29,1135,1,0.6358695652173914,,1,0,Akali,JarvanIV,Ekko,Fiora,Leona,Gnar,LeeSin,Smolder,Swain,Nautilus
BR1_3248660104,1780595310643,2026-06-04 14:48:30,1655,0,0.5321637426900585,0.5497454108824812,1,2,Sivir,Karthus,Kassadin,Seraphine,Zed,Darius,Udyr,Hwei,Mel,Senna
BR1_3247710695,1780351221609,2026-06-01 19:00:21,1383,0,0.5511363636363636,0.6093117408906883,1,1,Riven,MonkeyKing,Ryze,Ashe,Nami,Singed,XinZhao,Cassiopeia,Kaisa,Camille
BR1_3248275774,1780510400802,2026-06-03 15:13:20,1318,0,0.5357142857142857,0.5468510447230734,1,3,Vladimir,Sejuani,Ahri,MissFortune,Yuumi,Yasuo,Ambessa,Viktor,Vayne,Sona
BR1_3248988602,1780650383302,2026-06-05 06:06:23,2516,1,0.5454545454545454,0.5631868131868132,1,1,Sett,Graves,Chogath,Jhin,Senna,Singed,JarvanIV,Akali,Draven,Leona
BR1_3248131552,1780450957182,2026-06-02 22:42:37,920,0,,0.5351351351351351,0,1,Riven,Ekko,Mel,Veigar,Karma,Gangplank,Diana,Zed,Yunara,Nautilus
BR1_3248116302,1780449188573,2026-06-02 22:13:08,1756,1,0.5842611683848797,0.5801776531089294,2,2,Vayne,XinZhao,Anivia,Ezreal,Rell,Yasuo,Kayn,Ryze,Ashe,Seraphine
BR1_3248211333,1780486901090,2026-06-03 08:41:41,1814,0,,0.5363128491620112,0,1,Malphite,Shaco,Fizz,Varus,Rakan,Anivia,Tryndamere,Sylas,Sivir,Skarner
BR1_3249794138,1780849976089,2026-06-07 13:32:56,1176,0,0.5107741420590582,0.5666666666666667,1,1,Renekton,Khazix,Leblanc,Kaisa,Nautilus,Singed,Talon,Irelia,Xerath,Thresh
BR1_3247896022,1780400254649,2026-06-02 08:37:34,2839,0,0.5735735735735735,0.5502032580198545,1,2,Darius,Qiyana,Zed,Mel,Karma,Teemo,Graves,Vladimir,Caitlyn,Alistar
BR1_3247883206,1780381034511,2026-06-02 03:17:14,2032,1,0.540796963946869,0.5646359583952452,1,1,Teemo,Kayn,Ahri,Yasuo,Maokai,Fiora,Rengar,Jayce,Rammus,Lulu
BR1_3247823604,1780365407166,2026-06-01 22:56:47,1727,0,0.5424862947436311,0.5871230860955716,2,2,Renekton,Viego,Taliyah,Mel,Nautilus,Ornn,Ambessa,Zed,Cassiopeia,Brand
BR1_3248351196,1780525644159,2026-06-03 19:27:24,2083,0,0.5941118599045698,0.5368421052631579,2,1,Vladimir,Volibear,Diana,KogMaw,Lulu,Yasuo,Sylas,Syndra,Kalista,Maokai
BR1_3248002661,1780433126977,2026-06-02 17:45:26,1702,0,0.5325342465753424,,1,0,Zoe,Kayn,Talon,Senna,Thresh,Chogath,Viego,Anivia,Viktor,Galio
BR1_3249076241,1780682635043,2026-06-05 15:03:55,1340,1,0.5543766578249337,0.511686143572621,1,1,Gwen,Graves,Riven,Ashe,Braum,KSante,Talon,Diana,Ezreal,Nami
BR1_3248062076,1780442507471,2026-06-02 20:21:47,2519,1,,0.5107741420590582,0,1,Sion,MasterYi,Mel,Aphelios,Senna,Sejuani,Taliyah,Yasuo,Ezreal,Karma
BR1_3247986129,1780429177649,2026-06-02 16:39:37,1553,0,0.5373699148533586,,1,0,Urgot,Viego,Akali,Brand,Zilean,Yasuo,MasterYi,Briar,Anivia,Rell
BR1_3248750141,1780606588565,2026-06-04 17:56:28,2214,1,0.5684977349712279,0.557056119871766,2,3,Malphite,JarvanIV,Lux,Tristana,Nami,Sion,LeeSin,Chogath,Jhin,Sona
BR1_3247588944,1780318045106,2026-06-01 09:47:25,1487,0,,0.5660722960937079,0,2,Jax,Diana,Cassiopeia,Caitlyn,Rell,Rumble,Khazix,Yasuo,Ashe,Seraphine
BR1_3249489696,1780774969562,2026-06-06 16:42:49,1580,1,,0.5862068965517241,0,1,Fiora,Nasus,Zed,Velkoz,Pantheon,Garen,Vi,Akshan,Ziggs,Soraka
BR1_3247575394,1780298069632,2026-06-01 04:14:29,2288,1,0.5631868131868132,0.515625,1,1,Varus,JarvanIV,Vladimir,Ezreal,Karma,Aatrox,Kayn,Annie,Vayne,Katarina
BR1_3249220805,1780705808894,2026-06-05 21:30:08,2069,0,0.5459473150962513,0.5898177805291631,2,2,Rumble,Sion,Ekko,Riven,Senna,Yasuo,Gragas,Vayne,Mel,TwistedFate
BR1_3247664564,1780341627501,2026-06-01 16:20:27,1785,0,0.5624348916120945,0.5535811025596253,2,2,Gragas,Shaco,Qiyana,Varus,Velkoz,KSante,Khazix,Viktor,Lux,Sona
BR1_3248743369,1780605863469,2026-06-04 17:44:23,1822,1,0.511686143572621,0.6164623467600701,1,1,Jayce,Quinn,Viktor,Jhin,Zilean,Urgot,Neeko,Lissandra,Samira,TwistedFate
BR1_3248279664,1780511293934,2026-06-03 15:28:13,1814,0,,0.5205091937765205,0,1,Gangplank,LeeSin,Akali,Jhin,Veigar,Ornn,Nunu,Aurora,Varus,Karma
BR1_3248581079,1780581399665,2026-06-04 10:56:39,1734,0,,0.5363128491620112,0,1,Shen,Lillia,Qiyana,Caitlyn,Xerath,Ornn,JarvanIV,Orianna,Jhin,Nautilus
BR1_3248953270,1780631336779,2026-06-05 00:48:56,994,1,0.5373699148533586,0.5189504373177842,1,1,XinZhao,MasterYi,Ryze,Yunara,Nami,Renekton,Kayn,Vladimir,Caitlyn,Milio
BR1_3249472985,1780772583389,2026-06-06 16:03:03,924,1,0.546,0.5373699148533586,1,1,Yone,Ekko,Corki,Zyra,Morgana,XinZhao,Rammus,Galio,Ezreal,Soraka
BR1_3247602391,1780322935095,2026-06-01 11:08:55,1768,0,0.5281173594132029,0.5662197662831778,1,2,Garen,Amumu,Lissandra,Corki,Sona,Sett,Nasus,Ryze,Lucian,Nami
BR1_3248791681,1780611743992,2026-06-04 19:22:23,1422,1,0.6126751905581509,0.5361328125,2,1,Jayce,Ekko,Lissandra,Jhin,Rell,Poppy,Graves,Fizz,Smolder,Pyke
BR1_3249788075,1780848857048,2026-06-07 13:14:17,1634,0,0.5766423357664233,,1,0,Tryndamere,LeeSin,Annie,Lucian,Nami,Jax,Kayn,Katarina,MissFortune,Seraphine
BR1_3247802689,1780362911116,2026-06-01 22:15:11,2492,1,,0.5259259259259259,0,1,Taliyah,Graves,Annie,Kalista,Rell,Teemo,Khazix,Ahri,Yasuo,Hwei
BR1_3247935811,1780417202832,2026-06-02 13:20:02,1656,0,0.5641177411614142,0.5586257376283461,2,3,Varus,LeeSin,Ryze,Corki,Neeko,XinZhao,Vi,Taliyah,Zyra,Nautilus
BR1_3247658985,1780340346217,2026-06-01 15:59:06,910,0,,0.5682814132362943,0,2,Malphite,MasterYi,Fizz,TahmKench,Senna,Quinn,Khazix,Qiyana,Jhin,Xerath
BR1_3247997353,1780431985217,2026-06-02 17:26:25,1618,0,0.5446009389671361,,1,0,Nasus,Khazix,Hwei,Yunara,Lulu,Gangplank,MasterYi,Zed,Brand,Lux
BR1_3249899027,1780864856415,2026-06-07 17:40:56,920,0,0.5260361317747078,0.5993740219092332,1,1,Malphite,XinZhao,Anivia,Lux,Zilean,TahmKench,Quinn,TwistedFate,Rengar,Bard
BR1_3247575888,1780301015976,2026-06-01 05:03:35,1443,1,0.6024612985855886,0.5646359583952452,2,1,Ornn,Lillia,Yasuo,Samira,Seraphine,Fiora,Rammus,Katarina,Karthus,Pantheon
BR1_3249595852,1780792565948,2026-06-06 21:36:05,1473,0,,0.546,0,1,Sylas,Quinn,Yone,Ezreal,Rell,Malphite,Vi,Aurora,Nilah,Hwei
BR1_3248890371,1780622547438,2026-06-04 22:22:27,1150,0,,0.5522788203753352,0,1,TahmKench,Viego,Ahri,Ezreal,Yuumi,Yorick,Sylas,Varus,Jinx,Milio
BR1_3248950383,1780630804814,2026-06-05 00:40:04,709,1,0.5270655270655271,0.5531914893617021,1,1,XinZhao,Vi,Ahri,Varus,Thresh,Riven,LeeSin,Sylas,Karthus,Heimerdinger
BR1_3248224680,1780495645671,2026-06-03 11:07:25,1775,0,0.5469787163678455,0.6190476190476191,2,1,Akali,RekSai,Jayce,Hwei,Soraka,Gragas,MasterYi,Sylas,Twitch,Yuumi
BR1_3249844979,1780858280077,2026-06-07 15:51:20,1458,1,,0.5259259259259259,0,1,Darius,LeeSin,Yone,Ashe,Seraphine,Jayce,Naafiri,Orianna,Zeri,Karma
BR1_3249138974,1780694039016,2026-06-05 18:13:59,1707,0,0.5637599637311509,0.5508240530396991,3,4,Rengar,Zyra,Galio,Ezreal,Brand,TwistedFate,MonkeyKing,Syndra,Jhin,Karma
BR1_3249747741,1780840361600,2026-06-07 10:52:41,1034,0,0.5576131687242798,0.5532319391634981,1,1,Mordekaiser,Lillia,Zed,Ezreal,Bard,Irelia,Hecarim,Vladimir,Mel,Seraphine
BR1_3249383378,1780754158284,2026-06-06 10:55:58,1901,0,,0.5544871794871795,0,1,Illaoi,Ambessa,Viktor,Kaisa,Nautilus,Vayne,Gwen,Yasuo,Sivir,Soraka
BR1_3247908634,1780408293533,2026-06-02 10:51:33,1918,0,,0.5735735735735735,0,1,Akali,Tryndamere,Sylas,Sivir,Nautilus,Zed,Nocturne,Shyvana,Caitlyn,Camille
BR1_3247811637,1780363861105,2026-06-01 22:31:01,2093,0,0.5531914893617021,,1,0,Zed,Quinn,Karthus,Senna,Leona,Jax,Kayn,Lux,Syndra,Nautilus
BR1_3248229104,1780496330726,2026-06-03 11:18:50,912,0,,0.5644028103044496,0,1,DrMundo,JarvanIV,Sylas,Corki,Pantheon,Garen,Graves,Lux,Swain,Nautilus
BR1_3249703718,1780809924631,2026-06-07 02:25:24,1767,1,0.5698479152426521,0.5515871618846447,2,2,Vladimir,LeeSin,Cassiopeia,Senna,Leona,Ryze,MonkeyKing,Syndra,Draven,Thresh
BR1_3249736914,1780836621767,2026-06-07 09:50:21,1405,1,,0.5437956204379562,0,1,Illaoi,Evelynn,Nasus,Senna,Neeko,Ornn,Elise,Vladimir,Smolder,Leona
BR1_3248053526,1780441622270,2026-06-02 20:07:02,2164,1,0.5563430226750574,,2,0,Sion,MasterYi,Zed,Hwei,Sona,Vayne,Qiyana,Viktor,Smolder,Karma
BR1_3249343770,1780725559274,2026-06-06 02:59:19,1886,0,0.5451261701261702,,2,0,Jayce,Sylas,Yasuo,Lucian,Nami,Singed,Naafiri,TwistedFate,Karthus,Rakan
BR1_3248399972,1780532513811,2026-06-03 21:21:53,1663,1,0.6353168843734882,0.5635124156325173,2,4,MasterYi,Taliyah,Jayce,Brand,Bard,Ahri,Zed,Orianna,Velkoz,Soraka
BR1_3247995758,1780431564247,2026-06-02 17:19:24,68,1,,0.5619469026548672,0,1,Yorick,MonkeyKing,Zed,Nilah,Bard,Gwen,Rengar,Fizz,Senna,Sona
BR1_3248958813,1780632881602,2026-06-05 01:14:41,73,0,,0.5501618122977346,0,1,Malphite,Qiyana,AurelionSol,Caitlyn,Zac,Yasuo,Viego,Ahri,Xayah,Karma
BR1_3249515600,1780778832643,2026-06-06 17:47:12,1480,0,,0.546,0,1,Camille,Talon,Sona,Seraphine,Swain,Ambessa,XinZhao,Lissandra,Anivia,Pyke
BR1_3248202046,1780471541208,2026-06-03 04:25:41,1463,0,0.5577999668970092,0.5621832358674465,3,3,Renekton,Quinn,Galio,Ashe,Karma,Pantheon,Naafiri,Kayle,Jinx,Thresh
BR1_3247891748,1780397231838,2026-06-02 07:47:11,1826,0,0.5501618122977346,0.5884476534296029,1,1,Jayce,Viego,Akali,Karthus,Senna,Jax,LeeSin,TwistedFate,Ezreal,Nautilus
BR1_3248382766,1780530385113,2026-06-03 20:46:25,2051,1,,0.5853994490358126,0,1,Malphite,Lillia,TwistedFate,Nilah,Pyke,Mordekaiser,LeeSin,Viktor,Kalista,Alistar
BR1_3249540430,1780782693734,2026-06-06 18:51:33,73,0,0.5441176470588235,,1,0,Vladimir,Viego,Malzahar,Zeri,Rakan,DrMundo,Talon,Viktor,Lucian,Lulu
BR1_3249045913,1780676590162,2026-06-05 13:23:10,1616,0,0.5361578993365131,0.5520223169404356,3,2,Irelia,Ambessa,Syndra,Aphelios,Lissandra,Volibear,Hecarim,Ahri,Ziggs,Senna
BR1_3249827570,1780855709604,2026-06-07 15:08:29,1714,0,,0.522154648132059,0,1,Renekton,JarvanIV,Ornn,Brand,Bard,Shen,LeeSin,Sylas,Caitlyn,TwistedFate
BR1_3249224858,1780706321490,2026-06-05 21:38:41,2267,0,0.5862068965517241,0.5948260027704859,1,2,Garen,Shaco,Vladimir,Brand,Lux,Anivia,LeeSin,Swain,Twitch,Rakan
BR1_3247960486,1780423772071,2026-06-02 15:09:32,1400,1,0.5421500961034422,0.5260852161326887,2,3,Olaf,Talon,Aurora,Lucian,Braum,Rumble,Elise,Cassiopeia,Brand,Nautilus
BR1_3247702698,1780349861828,2026-06-01 18:37:41,919,1,0.6093117408906883,0.6068052930056711,1,1,Mordekaiser,Naafiri,Yone,Caitlyn,Camille,Darius,JarvanIV,Leblanc,Ezreal,Bard
BR1_3248785440,1780610935020,2026-06-04 19:08:55,954,1,,0.66,0,1,KSante,XinZhao,Hwei,Ashe,Seraphine,Gnar,Vi,Vladimir,Kaisa,TwistedFate
BR1_3249207098,1780703773070,2026-06-05 20:56:13,1736,1,0.5507936507936508,0.5168661588683352,1,1,Riven,Nidalee,Zed,Caitlyn,Anivia,Gangplank,Shaco,Lux,Ziggs,Leona
BR1_3248603942,1780586452132,2026-06-04 12:20:52,2558,0,0.5118343195266272,0.5735735735735735,1,1,KSante,Ekko,Leblanc,Varus,Alistar,Gangplank,Hecarim,Zed,AurelionSol,Seraphine
BR1_3248882675,1780621819218,2026-06-04 22:10:19,1889,0,0.5624478507250159,0.6938775510204082,2,1,Shen,Graves,XinZhao,Senna,Karma,Volibear,Gwen,Orianna,Caitlyn,Lux
BR1_3248433621,1780536405785,2026-06-03 22:26:45,1147,0,,0.5118343195266272,0,1,LeeSin,Hecarim,Ekko,Zeri,Lulu,Poppy,Udyr,Skarner,Varus,Thresh
BR1_3248288156,1780513428924,2026-06-03 16:03:48,1844,0,,0.5522788203753352,0,1,Anivia,Kayn,Hwei,Twitch,Milio,Yorick,LeeSin,Lux,TwistedFate,Lulu
BR1_3249101886,1780687582406,2026-06-05 16:26:22,1794,1,0.5304054054054054,0.5393394909022442,1,2,KSante,Rengar,Katarina,Caitlyn,Zilean,Anivia,Hecarim,Fizz,Lux,Seraphine
BR1_3249907456,1780866108200,2026-06-07 18:01:48,1831,1,0.5361328125,0.543450064850843,1,1,Lucian,Tryndamere,Poppy,Caitlyn,Xerath,Garen,Lillia,Yasuo,Viktor,Bard
BR1_3248384285,1780530572487,2026-06-03 20:49:32,1672,0,0.5259259259259259,,1,0,Kassadin,Kindred,Galio,Yasuo,Rell,KSante,Gragas,Diana,Lucian,Poppy
BR1_3249449172,1780768113090,2026-06-06 14:48:33,943,1,0.5363128491620112,0.624,1,1,Darius,Talon,Ekko,Draven,Karma,Aurora,Nasus,Veigar,Lucian,Milio
BR1_3248177901,1780459483637,2026-06-03 01:04:43,2333,1,0.5658747300215983,0.5411119490468688,1,2,Sion,Kindred,Katarina,Lux,Rell,Olaf,Rammus,Yasuo,Ziggs,Zilean
BR1_3247817080,1780364388689,2026-06-01 22:39:48,1598,0,,0.5486322188449848,0,1,Riven,Warwick,TahmKench,Smolder,Sona,Darius,Viego,Ryze,Tristana,Shen
BR1_3249633003,1780797059098,2026-06-06 22:50:59,1541,0,0.5454839400428266,0.5804468165062618,2,3,DrMundo,MasterYi,Sylas,Jhin,Sona,Yone,Ekko,TwistedFate,Karthus,Tryndamere
BR1_3248756863,1780607697465,2026-06-04 18:14:57,1596,0,0.5192582025677603,0.651595744680851,1,1,Ambessa,Vi,Naafiri,Morgana,Neeko,Kennen,Gangplank,Orianna,Xayah,Karma
BR1_3249354995,1780735679435,2026-06-06 05:47:59,1291,1,0.5455638932775932,,2,0,Anivia,Viego,Ahri,Caitlyn,Xerath,Olaf,Ekko,Syndra,Aphelios,Karma
BR1_3248234599,1780498560228,2026-06-03 11:56:00,1738,1,0.5254470426409904,0.6309728183118741,1,2,Malzahar,Shaco,XinZhao,Kaisa,Rakan,Ekko,Talon,Cassiopeia,Xayah,Thresh
BR1_3249038176,1780673956388,2026-06-05 12:39:16,1912,1,0.5627009646302251,,1,0,Shen,LeeSin,Hwei,Senna,Bard,Aurora,JarvanIV,Viktor,Aphelios,Thresh
BR1_3247706234,1780350208568,2026-06-01 18:43:28,1415,1,0.5562913907284768,,1,0,Jayce,Hecarim,Ahri,Vayne,Lulu,Shaco,Shyvana,Sylas,Draven,Leona
BR1_3249790672,1780849631655,2026-06-07 13:27:11,950,0,0.5780148569622254,0.5731208015032203,2,4,Yone,Sylas,Zed,Caitlyn,Morgana,Anivia,Viego,Yasuo,Yunara,Zoe
BR1_3247580200,1780306257153,2026-06-01 06:30:57,1515,0,,0.5392662133185047,0,2,Volibear,Rengar,Talon,Vex,Lux,Shen,Viego,Quinn,Karthus,Nautilus
BR1_3248423710,1780535268679,2026-06-03 22:07:48,2386,0,0.532989300603752,0.5573097960916908,3,4,Gnar,LeeSin,Syndra,Jhin,Neeko,Vayne,Graves,Annie,Ashe,Karma
BR1_3249796090,1780850301832,2026-06-07 13:38:21,1972,1,,0.511686143572621,0,1,Gangplank,Rengar,Ahri,Ashe,Seraphine,Rumble,Pantheon,Irelia,Xerath,Senna
BR1_3247628022,1780331733075,2026-06-01 13:35:33,1508,1,0.5205091937765205,0.5543766578249337,1,1,Aatrox,Rammus,Anivia,Lucian,Milio,Irelia,Shaco,Zoe,Ziggs,Bard
BR1_3247679922,1780345261586,2026-06-01 17:21:01,995,0,0.5259259259259259,0.5404640267445145,1,2,Yone,Graves,Xerath,Jayce,Thresh,Gangplank,Kayn,Anivia,Swain,Nautilus
BR1_3249570981,1780788455075,2026-06-06 20:27:35,241,1,0.5689585131772712,0.605011655011655,2,2,Yorick,Kayn,Karthus,Draven,Alistar,Vayne,Ekko,Naafiri,Kalista,Janna
BR1_3249193754,1780702178078,2026-06-05 20:29:38,1666,0,,0.5680851063829787,0,1,Zed,Talon,Veigar,Twitch,Lulu,Shen,Gwen,Ahri,Nilah,Rakan
BR1_3248970570,1780635964043,2026-06-05 02:06:04,1893,1,0.5505226480836237,0.5501618122977346,1,1,Vladimir,Shaco,Leblanc,Vayne,Soraka,Yorick,RekSai,Yasuo,Caitlyn,Lux
BR1_3247439273,1780270484176,2026-05-31 20:34:44,1411,1,0.5243328100470958,0.5205091937765205,1,1,Camille,Kayn,TwistedFate,Caitlyn,Elise,Sion,Aatrox,Ahri,Yunara,Lulu
BR1_3249691276,1780806494663,2026-06-07 01:28:14,1702,1,0.5373699148533586,,1,0,Gragas,Talon,Lux,Yasuo,Nautilus,Olaf,XinZhao,Fizz,Sivir,Bard
BR1_3247454429,1780272205049,2026-05-31 21:03:25,1158,1,,0.5535567801361219,0,3,Sion,Talon,Aurora,Jinx,Pyke,Cassiopeia,Kayn,Qiyana,Caitlyn,Lux
BR1_3248109545,1780448449042,2026-06-02 22:00:49,1487,1,0.558505546828981,0.5901386748844376,2,1,Irelia,Kindred,Galio,Ezreal,Milio,Renekton,Lillia,Katarina,Jhin,Nautilus
BR1_3247852002,1780369662145,2026-06-02 00:07:42,1522,0,0.5563598759048604,0.5384532847475492,1,2,Nasus,JarvanIV,Ahri,Kaisa,Rell,Renekton,Kayn,TwistedFate,Smolder,Alistar
BR1_3248536929,1780553057244,2026-06-04 03:04:17,1145,1,,0.5422535211267606,0,1,Renekton,Ekko,Katarina,Varus,Pantheon,Yorick,Aatrox,Ryze,Seraphine,Soraka
BR1_3249952907,1780871836602,2026-06-07 19:37:16,1671,1,0.5317491586913525,0.537848872955256,2,2,Vayne,Hecarim,Vladimir,Caitlyn,Heimerdinger,KSante,Nocturne,Ryze,Ezreal,Bard
BR1_3247970935,1780426096626,2026-06-02 15:48:16,1102,1,0.504907306434024,,1,0,Ambessa,Elise,Akshan,Smolder,Skarner,Alistar,Rengar,Viktor,Tristana,Janna
BR1_3249458288,1780769648686,2026-06-06 15:14:08,1740,0,,0.5562913907284768,0,1,Akali,Naafiri,Viktor,Seraphine,Nautilus,Mordekaiser,MonkeyKing,Kassadin,Jinx,Soraka
BR1_3248732308,1780604538610,2026-06-04 17:22:18,1362,1,0.5383962097567694,0.5698479152426521,4,2,Ambessa,Nocturne,Chogath,Senna,Sona,Rumble,Qiyana,Ahri,Zeri,Yuumi
BR1_3248235770,1780498849009,2026-06-03 12:00:49,1716,0,0.6007307799483103,0.5725202659012881,3,4,Riven,Briar,Akali,Ezreal,Sona,Renekton,Ambessa,Viktor,Karthus,Rell
BR1_3249507188,1780777401329,2026-06-06 17:23:21,2233,0,0.5663322185061316,0.5847255369928401,1,1,Illaoi,RekSai,Irelia,Smolder,Soraka,Riven,Warwick,Anivia,Jinx,Bard
BR1_3247686097,1780346099248,2026-06-01 17:34:59,1750,1,0.5980862458438032,0.5406136688032483,2,2,Rumble,Trundle,Qiyana,Ezreal,TwistedFate,Akali,Rammus,Zed,Ashe,Seraphine
BR1_3249088888,1780685343783,2026-06-05 15:49:03,1674,1,0.5743577075098815,0.5722955356143129,2,3,Riven,Evelynn,Yasuo,Lucian,Milio,XinZhao,Rengar,Anivia,Caitlyn,Janna
BR1_3248913275,1780625340640,2026-06-04 23:09:00,470,0,0.5902433061240585,0.5607124241094699,3,2,Aatrox,RekSai,Ahri,Brand,Senna,Ambessa,Viego,Cassiopeia,Kaisa,Nautilus
BR1_3248230279,1780496685380,2026-06-03 11:24:45,1415,0,,0.5666666666666667,0,1,Jayce,Udyr,Annie,Ashe,Janna,Swain,DrMundo,TwistedFate,Corki,Soraka
BR1_3248120142,1780449571726,2026-06-02 22:19:31,1843,1,,0.5661375661375662,0,1,Jayce,RekSai,Taliyah,Ezreal,Seraphine,Gragas,JarvanIV,Diana,Cassiopeia,Nautilus
BR1_3247937104,1780417072534,2026-06-02 13:17:52,1107,1,0.5414012738853503,0.6938775510204082,1,1,Varus,Olaf,Veigar,Brand,Nautilus,Malphite,Quinn,Malzahar,Caitlyn,Lulu
BR1_3247829234,1780366070397,2026-06-01 23:07:50,1691,1,0.5511567383456664,0.5563368155206061,2,2,Zed,Vayne,Veigar,Caitlyn,Leona,Pantheon,Chogath,Akali,MissFortune,Lux
BR1_3248400019,1780532409441,2026-06-03 21:20:09,1949,1,,0.5244444444444445,0,1,Vladimir,Viego,Lux,Vayne,Milio,Anivia,Hecarim,Lissandra,Xayah,Neeko
BR1_3247604735,1780324719693,2026-06-01 11:38:39,2361,0,,0.5357142857142857,0,1,Vayne,Ekko,Quinn,Kaisa,Senna,Kayle,Viego,Ahri,Ezreal,Nidalee
BR1_3248195493,1780465781202,2026-06-03 02:49:41,1861,1,0.5867720090293453,0.5470236548641676,2,2,Yorick,XinZhao,Ekko,Vladimir,Neeko,Yone,Kayn,Orianna,Sivir,Lulu
BR1_3247655490,1780339233814,2026-06-01 15:40:33,1873,0,0.5789350637733839,0.5382027027027028,2,2,Jax,Udyr,Anivia,Seraphine,Sona,Olaf,LeeSin,Hwei,Caitlyn,Senna
BR1_3247599679,1780322507305,2026-06-01 11:01:47,1466,1,,0.5666666666666667,0,1,Irelia,Rengar,Ahri,Yunara,Lulu,Katarina,Talon,Viktor,Aphelios,Karma
BR1_3249581694,1780790199394,2026-06-06 20:56:39,1357,1,0.5470097063965756,0.5485074626865671,2,1,Shen,Zyra,Zed,Nilah,Pyke,Yorick,Hecarim,Graves,KogMaw,Bard
BR1_3249690547,1780806269398,2026-06-07 01:24:29,2012,0,,0.5424769703172978,0,1,Shen,Vi,Zoe,Vladimir,Seraphine,Singed,Kayn,Zed,Katarina,Yuumi
BR1_3248461357,1780539450710,2026-06-03 23:17:30,1867,1,,0.6190476190476191,0,1,Gangplank,Nidalee,Quinn,Seraphine,Sona,Yasuo,Rengar,Zoe,Ezreal,Rell
BR1_3247997610,1780432216525,2026-06-02 17:30:16,1367,1,0.6938775510204082,0.5619469026548672,1,1,Jayce,MasterYi,Irelia,Samira,Seraphine,Malphite,Kayn,TwistedFate,Nilah,Blitzcrank
BR1_3249592493,1780791917484,2026-06-06 21:25:17,1487,1,0.5561891590933583,0.5867159587137754,2,2,Rumble,Naafiri,Ryze,MissFortune,Ashe,Yorick,Shyvana,Akshan,Caitlyn,Lux
BR1_3248345136,1780524907151,2026-06-03 19:15:07,1347,0,,0.5627009646302251,0,1,Vayne,LeeSin,Ahri,Xayah,Rakan,Draven,Nasus,Diana,Ezreal,Karma
BR1_3249560363,1780786350494,2026-06-06 19:52:30,1470,0,0.5585822684832586,0.5642489953285327,2,2,Kayle,Sylas,Yasuo,Senna,Nautilus,Jax,Malphite,Orianna,Sivir,Neeko
BR1_3248203246,1780473228630,2026-06-03 04:53:48,1503,1,0.5562913907284768,0.504907306434024,1,1,Jayce,Udyr,Kassadin,Tristana,Swain,Gnar,Elise,Mel,Vayne,Braum
BR1_3248328530,1780522287749,2026-06-03 18:31:27,1424,1,0.5312954876273653,0.5407748211002237,1,2,Ambessa,Shaco,Sylas,Senna,Rakan,Olaf,Elise,Chogath,Tristana,Alistar
BR1_3247599294,1780321873577,2026-06-01 10:51:13,2368,1,0.5735735735735735,,1,0,Shen,Udyr,Zed,Yunara,Lux,Malphite,XinZhao,Ekko,Ezreal,Bard
BR1_3249487510,1780774504491,2026-06-06 16:35:04,1812,0,,0.5192582025677603,0,1,Warwick,Ekko,Zed,Sivir,Leona,Sion,Rammus,Lux,Senna,Nautilus
BR1_3248099472,1780447092696,2026-06-02 21:38:12,1740,1,0.66,0.5534682080924855,1,1,Velkoz,Aatrox,Vladimir,Draven,Nautilus,Swain,Quinn,Ahri,Vayne,Milio
BR1_3248553552,1780568865084,2026-06-04 07:27:45,1520,0,0.5605745376152753,0.5456646423751688,2,2,Diana,JarvanIV,Taliyah,Ezreal,Senna,Jayce,Ambessa,Katarina,Jhin,Rell
BR1_3248221730,1780494113332,2026-06-03 10:41:53,1959,0,0.5514950166112956,0.5638931544226029,1,3,Akali,LeeSin,Jax,Ezreal,Senna,Gragas,Diana,Yasuo,Jhin,Karma
BR1_3247700603,1780349427702,2026-06-01 18:30:27,1331,0,0.539580265095729,0.5451763507943396,2,3,Sion,LeeSin,Katarina,Jinx,Thresh,Gwen,Graves,Kayle,Tristana,Sona
BR1_3248171203,1780456885653,2026-06-03 00:21:25,1674,1,0.5710382513661202,,1,0,Darius,Qiyana,Talon,Zeri,Sona,Ambessa,Pantheon,Ahri,Jinx,Lulu
BR1_3248294332,1780514826077,2026-06-03 16:27:06,1374,0,0.570230607966457,0.5718236991344146,1,2,Renekton,Diana,Yone,Ashe,Nautilus,Tryndamere,JarvanIV,Lux,Caitlyn,Rell
BR1_3247840546,1780367970780,2026-06-01 23:39:30,1594,1,0.5798657718120805,0.5712630359212051,1,1,Ekko,Zed,Aurora,Ezreal,Milio,Mordekaiser,Talon,Qiyana,Cassiopeia,Pyke
BR1_3249548620,1780784246524,2026-06-06 19:17:26,2000,0,0.5192582025677603,0.5254470426409904,1,1,Jax,Viego,Aurora,Mel,TwistedFate,Chogath,LeeSin,Quinn,Brand,Seraphine
BR1_3249414352,1780761589298,2026-06-06 12:59:49,1866,0,0.5631868131868132,,1,0,Gragas,Qiyana,Viktor,Brand,Pantheon,Riven,Sylas,Yone,Yunara,Nidalee
BR1_3249594662,1780792228147,2026-06-06 21:30:28,917,0,0.5434462444771723,0.5557422809616042,1,2,Cassiopeia,Ambessa,Zoe,Smolder,Janna,Zac,Hecarim,Katarina,Jhin,Rell
BR1_3247689653,1780347236433,2026-06-01 17:53:56,1350,1,,0.5280748663101604,0,1,Gragas,Nunu,Qiyana,Caitlyn,Nami,Aurora,Vi,Veigar,Lux,Leona
BR1_3248721132,1780603113677,2026-06-04 16:58:33,1600,1,0.5868610261573238,0.6193605422349645,2,3,Renekton,Nidalee,Vladimir,Lucian,Pyke,Gangplank,LeeSin,Lux,Caitlyn,Alistar
BR1_3249283259,1780713321051,2026-06-05 23:35:21,1321,0,,0.5798657718120805,0,1,Warwick,Nidalee,Swain,Jhin,Karma,Riven,Kayn,TwistedFate,Ashe,Milio
BR1_3247943271,1780418882042,2026-06-02 13:48:02,2092,1,,0.5862068965517241,0,1,Ryze,JarvanIV,Vladimir,Varus,Seraphine,Garen,Nunu,Xerath,Ashe,Sona
BR1_3248260422,1780506682451,2026-06-03 14:11:22,1953,1,0.5501618122977346,,1,0,Yorick,Viego,TwistedFate,Aphelios,Rell,Renekton,LeeSin,Katarina,Xayah,Rakan
BR1_3248624887,1780590456054,2026-06-04 13:27:36,1743,1,0.511686143572621,,1,0,Irelia,MonkeyKing,Gragas,Swain,Leona,Vladimir,Ambessa,Syndra,Yunara,Milio
BR1_3249056846,1780679089420,2026-06-05 14:04:49,1737,0,,0.5986238532110092,0,1,Sion,Ekko,Veigar,Sivir,Yuumi,Garen,Karthus,Zed,Varus,Thresh
BR1_3249388999,1780756426579,2026-06-06 11:33:46,1564,0,0.5544871794871795,,1,0,Illaoi,Graves,Ekko,Lucian,Lulu,XinZhao,Vi,Yasuo,Ziggs,Senna
BR1_3249116615,1780690100761,2026-06-05 17:08:20,2140,1,,0.5260361317747078,0,1,Jax,Karthus,Akshan,Ashe,Morgana,Varus,LeeSin,Fizz,Lucian,Sona
BR1_3249000242,1780662319809,2026-06-05 09:25:19,1618,0,0.5544871794871795,0.5562913907284768,1,1,Gragas,Naafiri,Veigar,Tristana,Thresh,Gangplank,Rengar,Ryze,Corki,Sona
BR1_3248556483,1780571947352,2026-06-04 08:19:07,956,0,,0.5562913907284768,0,1,Garen,Ekko,Skarner,Ezreal,Qiyana,Darius,LeeSin,Ahri,Caitlyn,Nami
BR1_3248635630,1780591813393,2026-06-04 13:50:13,1692,1,0.5981308411214953,0.5648956613401245,1,2,Renekton,Pantheon,Diana,Caitlyn,Seraphine,Vayne,LeeSin,TwistedFate,Ezreal,Thresh
BR1_3247695651,1780348453029,2026-06-01 18:14:13,1639,0,0.5425507887434662,0.5391304347826087,2,1,Anivia,LeeSin,Syndra,Ashe,Seraphine,Irelia,Talon,AurelionSol,Draven,Bard
BR1_3248227692,1780495928435,2026-06-03 11:12:08,1631,0,0.5522788203753352,0.5955284552845529,1,1,Shen,Khazix,Fizz,Lucian,Pantheon,Vayne,Graves,Akali,Kaisa,Pyke
BR1_3247764600,1780358362278,2026-06-01 20:59:22,1519,0,,0.5327014218009478,0,1,TahmKench,Briar,Galio,Jinx,Nami,KSante,Karthus,Ahri,Lucian,Thresh
BR1_3248309569,1780518466223,2026-06-03 17:27:46,1407,0,,0.5327014218009478,0,1,Kayle,Ekko,Ryze,Varus,Neeko,Yasuo,Talon,Karthus,Jhin,Alistar
BR1_3247889241,1780389951112,2026-06-02 05:45:51,1346,0,,0.558667676003028,0,1,Shen,Rengar,TwistedFate,Ziggs,Xerath,Garen,Quinn,Diana,Ezreal,Leona
BR1_3249106959,1780688472263,2026-06-05 16:41:12,2136,0,,0.5394748263888889,0,3,Ambessa,XinZhao,Ahri,Zeri,Zilean,Poppy,Talon,Brand,Kaisa,Nautilus
BR1_3249934912,1780869614043,2026-06-07 19:00:14,2146,0,,0.5363128491620112,0,1,Gangplank,Jayce,Kassadin,Syndra,Rell,KSante,Viego,Ekko,Ezreal,Alistar
BR1_3248440367,1780537098921,2026-06-03 22:38:18,2171,0,,0.5480769230769231,0,1,Quinn,Kayn,Lux,Caitlyn,Bard,Rumble,LeeSin,Kayle,Syndra,Seraphine
BR1_3248545138,1780556471540,2026-06-04 04:01:11,974,0,0.5631868131868132,,1,0,KSante,Ekko,Akali,Twitch,Thresh,Kayle,Hecarim,Yasuo,Tristana,Soraka
BR1_3249342410,1780724732144,2026-06-06 02:45:32,1681,1,0.5438074427573814,0.5754042452333299,3,2,Rumble,LeeSin,Zed,Veigar,Senna,Sylas,Riven,Gangplank,Lucian,Rell
BR1_3248982859,1780642948098,2026-06-05 04:02:28,1193,0,0.5369388806023155,0.6011008918617615,2,2,Jax,Diana,Yasuo,Senna,Gragas,Elise,JarvanIV,Yone,Vayne,Camille
BR1_3248086406,1780445574022,2026-06-02 21:12:54,965,0,0.5663322185061316,0.6070798368613863,1,3,TwistedFate,Khazix,Ekko,Ashe,Alistar,Gangplank,RekSai,Zac,Mel,Bard
BR1_3247498267,1780276944759,2026-05-31 22:22:24,2081,1,0.5450819672131147,0.5531914893617021,1,1,Sion,Talon,Zed,AurelionSol,Nami,Yasuo,DrMundo,Karthus,Kaisa,Zilean
BR1_3249193107,1780701816038,2026-06-05 20:23:36,1116,0,0.5625945023495345,0.5605181121318975,4,4,Jayce,LeeSin,Singed,Ezreal,Zilean,Poppy,Hecarim,Ryze,Lux,TwistedFate
BR1_3248805074,1780613061475,2026-06-04 19:44:21,1517,0,0.5531914893617021,,1,0,Gragas,Zac,Zoe,Karthus,Nautilus,Yone,Jax,Anivia,Varus,Senna
BR1_3248530719,1780550563110,2026-06-04 02:22:43,1419,0,0.5412532611273619,0.624,2,1,Renekton,Zaahen,Kayle,Viktor,LeeSin,Garen,Nasus,Xerath,Xayah,Sona
BR1_3249854696,1780859321171,2026-06-07 16:08:41,1719,0,0.5361328125,0.5419726775956285,1,3,Poppy,Khazix,Zed,Ziggs,Bard,Trundle,Evelynn,Yone,Seraphine,Sona
BR1_3248036184,1780439118575,2026-06-02 19:25:18,1707,1,,0.5446009389671361,0,1,Zed,Kayn,Orianna,Karthus,Velkoz,Draven,Graves,Kassadin,Ashe,Seraphine
BR1_3248870994,1780620610020,2026-06-04 21:50:10,1254,1,,0.5291924518226807,0,2,Jayce,LeeSin,Zed,Xerath,Rell,Gwen,Kayn,Diana,Mel,Leona
BR1_3249233322,1780707083978,2026-06-05 21:51:23,1418,1,0.5618556701030928,0.5168661588683352,1,1,Anivia,Ivern,Mel,Tristana,Rell,Yone,RekSai,Orianna,Vayne,TwistedFate
BR1_3248563970,1780576697353,2026-06-04 09:38:17,933,1,0.6019736842105263,0.572289156626506,1,1,Yone,Vi,Ahri,Kaisa,Nautilus,Gangplank,Skarner,Vex,Veigar,Alistar
BR1_3249429446,1780764670415,2026-06-06 13:51:10,1844,0,0.5107741420590582,0.5438914027149321,1,1,Malphite,Ekko,Zoe,Ashe,Seraphine,Sylas,MasterYi,Galio,AurelionSol,Mel
BR1_3247868965,1780374836314,2026-06-02 01:33:56,1637,1,,0.540796963946869,0,1,Akali,Nidalee,Jayce,Vayne,Rakan,KSante,Kayn,Yasuo,Ezreal,Yuumi
BR1_3248208578,1780487242766,2026-06-03 08:47:22,1556,1,0.554639175257732,0.6190476190476191,1,1,Irelia,Talon,Malzahar,Jinx,Thresh,Rumble,JarvanIV,Taliyah,Lucian,Maokai
BR1_3248827146,1780615557495,2026-06-04 20:25:57,1587,0,0.5568700031192515,0.610287728649958,2,2,Gangplank,Kayn,Veigar,Kaisa,Poppy,TwistedFate,Nocturne,Galio,MissFortune,Rell
BR1_3247665806,1780341903042,2026-06-01 16:25:03,1465,0,0.5385527960825507,0.5324257980280258,3,2,Viktor,LeeSin,Riven,Ezreal,Mel,KSante,Shaco,Irelia,Kalista,Morgana
BR1_3249356548,1780736316328,2026-06-06 05:58:36,1145,1,0.5393200037484134,,2,0,Heimerdinger,Nasus,Tristana,Seraphine,Brand,Renekton,Talon,Yasuo,Jinx,Soraka
BR1_3248984361,1780643527280,2026-06-05 04:12:07,1307,1,,0.5454545454545454,0,1,Trundle,Viego,Zoe,KogMaw,Rakan,Varus,LeeSin,Chogath,Draven,Pyke
BR1_3249847574,1780858484374,2026-06-07 15:54:44,1416,0,0.5107741420590582,0.540796963946869,1,1,Yone,Naafiri,Syndra,Samira,Lissandra,Vayne,Ekko,Talon,Ashe,Yuumi
BR1_3248888771,1780622621320,2026-06-04 22:23:41,1918,0,0.580696386946387,0.5577456744056362,2,5,Chogath,Gragas,Quinn,Smolder,Brand,Lissandra,Talon,TwistedFate,Ezreal,Nautilus
BR1_3247467449,1780273624028,2026-05-31 21:27:04,1472,0,0.5834070375850354,0.558357081763972,2,3,Vayne,JarvanIV,Sylas,Kalista,Alistar,Jax,LeeSin,Mel,Varus,Nautilus
BR1_3248022040,1780436507998,2026-06-02 18:41:47,1704,0,0.5572017800933463,0.597469376331024,2,3,Yasuo,Lillia,LeeSin,Xayah,Soraka,FiddleSticks,MasterYi,Akali,Sivir,Zilean
BR1_3248255391,1780504622272,2026-06-03 13:37:02,1687,1,0.5446009389671361,,1,0,Akali,Zaahen,Malzahar,Samira,Pyke,Irelia,Shaco,Viktor,Ashe,Braum
BR1_3249726266,1780824997557,2026-06-07 06:36:37,1538,0,,0.5193905817174516,0,1,Malphite,Kayn,Kassadin,Yunara,Swain,Mordekaiser,Nidalee,Yasuo,Ashe,Thresh
BR1_3248934493,1780628187735,2026-06-04 23:56:27,1294,0,,0.6096866096866097,0,1,Sion,Gragas,Zed,Lucian,Milio,Aatrox,Ivern,Ahri,Yunara,Lulu
BR1_3247923137,1780412550990,2026-06-02 12:02:30,1746,0,,0.5596330275229358,0,1,Singed,Kayn,Leblanc,Aphelios,Anivia,Gnar,Rengar,Akali,Jinx,Lulu
BR1_3247462399,1780273092150,2026-05-31 21:18:12,1251,0,,0.5586508733709903,0,2,Kalista,Viego,Singed,Lux,Maokai,Warwick,LeeSin,Ahri,KogMaw,Lulu
BR1_3249761127,1780843121910,2026-06-07 11:38:41,1631,0,0.5562913907284768,0.5514950166112956,1,1,Akali,Lillia,Nami,Vayne,Akshan,Ambessa,LeeSin,Qiyana,Singed,Rakan
BR1_3249251298,1780709355803,2026-06-05 22:29:15,1620,0,0.5636658726692719,0.5637646260258907,3,3,Gragas,Kindred,LeeSin,Caitlyn,Lux,Vayne,XinZhao,TwistedFate,Ashe,Seraphine
BR1_3247788283,1780361078630,2026-06-01 21:44:38,2212,1,0.5486322188449848,,1,0,Aatrox,Qiyana,Ryze,Varus,Lulu,Renekton,Hecarim,Ekko,Yunara,Milio
BR1_3249105291,1780687863663,2026-06-05 16:31:03,1803,0,0.5198647506339814,0.5765393676518159,1,3,Malphite,Talon,Viego,Corki,Nami,Vayne,JarvanIV,Kassadin,Ezreal,Karma
BR1_3249455776,1780769573636,2026-06-06 15:12:53,1884,0,0.540796963946869,0.558974358974359,1,1,Malphite,Kayn,Orianna,Ezreal,Pyke,Brand,RekSai,Draven,Jhin,Karma
BR1_3248209265,1780486135930,2026-06-03 08:28:55,88,1,0.5363128491620112,0.545816733067729,1,1,Darius,JarvanIV,Akali,Twitch,Lulu,Teemo,Sion,Yasuo,Lucian,Nami
BR1_3248340461,1780524306455,2026-06-03 19:05:06,1953,0,0.5862068965517241,0.6102564102564103,1,1,Malphite,FiddleSticks,Garen,Caitlyn,Sona,Jayce,Kayn,Annie,Brand,Bard
BR1_3249502587,1780776807296,2026-06-06 17:13:27,1726,0,,0.5437956204379562,0,1,Sion,JarvanIV,Talon,Caitlyn,Bard,Ambessa,Darius,Zoe,Hwei,Nami
BR1_3249745692,1780839469061,2026-06-07 10:37:49,1658,1,0.5482093663911846,0.5530903021857182,1,3,Jax,MonkeyKing,Orianna,Kaisa,Rell,Yasuo,Talon,Aurora,Jinx,Nautilus
BR1_3248987326,1780646805580,2026-06-05 05:06:45,1831,1,,0.504907306434024,0,1,Shen,MasterYi,Malzahar,Jhin,Rakan,Aatrox,Elise,Smolder,Caitlyn,Pyke
BR1_3247908472,1780408025267,2026-06-02 10:47:05,927,0,,0.6952789699570815,0,1,Sion,JarvanIV,Leblanc,AurelionSol,Nami,Ambessa,LeeSin,Viktor,Ezreal,Karma
BR1_3247900830,1780405046628,2026-06-02 09:57:26,1301,0,0.5280748663101604,,1,0,Shen,RekSai,Xerath,Caitlyn,Thresh,Sett,Rammus,Heimerdinger,Ezreal,Bard
BR1_3249270443,1780711732664,2026-06-05 23:08:52,2170,0,,0.5531914893617021,0,1,Malphite,Kayn,Cassiopeia,Senna,Alistar,DrMundo,Zaahen,Karthus,Twitch,Zoe
BR1_3247639386,1780335096598,2026-06-01 14:31:36,1590,1,0.5714285714285714,0.5901386748844376,1,1,Renekton,Rengar,Vex,Varus,Zoe,LeeSin,XinZhao,Katarina,Caitlyn,Morgana
BR1_3247474239,1780274285500,2026-05-31 21:38:05,1622,0,0.5955284552845529,0.5656883178587248,1,4,KSante,LeeSin,Taliyah,Akshan,Sona,Kayle,Ambessa,Seraphine,Ezreal,Soraka
BR1_3248618611,1780588963380,2026-06-04 13:02:43,1444,0,0.5431841831425598,0.5862068965517241,1,1,Gangplank,Olaf,TwistedFate,Nilah,Yuumi,Garen,Shaco,Viktor,Ahri,Rell
BR1_3248016874,1780436285640,2026-06-02 18:38:05,1381,0,0.5534682080924855,0.5703977686150861,1,2,Lissandra,Khazix,Vladimir,Varus,Nautilus,Tryndamere,Taliyah,Galio,Xayah,Nami
BR1_3249558638,1780786119269,2026-06-06 19:48:39,1838,0,0.5666666666666667,,1,0,Riven,Talon,Viktor,Kaisa,Elise,Garen,RekSai,Diana,Smolder,Karma
BR1_3247930511,1780415459855,2026-06-02 12:50:59,1412,0,,0.6093117408906883,0,1,DrMundo,Talon,Sylas,Lucian,Nautilus,Varus,Naafiri,Ryze,Seraphine,Alistar
BR1_3248530113,1780549893830,2026-06-04 02:11:33,1921,1,0.5449678800856531,,1,0,Anivia,Karthus,Vayne,Kaisa,Lux,Tristana,Lillia,Irelia,Vladimir,Karma
BR1_3248222863,1780494552103,2026-06-03 10:49:12,1638,0,0.6689655172413793,0.5691699604743083,1,1,KSante,Taliyah,Irelia,MissFortune,Velkoz,Vayne,LeeSin,Zed,Seraphine,Rell
BR1_3248445926,1780537906896,2026-06-03 22:51:46,1831,1,0.540796963946869,0.5871630926618139,1,2,Ornn,Kayn,Syndra,Zeri,Alistar,Vayne,Rengar,Diana,Ezreal,Janna
BR1_3248723525,1780603493697,2026-06-04 17:04:53,2290,1,,0.6024096385542169,0,1,Malphite,Nocturne,Akali,Zyra,Nami,Tryndamere,Khazix,Kassadin,Jhin,TwistedFate
BR1_3247851109,1780369388378,2026-06-02 00:03:08,954,1,0.6938775510204082,,1,0,Malphite,MasterYi,Irelia,Varus,Hwei,Sylas,Nidalee,Corki,Kaisa,Nautilus
BR1_3248286127,1780512683072,2026-06-03 15:51:23,915,0,,0.5426944971537002,0,1,Teemo,Quinn,Nunu,Jinx,Renata,Jayce,Sylas,Yasuo,Brand,Anivia
BR1_3248149084,1780453287046,2026-06-02 23:21:27,1531,0,0.5795454545454546,0.5626448793463804,1,2,Gangplank,Vi,Ahri,Ezreal,Pyke,Ryze,LeeSin,Lissandra,Kaisa,Alistar
BR1_3249723614,1780823674830,2026-06-07 06:14:34,1215,0,,0.5631868131868132,0,1,DrMundo,Gwen,Corki,Senna,Seraphine,Jax,Quinn,Diana,Hwei,Velkoz
BR1_3248992350,1780655554176,2026-06-05 07:32:34,1441,1,0.5631868131868132,0.5305993485812504,1,2,Darius,Hecarim,Mel,Jinx,Lulu,Mordekaiser,Elise,Kassadin,Caitlyn,Janna
BR1_3248556009,1780570090394,2026-06-04 07:48:10,2125,0,,0.504907306434024,0,1,Yasuo,Ekko,Olaf,Ezreal,Karma,Gnar,Talon,Diana,Jinx,Elise
BR1_3248134676,1780451465161,2026-06-02 22:51:05,1262,0,0.607319587628866,0.5284951312679316,2,2,Bard,Briar,Ahri,Vayne,Janna,Teemo,Vi,Lissandra,Yunara,Lulu
BR1_3248539288,1780552890756,2026-06-04 03:01:30,1000,1,0.5658747300215983,0.5449678800856531,1,1,Mordekaiser,Kindred,Qiyana,Lucian,Nami,Vayne,Graves,Malzahar,Draven,Thresh
BR1_3248977297,1780638441198,2026-06-05 02:47:21,1736,1,,0.5853994490358126,0,1,Warwick,Brand,Yasuo,Senna,Alistar,Jayce,Tryndamere,Yone,Kaisa,Bard
BR1_3247528502,1780281078943,2026-05-31 23:31:18,1464,0,0.5795454545454546,0.5980392156862745,1,1,Fiora,Sylas,Ahri,KogMaw,Braum,Akali,Rengar,Quinn,Jinx,Pyke
BR1_3248561568,1780575269254,2026-06-04 09:14:29,1543,1,,0.522154648132059,0,1,DrMundo,Nocturne,Leblanc,Jhin,Taliyah,Gwen,MasterYi,Zed,Yunara,TahmKench
BR1_3248583600,1780582103637,2026-06-04 11:08:23,2449,0,,0.5446009389671361,0,1,Urgot,Gragas,Xerath,Jhin,Rell,Malphite,Zac,Lux,MissFortune,Seraphine
BR1_3247845016,1780368321484,2026-06-01 23:45:21,1373,1,,0.5422535211267606,0,1,Sion,RekSai,Veigar,Jinx,Nami,Fiora,Lillia,Tristana,Xayah,Yuumi
BR1_3247910649,1780408856277,2026-06-02 11:00:56,1920,0,0.5244444444444445,0.6437346437346437,1,1,Vayne,Gwen,Lissandra,Twitch,Soraka,Darius,Quinn,Zoe,Corki,Senna
BR1_3248296260,1780515396751,2026-06-03 16:36:36,1891,0,0.5817159611269146,0.5466140626048378,3,3,Ambessa,Viego,Ahri,Kaisa,Galio,Shen,Talon,Akali,Ezreal,Braum
BR1_3248658656,1780595141783,2026-06-04 14:45:41,910,0,,0.5514950166112956,0,1,Yorick,Karthus,Zed,Ezreal,Thresh,Yone,Aatrox,Heimerdinger,Nilah,Soraka
BR1_3248187811,1780462234280,2026-06-03 01:50:34,1915,0,0.5238095238095238,0.5269757880310644,1,2,Jax,Kayn,Riven,Brand,Bard,Renekton,Graves,Cassiopeia,Veigar,Zilean
BR1_3248489020,1780542805139,2026-06-04 00:13:25,1392,0,0.5580761535480591,0.5407081939475176,3,4,Fiora,Naafiri,Lux,Lucian,Nami,Olaf,LeeSin,Leblanc,Caitlyn,Elise
BR1_3248518292,1780547294591,2026-06-04 01:28:14,1752,0,0.6015831134564644,0.6102867287465666,1,2,Ambessa,Graves,Kassadin,Smolder,Janna,Jax,Lillia,Tristana,Veigar,Rakan
BR1_3247887491,1780387454924,2026-06-02 05:04:14,1744,0,,0.6938775510204082,0,1,Zed,MasterYi,Orianna,Smolder,Vayne,Vladimir,Quinn,Heimerdinger,Ashe,Seraphine
BR1_3249362953,1780746116793,2026-06-06 08:41:56,1556,1,0.6285321821036107,0.5281173594132029,2,1,Jax,MasterYi,Zoe,Mel,Bard,Smolder,Hecarim,Ryze,Singed,Pyke
BR1_3248976031,1780637665011,2026-06-05 02:34:25,1587,0,,0.5189504373177842,0,1,Velkoz,Shaco,Yone,Zeri,Zilean,Yorick,Udyr,Ahri,Ashe,Taric
BR1_3247702889,1780349980552,2026-06-01 18:39:40,1677,0,0.5601503759398496,0.515625,1,1,Gangplank,LeeSin,Viktor,Caitlyn,Lulu,Jayce,Ivern,Aurora,KogMaw,Rakan
BR1_3249807866,1780852885750,2026-06-07 14:21:25,1651,0,0.511686143572621,0.5447250324254216,1,2,Jayce,XinZhao,Anivia,Vayne,Senna,Ambessa,Udyr,Xerath,Jhin,Nautilus
BR1_3248635637,1780591796192,2026-06-04 13:49:56,1180,0,,0.572829131652661,0,1,Mordekaiser,JarvanIV,Zed,Ziggs,Sona,Urgot,LeeSin,Sylas,Jhin,Lulu
BR1_3248474010,1780540793881,2026-06-03 23:39:53,1386,1,0.5533860879564952,0.5545867767569974,4,3,Gragas,Nasus,Lux,Yunara,Soraka,Ornn,Jayce,Veigar,Lucian,Nami
BR1_3248063670,1780442855656,2026-06-02 20:27:35,1891,0,,0.5478424015009381,0,1,Singed,Talon,XinZhao,Draven,Karma,Udyr,Naafiri,Malzahar,Varus,Sona
BR1_3249088692,1780685204205,2026-06-05 15:46:44,1721,0,0.5293318196960961,0.5707904529861692,4,2,Jayce,Shaco,Cassiopeia,Sivir,Alistar,Ryze,Udyr,Malzahar,Ashe,Seraphine
BR1_3247579651,1780307483092,2026-06-01 06:51:23,1755,1,0.5924039179325611,0.5476844107007535,3,2,Jax,Khazix,Akali,Samira,Nautilus,Ambessa,JarvanIV,TwistedFate,Twitch,Anivia
BR1_3248773805,1780609706726,2026-06-04 18:48:26,1388,1,0.5803402646502835,,1,0,Riven,Graves,Anivia,Vayne,Camille,Irelia,Zed,Vladimir,Kaisa,Alistar
BR1_3247883277,1780381326944,2026-06-02 03:22:06,1777,1,0.5534682080924855,0.604751275510204,1,2,Vladimir,Nidalee,Ahri,Varus,Alistar,Malphite,Khazix,Hwei,Jhin,Rell
BR1_3247898700,1780403485462,2026-06-02 09:31:25,1721,0,0.5735735735735735,0.5691699604743083,1,1,Lulu,Naafiri,Irelia,Yunara,Nautilus,Jax,Riven,Ahri,Lux,Soraka
BR1_3248046033,1780440283094,2026-06-02 19:44:43,1806,0,,0.5486322188449848,0,1,Sion,Viego,Irelia,Caitlyn,Lux,Darius,Briar,Ryze,Lucian,Nami
BR1_3247963020,1780423812495,2026-06-02 15:10:12,2006,0,0.5527831094049904,0.5735735735735735,1,1,Darius,Rammus,Zaahen,Ezreal,Soraka,Zed,Lillia,Lux,Twitch,Sona
BR1_3247637359,1780334413512,2026-06-01 14:20:13,1456,0,0.554639175257732,0.5528272485087035,1,3,Tryndamere,Hecarim,Yasuo,Velkoz,Camille,Darius,Viego,Galio,Ezreal,TwistedFate
BR1_3247615315,1780327626571,2026-06-01 12:27:06,2455,1,,0.5324325822455032,0,2,Riven,Graves,Viktor,Draven,Leona,Sett,Hecarim,Zed,Karthus,Alistar
BR1_3247650907,1780338298156,2026-06-01 15:24:58,1571,1,0.5884476534296029,0.5631356824402882,1,2,Yasuo,LeeSin,Viktor,Smolder,Qiyana,Pantheon,Shaco,Ryze,Hwei,Mel
BR1_3249655675,1780800652165,2026-06-06 23:50:52,2046,0,,0.5259259259259259,0,1,Tryndamere,LeeSin,Zoe,Draven,Thresh,Nasus,Lillia,Galio,Zeri,Nami
BR1_3247599238,1780321792242,2026-06-01 10:49:52,936,0,,0.5562913907284768,0,1,Sion,Pantheon,Viktor,Lucian,Rell,DrMundo,Rengar,Katarina,Varus,Janna
BR1_3247594720,1780320195371,2026-06-01 10:23:15,1643,0,0.5280748663101604,0.5622839885009205,1,2,Heimerdinger,RekSai,Ryze,Nilah,Camille,Yorick,Naafiri,Orianna,Draven,Pantheon
BR1_3247569767,1780293331725,2026-06-01 02:55:31,1152,0,0.5574712643678161,0.5481091654247392,1,2,Gangplank,Quinn,Diana,Ezreal,Rakan,Riven,XinZhao,Orianna,Samira,Rell
BR1_3249779339,1780847323787,2026-06-07 12:48:43,1226,1,0.5993740219092332,0.6358695652173914,1,1,Yone,RekSai,Malphite,Cassiopeia,Twitch,Kayle,LeeSin,Yasuo,Heimerdinger,Alistar
BR1_3249562769,1780786960903,2026-06-06 20:02:40,1362,1,0.6065543787585911,0.6164468995010691,2,2,Poppy,LeeSin,Tristana,Smolder,Seraphine,Vayne,Naafiri,Kassadin,Sivir,Nautilus
BR1_3247575053,1780296414771,2026-06-01 03:46:54,1913,0,0.5480458987846109,0.5626317175974711,2,2,Renekton,Zed,Fizz,Ezreal,Yuumi,Gragas,MasterYi,Akali,Zeri,Lulu
BR1_3249413893,1780761855620,2026-06-06 13:04:15,1933,0,0.5981308411214953,0.5593881573576236,1,2,TahmKench,Graves,Malzahar,Ashe,Thresh,Cassiopeia,Shaco,Aurora,Jinx,Seraphine
BR1_3248213124,1780488883748,2026-06-03 09:14:43,2155,0,,0.541343669250646,0,1,XinZhao,Rengar,Yasuo,Ashe,TahmKench,Darius,Jax,Malzahar,Twitch,Yuumi
BR1_3248996065,1780658955327,2026-06-05 08:29:15,1613,0,,0.5735735735735735,0,1,Yasuo,Diana,Ahri,Jhin,Nidalee,Zoe,Graves,Zed,Sivir,Karma
BR1_3248729845,1780604395484,2026-06-04 17:19:55,1753,1,0.5631868131868132,,1,0,Sion,Zed,Ezreal,Vayne,Lulu,Yone,Diana,Malzahar,Zeri,Soraka
BR1_3248044512,1780440439757,2026-06-02 19:47:19,1236,1,,0.522154648132059,0,1,Naafiri,Hecarim,Syndra,Caitlyn,Karma,Aatrox,Draven,Vladimir,Varus,Milio
BR1_3248462776,1780539750422,2026-06-03 23:22:30,2014,0,0.5666666666666667,0.5421940928270043,1,1,Renekton,Talon,TwistedFate,Draven,Taric,Olaf,Pantheon,Vladimir,Jhin,Sona
BR1_3248053326,1780441544291,2026-06-02 20:05:44,1871,0,0.5401275195392843,0.5398473077170398,2,2,Shen,Skarner,Cassiopeia,Varus,Singed,Rumble,LeeSin,Aurora,KogMaw,Soraka
BR1_3249513833,1780778657680,2026-06-06 17:44:17,1939,1,,0.5107741420590582,0,1,Jax,LeeSin,Hwei,MissFortune,Galio,Riven,Belveth,Mel,Samira,Pyke
BR1_3248693677,1780599895533,2026-06-04 16:04:55,1716,0,0.5344295991778006,0.5321250859566015,1,2,Rumble,Kayn,Heimerdinger,Lux,Senna,Poppy,LeeSin,Cassiopeia,Caitlyn,Bard
BR1_3248613546,1780588113110,2026-06-04 12:48:33,2464,0,0.5714285714285714,0.572289156626506,1,1,Chogath,Ivern,Ahri,Jinx,Sona,Kayle,Aatrox,Xerath,Heimerdinger,Janna
BR1_3247583323,1780312035095,2026-06-01 08:07:15,1954,1,0.5669029594347768,0.5280961128616817,2,2,Riven,Zac,Xerath,Smolder,Bard,Sion,RekSai,Cassiopeia,Twitch,Rell
BR1_3247883681,1780382758556,2026-06-02 03:45:58,1514,1,,0.5667918402472178,0,2,Anivia,MasterYi,Aurora,Ezreal,Nami,Vladimir,Khazix,Talon,Kaisa,Leona
BR1_3248101209,1780447347044,2026-06-02 21:42:27,1588,1,0.5563875741332116,0.5465486375904143,2,2,Poppy,Warwick,Annie,Caitlyn,Zyra,Mordekaiser,RekSai,Kassadin,Ashe,Leona
BR1_3248312503,1780519114951,2026-06-03 17:38:34,1671,0,0.5135440180586908,0.5445694716242662,1,2,Ornn,RekSai,Anivia,Jhin,Nami,Qiyana,FiddleSticks,Kassadin,Yunara,Sona
BR1_3249367027,1780747014537,2026-06-06 08:56:54,2052,0,0.5485074626865671,0.6125926557041834,1,2,Riven,Hecarim,Aurora,Lux,Neeko,Shen,RekSai,Lissandra,Ashe,Thresh
BR1_3249865792,1780860911194,2026-06-07 16:35:11,1380,1,0.5798657718120805,0.5591764051196438,1,2,Yone,Zac,Hwei,Tristana,Janna,Vayne,Sylas,Lissandra,Senna,Alistar
BR1_3247998511,1780432186138,2026-06-02 17:29:46,1834,0,0.5735735735735735,,1,0,Rumble,Graves,Zed,Corki,Nami,Ambessa,Viego,Malphite,Ashe,Seraphine
BR1_3249417493,1780762314358,2026-06-06 13:11:54,1184,1,,0.5788177339901477,0,2,Rumble,Kayn,Nasus,Lux,Nami,KogMaw,Talon,Garen,Mel,Thresh
BR1_3247596482,1780321130187,2026-06-01 10:38:50,1048,1,,0.5473920130399348,0,2,Teemo,LeeSin,Xerath,Varus,Bard,Talon,RekSai,Kassadin,Mel,Karma
BR1_3248515376,1780546669911,2026-06-04 01:17:49,1831,1,0.5560540531718701,0.5356011846761373,2,2,Aurora,Khazix,Lux,Lucian,Milio,Karthus,Kayn,Zed,Kaisa,Braum
BR1_3249835357,1780856754338,2026-06-07 15:25:54,1458,0,,0.5192582025677603,0,1,Shen,Shaco,Ahri,Lucian,Nami,Gnar,Graves,Kassadin,Jhin,Nautilus
BR1_3248355413,1780526377329,2026-06-03 19:39:37,1366,0,,0.5739526858438142,0,2,Aatrox,Qiyana,Ekko,Lux,Nami,Fiora,Skarner,Annie,Senna,Mel
BR1_3248124846,1780450370814,2026-06-02 22:32:50,1171,1,,0.5259259259259259,0,1,Zaahen,Ekko,Qiyana,Lux,Zoe,Jayce,Kayn,Ryze,Senna,Lulu
BR1_3249878664,1780862513714,2026-06-07 17:01:53,1554,0,0.5524960473749225,0.5423381076122089,2,3,Jayce,Talon,Aurora,Nilah,Yuumi,Yorick,Karthus,Yone,Xayah,Nautilus
BR1_3248993279,1780655976484,2026-06-05 07:39:36,1907,0,0.5369388806023155,0.6196660482374767,2,2,XinZhao,Rengar,Riven,Senna,Brand,Chogath,Zaahen,Diana,Xayah,Poppy
BR1_3249748374,1780840124114,2026-06-07 10:48:44,1901,1,,0.5271013354281225,0,1,Shen,Nunu,Zed,Swain,Senna,Gnar,Nasus,Xerath,Ezreal,Karma
BR1_3248269009,1780508455288,2026-06-03 14:40:55,1918,1,0.5447145913959269,0.5257728899362835,2,2,Ambessa,Kayn,Sylas,Ashe,Seraphine,Quinn,JarvanIV,Zed,AurelionSol,Sona
BR1_3248171397,1780457074521,2026-06-03 00:24:34,1070,1,0.5980392156862745,,1,0,Camille,Quinn,Ahri,Ashe,Seraphine,Renekton,Ekko,Vladimir,Zeri,Skarner
BR1_3248983505,1780643091036,2026-06-05 04:04:51,923,1,,0.5631868131868132,0,1,Kayn,Shaco,Sylas,Varus,Janna,Irelia,LeeSin,Katarina,Caitlyn,Karma
BR1_3249098879,1780686989175,2026-06-05 16:16:29,2157,0,,0.5351351351351351,0,1,Shen,LeeSin,Viktor,Xayah,Nautilus,Gangplank,Viego,TwistedFate,Nilah,Lulu
BR1_3249156259,1780696586141,2026-06-05 18:56:26,913,0,0.5545102084869349,0.5410089790043119,2,3,DrMundo,Elise,Talon,MissFortune,Nautilus,Gangplank,LeeSin,Xerath,Sivir,Sona
BR1_3248636053,1780591799600,2026-06-04 13:49:59,1154,0,,0.543450064850843,0,1,Renekton,Shyvana,Vladimir,Ashe,Lulu,Garen,Udyr,Kassadin,Velkoz,Neeko
BR1_3249649345,1780799440376,2026-06-06 23:30:40,1718,0,0.5432538713957141,0.5562110889735663,3,4,TwistedFate,Udyr,Irelia,Caitlyn,Ornn,Vayne,Viego,Ekko,Varus,Karma
BR1_3249235103,1780707273869,2026-06-05 21:54:33,1700,0,0.5403973509933775,0.5710382513661202,1,1,Gragas,Lillia,Yasuo,Nilah,Sona,Aurora,Rengar,Talon,Jhin,Hwei
BR1_3248985996,1780647234838,2026-06-05 05:13:54,1973,0,,0.5665242961983695,0,2,Gangplank,Ekko,Sion,Karthus,Zilean,Rengar,LeeSin,Kassadin,Sivir,Rakan
BR1_3248593862,1780584672155,2026-06-04 11:51:12,1518,1,0.5280748663101604,0.5514950166112956,1,1,Riven,LeeSin,Yasuo,Veigar,Senna,KSante,Sylas,Ryze,Kaisa,Pyke
BR1_3247911231,1780408367012,2026-06-02 10:52:47,1105,0,0.5562913907284768,0.5666666666666667,1,1,Ambessa,Rengar,Mel,Varus,Janna,Pantheon,Shaco,Ekko,Kaisa,Bard
BR1_3248710113,1780601637220,2026-06-04 16:33:57,2137,0,,0.5363128491620112,0,1,Sion,MasterYi,Twitch,Jhin,Nami,Vayne,MonkeyKing,Qiyana,Ziggs,Zoe
BR1_3249697106,1780807327562,2026-06-07 01:42:07,2195,1,0.504907306434024,,1,0,Aatrox,Elise,Qiyana,Malzahar,Nautilus,Riven,Kayn,TwistedFate,Xerath,Senna
BR1_3249355474,1780733418038,2026-06-06 05:10:18,1810,1,0.504907306434024,0.5426326558695249,1,2,Shen,Zac,Quinn,Smolder,Senna,Vladimir,Kindred,Gragas,Caitlyn,Lux
BR1_3248140938,1780452525438,2026-06-02 23:08:45,1379,1,,0.5480769230769231,0,1,KSante,Hecarim,Sylas,Kaisa,Blitzcrank,Udyr,Shaco,Kayle,Ezreal,Karma
BR1_3249368833,1780749740900,2026-06-06 09:42:20,2340,1,,0.5437956204379562,0,1,Garen,Nocturne,Ahri,Jinx,Milio,Pantheon,Vi,Akali,Hwei,Seraphine
BR1_3248091566,1780446196671,2026-06-02 21:23:16,1628,1,0.5478424015009381,,1,0,Malphite,Vi,Akali,Jhin,Thresh,Singed,XinZhao,Zed,Varus,Pyke
BR1_3247443990,1780271207965,2026-05-31 20:46:47,1695,0,,0.5135440180586908,0,1,Malphite,Twitch,Sylas,Ezreal,Yuumi,TwistedFate,LeeSin,Hwei,Jhin,Bard
BR1_3249662302,1780801341387,2026-06-07 00:02:21,1542,0,0.5671619398254912,0.5698590335420608,3,4,Riven,Diana,Aurora,Ashe,Seraphine,Vayne,Nidalee,Naafiri,Veigar,Blitzcrank
BR1_3248279813,1780511473733,2026-06-03 15:31:13,1436,1,0.5408450704225352,0.5408299866131191,1,1,Darius,MonkeyKing,Syndra,Brand,Thresh,Jayce,LeeSin,Ekko,Kaisa,Sona
BR1_3248154806,1780454432607,2026-06-02 23:40:32,2077,0,,0.6304347826086957,0,1,Kled,XinZhao,Vladimir,Jinx,Bard,Riven,Viego,Malzahar,Hwei,Morgana
BR1_3247514417,1780279045647,2026-05-31 22:57:25,1874,1,0.6002887196227785,0.5437484238329727,3,2,Shen,Nasus,Ekko,Ezreal,Karma,TwistedFate,XinZhao,Veigar,Caitlyn,Neeko
BR1_3248264748,1780508119429,2026-06-03 14:35:19,1408,0,0.5363636363636364,0.5437956204379562,1,1,Yorick,Khazix,Cassiopeia,Jhin,Brand,Irelia,Udyr,Vladimir,Senna,Alistar
BR1_3249100518,1780687195560,2026-06-05 16:19:55,265,0,0.5260361317747078,,1,0,Anivia,Hecarim,Lux,Jinx,Nautilus,Ekko,Talon,Yone,Zeri,Alistar
BR1_3249646693,1780799281763,2026-06-06 23:28:01,911,0,,0.5327014218009478,0,1,Akali,Naafiri,Smolder,Twitch,Nautilus,Ornn,Karthus,Gangplank,Draven,Janna
BR1_3248881166,1780621540864,2026-06-04 22:05:40,2146,1,0.5485074626865671,0.5901386748844376,1,1,Anivia,Hecarim,Yasuo,Heimerdinger,Soraka,Zeri,LeeSin,Sylas,Aphelios,Lulu
BR1_3248329669,1780522575103,2026-06-03 18:36:15,1438,0,0.5565996789832285,0.628524286040403,2,2,Varus,Graves,Qiyana,Samira,Nautilus,Rumble,Naafiri,Velkoz,Senna,Skarner
BR1_3249536922,1780782360980,2026-06-06 18:46:00,2614,0,,0.5658747300215983,0,1,XinZhao,Aatrox,Katarina,Caitlyn,Bard,RekSai,Kindred,Zoe,Ezreal,Yuumi
BR1_3248379774,1780529893805,2026-06-03 20:38:13,2144,1,0.6138144102394351,0.5651622718052738,2,2,Camille,LeeSin,Qiyana,Karthus,Bard,Kennen,Viego,Garen,Lucian,Pyke
BR1_3248170831,1780457445108,2026-06-03 00:30:45,1675,1,,0.5598724090326724,0,2,Aatrox,MasterYi,Katarina,KogMaw,Leona,Ryze,LeeSin,Cassiopeia,Samira,Thresh
BR1_3247990968,1780430807389,2026-06-02 17:06:47,1666,1,0.5260361317747078,,1,0,Darius,Ivern,Vladimir,Lux,Senna,Jayce,Nidalee,Malzahar,Xayah,Rakan
BR1_3249352930,1780732718319,2026-06-06 04:58:38,448,0,,0.5631868131868132,0,1,Akali,Graves,Gragas,Cassiopeia,Senna,Sylas,Hecarim,Zed,Mel,Hwei
BR1_3247490965,1780276389253,2026-05-31 22:13:09,1149,1,0.5566180601285048,0.5795454545454546,3,1,Renekton,Qiyana,TwistedFate,Zeri,Soraka,KSante,Vi,Akali,Samira,Nami
BR1_3248357878,1780527141823,2026-06-03 19:52:21,912,0,,0.651595744680851,0,1,Akshan,Shaco,Fizz,Jinx,Thresh,Olaf,RekSai,Gangplank,Corki,Senna
BR1_3247479904,1780275066788,2026-05-31 21:51:06,1453,0,0.5422535211267606,0.5598715705284841,1,2,KSante,LeeSin,Taliyah,Veigar,Nautilus,Ambessa,Graves,Yasuo,Zoe,TwistedFate
BR1_3249246259,1780708659143,2026-06-05 22:17:39,2304,0,0.504907306434024,,1,0,Renekton,Elise,Zed,Lucian,Nami,Jax,Sylas,Aphelios,Smolder,Lulu
BR1_3248497595,1780544166714,2026-06-04 00:36:06,1486,1,0.545503441360135,0.5754060692268488,2,2,Ambessa,Viego,Lux,Yunara,Pantheon,Renekton,Lillia,Yasuo,Kalista,Rakan
BR1_3247834180,1780366778410,2026-06-01 23:19:38,1523,1,0.5608079587007309,0.5637013247243141,5,3,Gangplank,Udyr,TwistedFate,Xayah,Rakan,LeeSin,RekSai,Ryze,Yunara,Sona
BR1_3249806514,1780852284825,2026-06-07 14:11:24,1158,1,,0.5325342465753424,0,1,Gragas,Aatrox,Leblanc,Lucian,Milio,Akali,Kayn,Kled,MissFortune,Bard
BR1_3248117548,1780449383797,2026-06-02 22:16:23,1119,1,0.5674389374929508,0.561401887229904,3,3,Gangplank,RekSai,Ahri,Cassiopeia,Nautilus,Quinn,Naafiri,Lux,Caitlyn,Qiyana
BR1_3249454255,1780768977959,2026-06-06 15:02:57,1761,1,,0.5437956204379562,0,1,Urgot,Zac,Morgana,Zyra,Rakan,Sion,MasterYi,TwistedFate,Hwei,Alistar
BR1_3247899058,1780402126095,2026-06-02 09:08:46,1872,0,,0.5363128491620112,0,1,Rumble,JarvanIV,Xerath,Ezreal,Karma,Gangplank,Skarner,Ahri,Caitlyn,Nami
BR1_3249677477,1780803630271,2026-06-07 00:40:30,1666,1,0.5259259259259259,,1,0,Fiora,LeeSin,Vladimir,Zeri,Nami,DrMundo,Ekko,Irelia,Lucian,Thresh
BR1_3249801769,1780851661871,2026-06-07 14:01:01,1138,1,,0.5107741420590582,0,1,MonkeyKing,Khazix,AurelionSol,Caitlyn,Poppy,Singed,Nasus,Malphite,Aphelios,Bard
BR1_3247890808,1780396859084,2026-06-02 07:40:59,1618,1,0.5413022694501912,0.5389629392853942,2,2,Malphite,Shaco,Akali,Brand,Pantheon,Varus,Zyra,Irelia,Kaisa,Leona
BR1_3249902582,1780865452058,2026-06-07 17:50:52,1685,0,0.543046357615894,0.5349228000486803,1,3,Urgot,Graves,Ekko,Ashe,Seraphine,Swain,Kayn,Zed,Jhin,Sona
BR1_3249351629,1780729874896,2026-06-06 04:11:14,867,1,,0.5480769230769231,0,1,Akali,Kayn,Syndra,Vayne,Lulu,Hwei,Quinn,Vex,Sivir,Yuumi
BR1_3248945475,1780630052435,2026-06-05 00:27:32,1987,1,,0.5175879396984925,0,1,Gangplank,Shaco,Zoe,Xerath,Nami,Aatrox,Warwick,Zed,Kaisa,Leona
BR1_3249416770,1780762507359,2026-06-06 13:15:07,933,0,,0.6394557823129252,0,2,Fiora,Quinn,Sylas,Vayne,Sona,Pantheon,MasterYi,Ryze,Kaisa,Rell
BR1_3247976226,1780427198565,2026-06-02 16:06:38,911,0,,0.5303534836065573,0,2,Ambessa,XinZhao,Vladimir,Sivir,Janna,Yasuo,Nocturne,Orianna,Yunara,Lulu
BR1_3248990655,1780653453028,2026-06-05 06:57:33,1673,0,0.5631868131868132,0.5305993485812504,1,2,Gwen,Briar,Katarina,Kaisa,Maokai,Fiora,Elise,Kassadin,Jinx,Sona
BR1_3249817001,1780853777870,2026-06-07 14:36:17,2016,1,0.5514950166112956,0.5135440180586908,1,1,Gangplank,LeeSin,Syndra,Jhin,Zilean,Yone,Shaco,Ekko,Ezreal,Bard
BR1_3249532084,1780781193718,2026-06-06 18:26:33,1656,0,,0.5259259259259259,0,1,Irelia,Lillia,Naafiri,Ziggs,Pyke,Olaf,MonkeyKing,Aurora,KogMaw,Bard
BR1_3248060982,1780442849072,2026-06-02 20:27:29,1138,1,0.5486322188449848,0.560560318974597,1,3,Illaoi,LeeSin,Ryze,Irelia,Camille,Shen,Briar,Rammus,Malphite,Zed
BR1_3249003572,1780664263655,2026-06-05 09:57:43,1590,1,0.5701240758846621,0.5347593166492766,3,2,Riven,JarvanIV,Taliyah,Caitlyn,Bard,Irelia,Nocturne,Cassiopeia,Kaisa,Camille
BR1_3248229262,1780496559584,2026-06-03 11:22:39,919,0,0.5430861723446894,0.5735735735735735,1,1,Irelia,Skarner,Vex,Caitlyn,Lux,Yasuo,Nidalee,Viktor,Cassiopeia,Senna
BR1_3248966531,1780634648552,2026-06-05 01:44:08,1973,0,0.5666666666666667,0.504907306434024,1,1,Gangplank,Talon,Yasuo,Karthus,Nami,Malphite,Elise,Briar,Zeri,Lulu
BR1_3248291908,1780514415911,2026-06-03 16:20:15,1399,1,0.5243328100470958,0.5411866517075307,1,2,Kled,Udyr,Katarina,Ashe,Lulu,XinZhao,Taliyah,Irelia,Kalista,Thresh
BR1_3248037412,1780439365618,2026-06-02 19:29:25,1407,0,,0.5267343196063792,0,2,Aurora,Rengar,Chogath,Akshan,Nami,Irelia,Nocturne,TwistedFate,Brand,Nautilus
BR1_3249722125,1780818263777,2026-06-07 04:44:23,1947,1,,0.5663322185061316,0,1,Yasuo,Quinn,Akali,Smolder,Anivia,Vayne,Kayn,Hwei,Samira,Braum
BR1_3248271647,1780509258710,2026-06-03 14:54:18,1512,0,0.5421940928270043,0.5408299866131191,1,1,Camille,Talon,Orianna,Caitlyn,Rakan,Sion,Kindred,Sylas,Vayne,Soraka
BR1_3248844488,1780617585927,2026-06-04 20:59:45,1274,0,0.5192582025677603,0.6358695652173914,1,1,Nilah,Nocturne,Gangplank,Twitch,Rell,Diana,LeeSin,Aurora,Naafiri,Yuumi
BR1_3247997994,1780432527309,2026-06-02 17:35:27,1408,1,0.5766423357664233,0.5627009646302251,1,1,Ornn,Aatrox,Cassiopeia,Tristana,Nautilus,Gnar,Sylas,RekSai,Caitlyn,Janna
BR1_3249028614,1780672320417,2026-06-05 12:12:00,2053,0,0.522154648132059,,1,0,Vladimir,Shyvana,Talon,Yunara,Milio,Yone,LeeSin,Malzahar,Xerath,Velkoz
BR1_3249394034,1780756797265,2026-06-06 11:39:57,1963,0,0.5562913907284768,,1,0,Irelia,Ekko,Anivia,Tristana,Leona,KSante,LeeSin,Yasuo,Varus,Sona
BR1_3248824355,1780615355871,2026-06-04 20:22:35,1369,0,,0.5629770992366412,0,1,Irelia,Khazix,Galio,Ashe,Seraphine,Zaahen,Briar,Zac,Velkoz,Nautilus
BR1_3248922936,1780626718272,2026-06-04 23:31:58,1668,1,0.5270655270655271,,1,0,Mordekaiser,JarvanIV,Quinn,Sivir,Rakan,Malphite,Graves,Zed,Yasuo,Lissandra
BR1_3248551588,1780564456470,2026-06-04 06:14:16,1110,0,0.5631868131868132,,1,0,Sett,Briar,Aurora,Ashe,Janna,Trundle,Talon,Singed,Xerath,Sona
BR1_3249459077,1780769771642,2026-06-06 15:16:11,1655,0,,0.5312954876273653,0,1,Olaf,Rengar,Kassadin,Kaisa,Neeko,Darius,Diana,Ahri,Jhin,Rakan
BR1_3249579434,1780789830678,2026-06-06 20:50:30,1571,0,,0.6304347826086957,0,1,Yasuo,Evelynn,Hwei,Twitch,Bard,Riven,Ekko,Irelia,Ezreal,Soraka
BR1_3248026699,1780437669193,2026-06-02 19:01:09,1703,1,0.5294665383964219,0.5361328125,3,1,Gangplank,Kayn,Anivia,Lucian,Milio,Poppy,JarvanIV,Irelia,Aphelios,Nautilus
BR1_3249554345,1780785148304,2026-06-06 19:32:28,1432,0,0.5507936507936508,0.5674848715569094,1,4,Sett,Quinn,Diana,Anivia,Hwei,Poppy,Naafiri,Riven,Mel,Sona
BR1_3247540441,1780283096646,2026-06-01 00:04:56,1066,0,,0.540796963946869,0,1,Riven,Diana,Nasus,Nilah,Rell,Camille,Kayn,Ekko,Lux,Alistar
BR1_3247608599,1780326005560,2026-06-01 12:00:05,1348,0,0.5392662133185047,0.5606517167398314,2,3,Akali,Graves,Viego,Ezreal,Leona,TwistedFate,Shaco,Annie,Draven,Camille
BR1_3248278484,1780511112236,2026-06-03 15:25:12,1820,1,,0.5564214482030215,0,2,Ambessa,Vi,Ahri,Smolder,Pyke,Kennen,Naafiri,Zed,Cassiopeia,Braum
BR1_3249037685,1780674470033,2026-06-05 12:47:50,1416,0,0.5368143483063059,0.5420146267825474,2,2,Ornn,Shaco,Hwei,Caitlyn,Morgana,Gnar,Olaf,Syndra,AurelionSol,Bard
BR1_3248783633,1780610806736,2026-06-04 19:06:46,1647,0,0.5330738240418118,0.573076923076923,2,2,KSante,Quinn,Leblanc,Ezreal,Karma,Gnar,Viego,Syndra,Smolder,Rakan
BR1_3249969057,1780873495716,2026-06-07 20:04:55,2486,0,,0.5426944971537002,0,1,KSante,Evelynn,Kled,Jinx,Senna,Urgot,Kayn,Tristana,Brand,Pyke
BR1_3247892393,1780397554977,2026-06-02 07:52:34,1311,0,0.5328227571115973,,1,0,Yone,Ivern,Talon,Azir,Anivia,Garen,LeeSin,Xerath,Jinx,Soraka
BR1_3247642015,1780335312839,2026-06-01 14:35:12,2275,0,,0.5243328100470958,0,1,Garen,Ambessa,Olaf,Jhin,Rell,Gnar,Shaco,Lissandra,Caitlyn,Thresh
BR1_3248961767,1780633569731,2026-06-05 01:26:09,1864,1,0.5501618122977346,,1,0,DrMundo,Viego,Malzahar,Lucian,Milio,XinZhao,Shaco,MasterYi,Lux,Janna
BR1_3249397183,1780757645275,2026-06-06 11:54:05,1561,1,0.5596330275229358,0.5486322188449848,1,1,DrMundo,Quinn,Lissandra,Jhin,Karma,Riven,Fizz,Cassiopeia,Lucian,Milio
BR1_3248071711,1780443851628,2026-06-02 20:44:11,2060,0,0.5444785027656076,0.5511770772175012,2,5,MonkeyKing,Hecarim,Taliyah,Vayne,Sona,Riven,Kayn,Hwei,Brand,Soraka
BR1_3248338819,1780524032462,2026-06-03 19:00:32,1915,1,0.5735735735735735,0.5766423357664233,1,1,Nasus,Zeri,Zed,Veigar,Seraphine,Jayce,Rengar,Katarina,Xayah,Braum
BR1_3248540487,1780554125524,2026-06-04 03:22:05,1762,1,,0.5798657718120805,0,1,Varus,Zed,Katarina,Swain,Nami,Jax,Quinn,Sion,Ezreal,Yuumi
BR1_3248810962,1780613995692,2026-06-04 19:59:55,1745,1,,0.5562913907284768,0,1,Ambessa,XinZhao,Hwei,Jhin,Zilean,Shen,Diana,Yasuo,Yunara,Lulu
BR1_3248211253,1780486639846,2026-06-03 08:37:19,196,1,0.5281173594132029,0.554639175257732,1,1,Jayce,Nasus,Sylas,Mel,Xerath,Tryndamere,Shaco,Ekko,Lucian,Ashe
BR1_3247436179,1780270094922,2026-05-31 20:28:14,1929,1,,0.5368421052631579,0,1,Darius,JarvanIV,Viktor,Veigar,Senna,Shen,Talon,Katarina,Lucian,Milio
BR1_3247686302,1780346326825,2026-06-01 17:38:46,1535,1,,0.5446009389671361,0,1,Yorick,Malphite,Viego,Vayne,Rell,Diana,Pantheon,MasterYi,Smolder,Soraka
BR1_3248710543,1780601841005,2026-06-04 16:37:21,1190,0,,0.546,0,1,Yone,Kayn,Ahri,Ezreal,Yuumi,Jayce,Rengar,Sylas,Karthus,Rell
BR1_3247685045,1780345788681,2026-06-01 17:29:48,1370,1,,0.522154648132059,0,1,Irelia,Elise,Annie,Jinx,Nautilus,Riven,Kayn,Zed,Varus,Zilean
BR1_3248338432,1780523745301,2026-06-03 18:55:45,1663,0,,0.5263929618768328,0,1,Jayce,Graves,Zed,Karthus,Braum,Ornn,Darius,Vladimir,Lucian,Thresh
BR1_3248545925,1780559248671,2026-06-04 04:47:28,1520,1,0.5375663312254733,0.578624817744538,3,3,Yone,RekSai,Akali,Vayne,Camille,Garen,LeeSin,Zed,Seraphine,Leona
BR1_3248833942,1780616632473,2026-06-04 20:43:52,2224,0,,0.6208599762606731,0,2,Yorick,Naafiri,Heimerdinger,Jinx,Thresh,Sion,Gwen,Ziggs,Zeri,Leona
BR1_3247500278,1780277247746,2026-05-31 22:27:27,1961,0,,0.5680851063829787,0,1,Akali,Quinn,Zoe,Varus,Milio,KSante,Khazix,Orianna,Swain,Hwei
BR1_3249622680,1780796079029,2026-06-06 22:34:39,1157,0,,0.5192582025677603,0,1,Singed,Ambessa,Talon,Ezreal,Rell,Darius,Camille,Lissandra,Aphelios,Bard
BR1_3248326573,1780521792673,2026-06-03 18:23:12,1400,1,0.5263929618768328,,1,0,Malphite,Sylas,Ahri,Draven,Braum,Zaahen,Ekko,Jayce,Cassiopeia,Pyke
BR1_3248626473,1780590244738,2026-06-04 13:24:04,1979,0,0.5423682365687337,0.5474526928675401,2,2,Teemo,MonkeyKing,Lux,Ezreal,Pyke,Sion,LeeSin,Hwei,Sivir,Soraka
BR1_3248812096,1780613860547,2026-06-04 19:57:40,415,0,0.5618556701030928,,1,0,Irelia,LeeSin,Katarina,Jhin,Rakan,KSante,Karthus,Quinn,Samira,Rell
BR1_3249638284,1780797999716,2026-06-06 23:06:39,1604,1,0.522154648132059,0.5938864628820961,1,1,Sett,Gragas,Lissandra,Yunara,Lulu,Pantheon,Hecarim,Ahri,Sivir,Soraka
BR1_3248994616,1780658512147,2026-06-05 08:21:52,1103,1,0.5986238532110092,0.5413022694501912,1,2,Yasuo,Taliyah,Zed,Kaisa,Thresh,Irelia,LeeSin,Viktor,Nilah,Bard
BR1_3249871329,1780861530582,2026-06-07 16:45:30,72,1,0.5501618122977346,,1,0,Jayce,Viego,Leblanc,Sivir,Rell,Qiyana,Rengar,Galio,Varus,Braum
BR1_3247917110,1780410586061,2026-06-02 11:29:46,1463,1,0.6270139634801288,0.6030303128047488,2,3,Qiyana,MasterYi,Viktor,Kaisa,Blitzcrank,Irelia,Kayn,Zed,Lucian,Milio
BR1_3248449880,1780538371282,2026-06-03 22:59:31,1775,1,0.5503242450549003,0.6129530103856489,3,2,Jayce,LeeSin,Lux,Lucian,Sona,Rumble,MasterYi,Sylas,Jhin,Bard
BR1_3248050685,1780441220572,2026-06-02 20:00:20,2048,0,0.5244444444444445,0.5328227571115973,1,1,Naafiri,Vi,Viktor,AurelionSol,Taric,Ambessa,Nocturne,TwistedFate,Varus,Bard
BR1_3249885026,1780863098470,2026-06-07 17:11:38,2219,1,0.5280748663101604,0.5281173594132029,1,1,Mordekaiser,LeeSin,Orianna,Caitlyn,Bard,Darius,Rengar,Akali,Yunara,Nautilus
BR1_3249356430,1780735560131,2026-06-06 05:46:00,1718,0,0.5193905817174516,,1,0,Yasuo,Hecarim,Aurora,Jhin,Senna,Cassiopeia,Graves,Talon,Karthus,Hwei
BR1_3249407135,1780759935531,2026-06-06 12:32:15,1720,1,,0.540796963946869,0,1,Gangplank,Elise,LeeSin,Senna,Alistar,Riven,Kayn,Taliyah,AurelionSol,Anivia
BR1_3247572950,1780297495280,2026-06-01 04:04:55,1703,0,0.5485074626865671,0.5478063318350596,1,2,Zaahen,Lillia,Kayle,Draven,Zoe,Vayne,JarvanIV,Lux,Cassiopeia,Milio
BR1_3248022514,1780436863066,2026-06-02 18:47:43,1241,0,0.5389474931108866,0.5797101449275363,2,1,Ambessa,Graves,Cassiopeia,Jhin,Thresh,Riven,XinZhao,Ryze,Ezreal,Karma
BR1_3247668151,1780342208976,2026-06-01 16:30:08,1839,1,0.5644028103044496,0.5283485353070072,1,3,Ambessa,XinZhao,Xerath,Aphelios,Thresh,Anivia,Talon,Ahri,Ezreal,Karma
BR1_3248323944,1780521312373,2026-06-03 18:15:12,1810,0,,0.5430861723446894,0,1,Aatrox,Sylas,Leblanc,Lucian,Nami,Anivia,Talon,Heimerdinger,AurelionSol,Yuumi
BR1_3249721159,1780817250165,2026-06-07 04:27:30,1887,1,0.5193905817174516,,1,0,Nasus,MonkeyKing,Yasuo,Ashe,Lux,Taliyah,Qiyana,Leblanc,Ezreal,Soraka
BR1_3248562459,1780575301855,2026-06-04 09:15:01,1630,0,0.5884476534296029,0.5486922130823827,1,2,Shen,Kayn,TwistedFate,Jinx,Braum,Vayne,Rengar,Hwei,Tristana,Rell
BR1_3249109909,1780689029718,2026-06-05 16:50:29,1371,1,0.572289156626506,0.5135440180586908,1,1,Jayce,Belveth,Akali,Jhin,Senna,XinZhao,Nunu,Yone,Seraphine,Sona
BR1_3249061656,1780679930204,2026-06-05 14:18:50,1579,1,0.572289156626506,0.5666666666666667,1,1,Pantheon,Rengar,Hwei,Aphelios,Lulu,Teemo,DrMundo,Ryze,Jinx,Soraka
BR1_3248507954,1780545655820,2026-06-04 01:00:55,1971,1,0.5627009646302251,0.5824634655532359,1,1,Teemo,Shyvana,Quinn,Caitlyn,Lux,Qiyana,Gragas,Annie,Seraphine,Nami
BR1_3249783654,1780848381741,2026-06-07 13:06:21,2274,0,,0.541343669250646,0,1,Yone,Nidalee,Malzahar,Ashe,Seraphine,Jayce,Lillia,TwistedFate,Ziggs,Maokai
BR1_3249588923,1780791597462,2026-06-06 21:19:57,1687,1,0.5712630359212051,0.5847255369928401,1,1,MonkeyKing,Nidalee,Gragas,Ashe,Seraphine,Olaf,Sylas,Talon,Caitlyn,Bard
BR1_3249657927,1780800889077,2026-06-06 23:54:49,1251,1,0.546,0.5327014218009478,1,1,Gragas,LeeSin,Aurora,Zeri,Lulu,Irelia,Sejuani,Yone,Karthus,Janna
BR1_3248982186,1780640831750,2026-06-05 03:27:11,1869,0,0.6938775510204082,0.5330738240418118,1,2,Yasuo,Udyr,Xerath,Ziggs,Zoe,Vayne,Skarner,Kassadin,Kaisa,Gragas
BR1_3247883962,1780384106106,2026-06-02 04:08:26,1533,0,0.5243328100470958,,1,0,Malphite,Nocturne,Sion,Aphelios,Thresh,Jayce,Sylas,Zed,Jinx,Senna
BR1_3248308349,1780518107943,2026-06-03 17:21:47,923,1,,0.5590872562703548,0,2,Yone,LeeSin,Akali,Jhin,Sona,Fiora,MasterYi,Zed,Zyra,Seraphine
BR1_3249373811,1780751591402,2026-06-06 10:13:11,2125,1,,0.5544871794871795,0,1,Vayne,Graves,Ornn,Brand,Camille,Kayle,LeeSin,Annie,Tristana,Leona
BR1_3248228248,1780496456492,2026-06-03 11:20:56,933,0,0.6689655172413793,0.5481146769410814,1,2,Riven,MasterYi,Ryze,Cassiopeia,Nami,Gangplank,LeeSin,Yone,Yasuo,Zyra
BR1_3247707352,1780350418937,2026-06-01 18:46:58,934,0,0.5522788203753352,0.5328227571115973,1,1,Camille,Khazix,Viktor,Xerath,Bard,Renekton,Ekko,Vladimir,Mel,MissFortune
BR1_3249391456,1780756459037,2026-06-06 11:34:19,916,0,0.546,0.6418213058419244,1,2,Naafiri,Kindred,Diana,Varus,Zoe,MasterYi,Nidalee,Ryze,Senna,Alistar
BR1_3249721045,1780816881359,2026-06-07 04:21:21,1497,1,0.5958429255642879,,2,0,Teemo,Graves,TwistedFate,Ziggs,Nautilus,Gragas,Talon,Sylas,Vayne,Yuumi
BR1_3247928125,1780414537072,2026-06-02 12:35:37,1466,1,0.5532319391634981,,1,0,Rumble,Hecarim,Qiyana,Ezreal,Karma,KSante,Ekko,Viktor,Yunara,Lulu
BR1_3248225154,1780494781698,2026-06-03 10:53:01,1363,0,0.5434462444771723,0.5770722928182043,1,3,Jax,Vi,Yasuo,TahmKench,Poppy,Gangplank,Graves,Kassadin,Kaisa,Rell
BR1_3249354597,1780733271137,2026-06-06 05:07:51,1586,1,0.6938775510204082,0.5712630359212051,1,1,Riven,Zaahen,Katarina,Varus,Lux,Aurora,LeeSin,Syndra,Caitlyn,Janna
BR1_3249872950,1780861999877,2026-06-07 16:53:19,1800,0,,0.5568757475550552,0,2,Malzahar,Taliyah,Fizz,Jhin,Pyke,Ambessa,LeeSin,Ahri,Hwei,Morgana
BR1_3248251136,1780503087580,2026-06-03 13:11:27,1616,0,0.5663322185061316,0.504907306434024,1,1,Kayle,Gragas,Yasuo,Kaisa,Nautilus,Gangplank,Elise,Qiyana,Smolder,Lulu
BR1_3247630555,1780332529241,2026-06-01 13:48:49,1789,0,0.5808625336927223,0.5353500205212134,1,2,Yasuo,Nunu,Aurora,Caitlyn,Pantheon,Ambessa,LeeSin,Irelia,Heimerdinger,Senna
BR1_3248786404,1780611003368,2026-06-04 19:10:03,2438,1,,0.5373699148533586,0,1,Varus,Nocturne,Lissandra,Lucian,Rell,Vayne,LeeSin,Kassadin,Draven,Alistar
BR1_3248926602,1780627082284,2026-06-04 23:38:02,1996,1,0.54296875,0.515625,1,1,Udyr,Naafiri,Gragas,Kalista,Rakan,Pantheon,Lillia,Yasuo,Ashe,Seraphine
BR1_3247672395,1780343334115,2026-06-01 16:48:54,1212,0,0.5399019728297119,0.6909871244635193,2,1,Fiora,Sejuani,Jayce,AurelionSol,Sona,Irelia,DrMundo,Yone,Ziggs,Nautilus
BR1_3249299903,1780715890849,2026-06-06 00:18:10,2090,0,0.5193905817174516,0.5238095238095238,1,1,Ziggs,Qiyana,Yone,Ezreal,Camille,Akali,Viego,Riven,Brand,Senna
BR1_3249328364,1780720740765,2026-06-06 01:39:00,1428,1,0.541406653255858,0.6061353866997329,3,3,Renekton,Talon,Ahri,Varus,Leona,Fiora,Khazix,Kayle,Kaisa,Alistar
BR1_3248564481,1780576708902,2026-06-04 09:38:28,1965,0,,0.558667676003028,0,1,Cassiopeia,Viego,Aurora,AurelionSol,Nautilus,Qiyana,Ivern,Annie,Corki,Leona
BR1_3247479079,1780274679130,2026-05-31 21:44:39,1130,0,,0.5135440180586908,0,1,Gwen,JarvanIV,Anivia,Zeri,Sona,Qiyana,Vi,TwistedFate,Lucian,Nami
BR1_3249360484,1780742566650,2026-06-06 07:42:46,1344,0,,0.5601503759398496,0,1,Vladimir,Amumu,Kayle,Ezreal,Karma,Gnar,Vi,Akali,Draven,Nami
BR1_3248256577,1780505747965,2026-06-03 13:55:47,2060,1,0.5666666666666667,,1,0,Sett,Talon,Galio,Jinx,Lulu,Malphite,Udyr,Zed,Ezreal,Senna
BR1_3249005442,1780664738151,2026-06-05 10:05:38,2010,1,0.5454545454545454,,1,0,Malphite,Ambessa,Chogath,Swain,Zoe,Irelia,Naafiri,Fizz,Jinx,Rakan
BR1_3247973073,1780426194585,2026-06-02 15:49:54,2058,0,,0.5107741420590582,0,1,Varus,Shaco,Vladimir,Ezreal,Bard,Jayce,Sylas,Viktor,Lux,Sona
BR1_3248053879,1780441841870,2026-06-02 20:10:41,1982,0,0.540796963946869,0.604751275510204,1,2,Lillia,Kayn,Vladimir,Sivir,Thresh,Singed,Zaahen,Tristana,Ezreal,Bard
BR1_3247940781,1780418897673,2026-06-02 13:48:17,1368,0,0.5908004487585972,0.5556131495477544,2,3,Quinn,LeeSin,Malzahar,Varus,Rakan,Riven,JarvanIV,Qiyana,Katarina,Senna
BR1_3247693722,1780348159401,2026-06-01 18:09:19,1582,1,0.5797101449275363,0.554639175257732,1,1,Ambessa,XinZhao,Leblanc,Jinx,Braum,Akali,Rengar,Kassadin,Ashe,Senna
BR1_3247808202,1780363398560,2026-06-01 22:23:18,1849,0,,0.5426944971537002,0,1,Zaahen,FiddleSticks,Orianna,Sivir,Braum,Malzahar,Talon,Brand,Jinx,Nautilus
BR1_3247913314,1780409503456,2026-06-02 11:11:43,1414,1,,0.5118343195266272,0,1,Fiora,Jax,Hwei,Ashe,TahmKench,Kennen,Rengar,Taliyah,Senna,Sona
BR1_3249501452,1780776631696,2026-06-06 17:10:31,1750,0,0.5873744982874092,0.5675671406003159,2,3,Sion,LeeSin,Zed,Lux,Anivia,XinZhao,Aatrox,Kaisa,Karthus,Bard
BR1_3249572604,1780788623145,2026-06-06 20:30:23,1523,0,,0.5419237079221102,0,2,Yasuo,LeeSin,Malzahar,Smolder,Hwei,Ornn,Udyr,Vladimir,Vayne,Soraka
BR1_3248283806,1780512430015,2026-06-03 15:47:10,915,1,0.5934033541037431,,2,0,Vladimir,Udyr,Naafiri,Lux,Karma,Quinn,Shaco,Anivia,Diana,Shen
BR1_3248309438,1780518337071,2026-06-03 17:25:37,1878,1,0.5282274933065596,0.5367513636766793,2,2,Yorick,MasterYi,Ahri,Jhin,Soraka,Poppy,Jayce,Lissandra,Ezreal,Lux
BR1_3248995039,1780657729717,2026-06-05 08:08:49,1542,0,,0.5562913907284768,0,1,Malphite,Diana,Renekton,Ashe,Milio,Gwen,Lillia,Yasuo,Jinx,Nami
BR1_3249224076,1780705923633,2026-06-05 21:32:03,1566,0,0.599100049652433,0.5849467965186026,2,3,Yasuo,Talon,Zed,KogMaw,Nautilus,Renekton,Kindred,Annie,Kaisa,Gangplank
BR1_3249897657,1780864937733,2026-06-07 17:42:17,1568,0,0.5622710622710623,,1,0,Jax,RekSai,AurelionSol,Smolder,Soraka,Irelia,Aatrox,Akali,Twitch,Lulu
BR1_3248726298,1780603698747,2026-06-04 17:08:18,1780,1,0.6164623467600701,,1,0,Sion,MonkeyKing,Ahri,Jhin,TwistedFate,Olaf,Hecarim,Diana,MissFortune,Nautilus
BR1_3249618359,1780795383463,2026-06-06 22:23:03,1638,0,,0.6437346437346437,0,1,Riven,Zed,Tristana,Seraphine,Sona,Renekton,Talon,Cassiopeia,Zeri,Yuumi
BR1_3247926502,1780414191925,2026-06-02 12:29:51,1495,1,0.5296610169491526,0.5990715958514553,1,2,Teemo,Naafiri,Ahri,Ezreal,Camille,Ornn,LeeSin,Leblanc,AurelionSol,Nami
BR1_3247562367,1780288574177,2026-06-01 01:36:14,2067,0,,0.5707762557077626,0,1,Jayce,Graves,Aurora,Cassiopeia,Mel,Aatrox,RekSai,Akali,Jhin,Bard
BR1_3249712723,1780813037401,2026-06-07 03:17:17,911,0,0.5368421052631579,0.572938836525793,1,2,Jayce,LeeSin,Ahri,Sivir,Neeko,Elise,Belveth,Mel,Draven,Camille
BR1_3248005273,1780433625982,2026-06-02 17:53:45,1380,0,0.5658747300215983,0.5449678800856531,1,1,Camille,Naafiri,Lux,Aphelios,Lulu,Riven,Ekko,Ezreal,Hwei,Senna
BR1_3248625448,1780590175514,2026-06-04 13:22:55,1976,1,,0.5514950166112956,0,1,Jayce,Brand,Katarina,Vayne,Sona,Sion,Rengar,Yone,Mel,Nami
BR1_3248276147,1780510588378,2026-06-03 15:16:28,1559,0,,0.543450064850843,0,1,Camille,Naafiri,Sylas,Lucian,Milio,Fiora,Pantheon,Kassadin,Seraphine,Karma
BR1_3247801947,1780362815605,2026-06-01 22:13:35,1353,0,0.5243328100470958,0.6695068068458626,1,2,KSante,Lillia,Ekko,Caitlyn,Shen,Sion,Nunu,Yasuo,Draven,Nautilus
BR1_3248344512,1780524959011,2026-06-03 19:15:59,1857,1,0.5431841831425598,,1,0,Teemo,Amumu,Pantheon,Lucian,Lulu,Yasuo,XinZhao,Talon,Kaisa,Bard
BR1_3247694818,1780348446421,2026-06-01 18:14:06,1138,0,,0.5351351351351351,0,1,Malphite,XinZhao,Velkoz,Kaisa,Karma,Olaf,Aatrox,Orianna,Varus,Xerath
BR1_3249699316,1780808356748,2026-06-07 01:59:16,1510,1,0.5344295991778006,,1,0,Darius,Zed,Annie,Sivir,Thresh,Aurora,Kayn,Poppy,Senna,Nautilus
BR1_3248862535,1780619538761,2026-06-04 21:32:18,2087,1,,0.5824634655532359,0,1,Fiora,Zyra,Aurora,Ezreal,Thresh,Malphite,Ekko,Cassiopeia,Smolder,Karma
BR1_3249602772,1780793433608,2026-06-06 21:50:33,2396,1,0.5344295991778006,0.5967059409226685,1,2,Fiora,Graves,Katarina,Zyra,Soraka,Riven,Gwen,Zac,Aphelios,Rell
BR1_3249029426,1780672208852,2026-06-05 12:10:08,1539,0,,0.546,0,1,Ambessa,Shaco,Sylas,Caitlyn,Thresh,Yorick,XinZhao,Hwei,Brand,Leona
BR1_3248992274,1780655072919,2026-06-05 07:24:32,970,1,0.5495323004969308,0.5630408541437664,2,3,Ahri,Khazix,Cassiopeia,Xayah,Seraphine,Syndra,Quinn,Yasuo,Tristana,Sylas
BR1_3248401413,1780532622600,2026-06-03 21:23:42,1481,0,0.5431841831425598,0.5776265248080608,1,4,Ambessa,Nunu,Lissandra,Jhin,Bard,Fiora,MonkeyKing,Galio,Karthus,Pyke
BR1_3249312899,1780717963888,2026-06-06 00:52:43,1656,0,0.5544365721997301,0.5724790904811905,2,2,Sion,Ambessa,Azir,Jhin,Lux,TwistedFate,Talon,Ahri,Caitlyn,Neeko
BR1_3248196987,1780470534615,2026-06-03 04:08:54,976,0,,0.5562913907284768,0,1,Renekton,Hecarim,Riven,Karthus,Nami,Gragas,XinZhao,Zed,Sivir,Xerath
BR1_3249731706,1780833785012,2026-06-07 09:03:05,2059,1,0.5263929618768328,0.5255985171586512,1,2,Jayce,Taliyah,Ahri,Varus,Senna,Talon,LeeSin,Yone,Yunara,Milio
BR1_3248781035,1780610268008,2026-06-04 18:57:48,1996,0,,0.5438914027149321,0,1,XinZhao,Naafiri,Syndra,Senna,Rell,Anivia,Shaco,Taliyah,Jhin,Karma
BR1_3248227713,1780495963595,2026-06-03 11:12:43,1830,0,0.5443592930129798,0.6952789699570815,2,1,Vayne,MasterYi,Zed,Jhin,Rell,Naafiri,Ambessa,Cassiopeia,Hwei,Sona
BR1_3249015240,1780668083445,2026-06-05 11:01:23,1926,1,0.5363128491620112,0.5339491496874957,1,2,Jayce,Graves,Akali,Ezreal,Sona,Renekton,Kayn,Zed,Mel,Thresh
BR1_3249303053,1780716030289,2026-06-06 00:20:30,1976,1,,0.6498516320474778,0,1,Camille,Udyr,Graves,AurelionSol,Seraphine,Garen,XinZhao,Anivia,Yunara,Karma
BR1_3249455297,1780769258565,2026-06-06 15:07:38,2114,1,0.5468090943626516,0.5502278869509195,3,3,Garen,JarvanIV,Ekko,Kaisa,Karma,Pantheon,LeeSin,Zed,Ashe,Neeko
BR1_3249508064,1780777610254,2026-06-06 17:26:50,2029,0,0.5712630359212051,0.5321637426900585,1,1,Malphite,Talon,Vex,Lucian,Senna,Sylas,Khazix,Zed,Twitch,Ashe
BR1_3247668106,1780342186500,2026-06-01 16:29:46,1782,1,0.5980392156862745,0.5446009389671361,1,1,Yone,Rengar,Zac,Smolder,Soraka,Gwen,Aatrox,Vayne,AurelionSol,Neeko
BR1_3249370196,1780749252622,2026-06-06 09:34:12,1886,1,0.5601503759398496,0.5544871794871795,1,1,Trundle,Evelynn,Zed,Brand,Lux,Kennen,Naafiri,Talon,Jinx,Milio
BR1_3248557289,1780571874504,2026-06-04 08:17:54,1636,1,0.5397849414607281,0.5627009646302251,2,1,Yone,Skarner,Kassadin,Lucian,Milio,MasterYi,Rammus,Zed,Ezreal,Hwei
BR1_3248974199,1780636907381,2026-06-05 02:21:47,2098,1,0.5422535211267606,,1,0,KSante,Rengar,Ryze,Varus,Fizz,Gangplank,Briar,Vladimir,Ezreal,Sona
BR1_3247797754,1780362239802,2026-06-01 22:03:59,1446,1,0.5175879396984925,0.5397521699335966,1,2,Ornn,Jayce,Heimerdinger,Jinx,Zilean,Singed,Mordekaiser,Leblanc,Lucian,Sona
BR1_3247760125,1780357720894,2026-06-01 20:48:40,2000,1,0.5718706700342444,0.5834965729232297,2,3,Nasus,Talon,Orianna,Syndra,Alistar,Singed,Rengar,Yasuo,Kaisa,Leona
BR1_3248384370,1780530575861,2026-06-03 20:49:35,2665,1,0.5430861723446894,,1,0,Vayne,Taliyah,Zed,AurelionSol,Seraphine,Ryze,Nocturne,Leblanc,Yunara,Anivia
BR1_3247590670,1780317891660,2026-06-01 09:44:51,1639,1,0.5680851063829787,0.5280748663101604,1,1,Camille,Nunu,Ryze,Jhin,Rakan,Anivia,JarvanIV,Cassiopeia,Caitlyn,Janna
BR1_3247984887,1780429651699,2026-06-02 16:47:31,747,0,0.5280748663101604,,1,0,Renekton,LeeSin,Viktor,Senna,Nautilus,XinZhao,Rengar,Irelia,Ezreal,Neeko
BR1_3247570671,1780293530039,2026-06-01 02:58:50,73,0,,0.5205091937765205,0,1,Ambessa,Vi,Viktor,Ashe,Lulu,Aatrox,Lillia,Sylas,Vayne,Sona
BR1_3248216873,1780492674072,2026-06-03 10:17:54,1634,0,0.539580265095729,0.5281173594132029,2,1,Ambessa,MonkeyKing,Galio,Vex,Mel,Zed,Taliyah,Anivia,Caitlyn,Karma
BR1_3249537711,1780782236260,2026-06-06 18:43:56,1530,0,0.5328227571115973,0.5436513563720415,1,2,Rumble,Talon,Pantheon,Samira,Karma,Chogath,Viego,Yasuo,Yunara,Alistar
BR1_3249952596,1780871759823,2026-06-07 19:35:59,1458,1,,0.5847255369928401,0,1,Swain,Vi,Anivia,Smolder,Rakan,Shen,Hecarim,Leblanc,Ezreal,Alistar
BR1_3247613223,1780326889539,2026-06-01 12:14:49,1322,1,0.5606585227732384,,2,0,Renekton,Hecarim,Cassiopeia,Veigar,Soraka,Shen,Talon,Vladimir,Jinx,Leona
BR1_3248779794,1780610383506,2026-06-04 18:59:43,918,1,,0.5270655270655271,0,1,Varus,Rengar,Sylas,Senna,Pantheon,Vayne,Khazix,Fizz,Brand,Soraka
BR1_3248809820,1780613921033,2026-06-04 19:58:41,1382,0,,0.5850340136054422,0,1,TahmKench,Viego,Akali,Vayne,Camille,Sion,Amumu,Ahri,Aphelios,Karma
BR1_3247795000,1780362067865,2026-06-01 22:01:07,1499,0,0.5531914893617021,,1,0,Ornn,Evelynn,Karthus,Caitlyn,Karma,Gangplank,LeeSin,Azir,Varus,Leona
BR1_3249848599,1780858615396,2026-06-07 15:56:55,1281,0,,0.5527831094049904,0,1,Kled,Ekko,Katarina,Nilah,Seraphine,Gangplank,Malphite,Yone,Yunara,Nami
BR1_3247784397,1780360661986,2026-06-01 21:37:41,2083,0,,0.5607548819586126,0,2,Riven,Ambessa,Zoe,Sivir,Lulu,Garen,Taliyah,Jhin,Lux,Sona
BR1_3247676505,1780344330376,2026-06-01 17:05:30,1605,1,0.5281435412698785,0.5798657718120805,2,1,Rumble,Karthus,Zoe,Tryndamere,Lulu,Gnar,Hecarim,Ahri,Vladimir,Karma
BR1_3247824605,1780365623703,2026-06-01 23:00:23,922,1,,0.5532319391634981,0,1,TwistedFate,Viego,Fizz,Kaisa,Neeko,Sylas,Hecarim,Corki,Seraphine,Bard
BR1_3247746989,1780356373331,2026-06-01 20:26:13,1955,0,,0.5297592479082388,0,3,Vayne,LeeSin,Quinn,Cassiopeia,Sona,Ornn,Nocturne,Riven,Caitlyn,Soraka
BR1_3247949662,1780420996117,2026-06-02 14:23:16,1747,0,,0.5422535211267606,0,1,Ornn,LeeSin,Karthus,Yasuo,Nami,Riven,JarvanIV,Viktor,Twitch,Bard
BR1_3249764021,1780843829641,2026-06-07 11:50:29,1476,1,0.5631868131868132,0.6358695652173914,1,1,Ambessa,Briar,Kassadin,Xayah,Thresh,Yasuo,LeeSin,TwistedFate,Ezreal,Alistar
BR1_3247628842,1780332716747,2026-06-01 13:51:56,2103,0,0.6125,0.5601361159044858,1,4,KSante,Kayn,Talon,Kaisa,Nautilus,Zeri,Udyr,TwistedFate,Ezreal,Leona
BR1_3248357169,1780526695302,2026-06-03 19:44:55,1810,1,0.6358695652173914,0.5363636363636364,1,1,Akali,LeeSin,Hwei,Lucian,Braum,Vayne,Evelynn,Annie,Velkoz,Nami
BR1_3248208761,1780487768445,2026-06-03 08:56:08,1556,1,0.5644028103044496,,1,0,Gnar,Naafiri,Anivia,Ashe,TwistedFate,Vayne,MasterYi,Lissandra,Senna,Sona
BR1_3249957176,1780872122654,2026-06-07 19:42:02,1742,0,,0.5192582025677603,0,1,MonkeyKing,Naafiri,Anivia,TwistedFate,Thresh,Teemo,Evelynn,Aphelios,Seraphine,Senna
BR1_3247583966,1780314648703,2026-06-01 08:50:48,1771,1,0.6019736842105263,,1,0,Yasuo,LeeSin,Viktor,Yunara,Swain,Pantheon,Elise,Irelia,Caitlyn,Seraphine
BR1_3248344281,1780524834557,2026-06-03 19:13:54,2233,1,0.5753061900033101,0.5754996455492036,2,2,Sylas,Talon,TwistedFate,Yunara,Lulu,Malphite,Graves,Aurora,Draven,Sona
BR1_3247629381,1780332182554,2026-06-01 13:43:02,1485,1,0.5403973509933775,0.5862068965517241,1,1,Pantheon,Diana,Viktor,Nilah,Thresh,Garen,Udyr,AurelionSol,Ezreal,Nautilus
BR1_3247619388,1780329088176,2026-06-01 12:51:28,1756,0,0.5503096764791606,0.5582820989923732,2,3,Jayce,Kayn,Velkoz,MissFortune,Thresh,Quinn,Khazix,Ekko,Jhin,Nautilus
BR1_3247897706,1780402800920,2026-06-02 09:20:00,2045,0,,0.5429624346172135,0,2,Yasuo,Gwen,Swain,Tryndamere,Lulu,Malphite,Talon,Yone,Kaisa,Bard
BR1_3248282162,1780511799878,2026-06-03 15:36:39,1617,1,0.5734072022160664,0.5254470426409904,1,1,Kayle,Talon,Aurora,Senna,Poppy,Sett,Shaco,Velkoz,Ashe,Leona
BR1_3248637202,1780591944663,2026-06-04 13:52:24,1813,1,,0.5107741420590582,0,1,Ornn,JarvanIV,Syndra,Ezreal,Braum,Gangplank,Aatrox,Diana,Kaisa,Nami
BR1_3248605674,1780586813535,2026-06-04 12:26:53,1187,1,0.5259259259259259,,1,0,Pantheon,Nidalee,Yone,Zeri,Leona,Darius,Qiyana,Taliyah,Corki,Nami
BR1_3247673868,1780343828659,2026-06-01 16:57:08,1559,0,,0.5384558540983122,0,2,Ornn,Darius,Mel,Kalista,Janna,Gangplank,Kayn,Viktor,Aphelios,Karma
BR1_3248569698,1780578711660,2026-06-04 10:11:51,1762,0,,0.5244444444444445,0,1,DrMundo,Diana,TwistedFate,Jhin,Bard,Pantheon,Maokai,Lissandra,Kaisa,Nautilus
BR1_3247611492,1780326545383,2026-06-01 12:09:05,1619,1,,0.5528259443821292,0,2,Fiora,Evelynn,Xerath,Vladimir,Pantheon,Renekton,Nunu,Morgana,Caitlyn,Janna
BR1_3248312967,1780519488841,2026-06-03 17:44:48,1856,0,,0.5478641108528163,0,2,Gangplank,Ambessa,Diana,Ezreal,Leona,Kled,Zed,Leblanc,Yunara,Lulu
BR1_3248256908,1780506129946,2026-06-03 14:02:09,949,1,,0.5244444444444445,0,1,Smolder,Belveth,Aurora,Cassiopeia,Rakan,Ornn,MasterYi,AurelionSol,Ezreal,Alistar
BR1_3248138058,1780451678720,2026-06-02 22:54:38,1874,0,0.5797101449275363,,1,0,MonkeyKing,Belveth,Orianna,Varus,Xerath,Tristana,Nunu,Diana,Ashe,Seraphine
BR1_3248245786,1780502529091,2026-06-03 13:02:09,2072,0,0.5437956204379562,0.5563598759048604,1,1,Rumble,Rengar,Katarina,Seraphine,Leona,TahmKench,Naafiri,Fizz,Kaisa,Thresh
BR1_3248409062,1780533393393,2026-06-03 21:36:33,2103,0,,0.5107741420590582,0,1,Urgot,Nocturne,Kassadin,Draven,Neeko,Kled,Aatrox,Katarina,Ezreal,Bard
BR1_3247920574,1780412570401,2026-06-02 12:02:50,917,0,,0.5532319391634981,0,1,Naafiri,Shaco,Vayne,Katarina,Leona,Irelia,Hecarim,Riven,Seraphine,Braum
BR1_3249278850,1780712884443,2026-06-05 23:28:04,1708,1,0.5486322188449848,0.6093117408906883,1,1,Mordekaiser,Nocturne,Cassiopeia,Jhin,Seraphine,Poppy,Evelynn,Tristana,Taliyah,Camille
BR1_3248551795,1780565952420,2026-06-04 06:39:12,1878,0,0.5562913907284768,,1,0,Ambessa,Jax,Lux,Ezreal,Karma,Mordekaiser,XinZhao,Zed,Vayne,Lulu
BR1_3249046774,1780676476308,2026-06-05 13:21:16,1811,1,,0.558667676003028,0,1,Gangplank,XinZhao,Vladimir,Caitlyn,Karma,Aatrox,Shaco,Viktor,Kalista,Rell
BR1_3247892289,1780397039122,2026-06-02 07:43:59,2470,1,0.572289156626506,,1,0,Zeri,Briar,Xerath,Brand,Zilean,Ornn,Kindred,Ahri,Jhin,Soraka
BR1_3248831423,1780616125830,2026-06-04 20:35:25,1766,0,0.5969476079830452,0.5547559062948538,3,5,Anivia,Hecarim,Akali,Zyra,Alistar,Fiora,Kindred,Syndra,Brand,Camille
BR1_3248918046,1780625743015,2026-06-04 23:15:43,67,0,0.6026726192881096,0.5424769703172978,2,1,Fiora,Ekko,Akali,Caitlyn,Pantheon,Nidalee,Diana,Irelia,Xayah,Heimerdinger
BR1_3248144551,1780452909102,2026-06-02 23:15:09,934,0,0.5598748438989383,0.5887317474369165,4,4,Akali,Kindred,Riven,Cassiopeia,Leona,Anivia,MonkeyKing,Zoe,Ezreal,Rell
BR1_3248985791,1780646087852,2026-06-05 04:54:47,1307,0,0.5558735554015402,0.6339848246991105,3,3,Briar,Kindred,Chogath,Tristana,Braum,Kayle,MasterYi,Malphite,Zeri,Gragas
BR1_3247922625,1780413098780,2026-06-02 12:11:38,1849,0,,0.5118343195266272,0,1,Yone,JarvanIV,Ahri,Jhin,Xerath,Jax,Graves,Kassadin,Lucian,Nami
BR1_3249571080,1780788137051,2026-06-06 20:22:17,1753,0,0.5478424015009381,0.5270655270655271,1,1,KSante,Diana,Talon,Lucian,Nami,Shen,Gragas,Vladimir,Aphelios,Milio
BR1_3247820835,1780365236063,2026-06-01 22:53:56,2063,1,0.5558544788667479,0.5595625379015322,4,2,Gnar,Graves,Annie,Ashe,Zilean,Sion,Kindred,Ekko,Mel,Nautilus
BR1_3249455580,1780769434947,2026-06-06 15:10:34,1822,0,0.5429624346172135,0.5795454545454546,2,1,Illaoi,Naafiri,Yone,Varus,Pyke,KSante,Diana,Riven,Jinx,Milio
BR1_3249000308,1780662446073,2026-06-05 09:27:26,913,1,0.5281173594132029,0.6190476190476191,1,1,Gwen,JarvanIV,Cassiopeia,Ashe,Rakan,Renekton,Quinn,AurelionSol,Varus,Rell
BR1_3248562865,1780576145720,2026-06-04 09:29:05,1505,0,0.5192582025677603,,1,0,Gragas,Pantheon,Lux,Sivir,Neeko,Shen,Ekko,Yasuo,Ezreal,Taliyah
BR1_3249054089,1780677683166,2026-06-05 13:41:23,1948,0,,0.5543766578249337,0,1,Elise,Shyvana,Heimerdinger,Ezreal,Karma,Gnar,Sejuani,Orianna,Sivir,Milio
BR1_3247604523,1780324412445,2026-06-01 11:33:32,1585,0,,0.572829131652661,0,1,Poppy,Qiyana,Ahri,Yunara,Rell,Kled,Zed,AurelionSol,Jhin,Zilean
BR1_3248523361,1780548217816,2026-06-04 01:43:37,71,0,,0.5824634655532359,0,1,Garen,Rengar,Ahri,Caitlyn,Yorick,KSante,Belveth,Quinn,Lux,Lulu
BR1_3249608999,1780794419432,2026-06-06 22:06:59,1903,0,0.5850340136054422,0.5363636363636364,1,1,Renekton,Diana,Ekko,Yunara,Lulu,Vayne,Amumu,Viktor,Senna,Nautilus
BR1_3248199447,1780469019633,2026-06-03 03:43:39,1451,0,,0.5824561403508772,0,1,Gwen,Riven,Briar,Jhin,Leona,KSante,LeeSin,Kassadin,Xayah,Pantheon
BR1_3249733958,1780834905393,2026-06-07 09:21:45,1780,1,0.5540773466362332,0.5486686900980965,2,2,Gwen,Graves,Riven,Ezreal,Alistar,Shen,Rammus,Yone,Karthus,Sona
BR1_3249054818,1780678317995,2026-06-05 13:51:57,1556,0,,0.5514950166112956,0,1,Jayce,Zac,Azir,Draven,Brand,Vladimir,Kindred,Katarina,Ezreal,Seraphine
BR1_3247598137,1780320894835,2026-06-01 10:34:54,1094,1,0.544473112438892,0.6235646930527936,2,2,Jayce,Hecarim,Kassadin,Ezreal,Poppy,Gangplank,Rammus,Ekko,Kaisa,Nami
BR1_3249029292,1780672064739,2026-06-05 12:07:44,1914,0,,0.5431841831425598,0,1,Shen,Ambessa,Heimerdinger,Ezreal,Pyke,Gangplank,Maokai,Syndra,Caitlyn,Karma
BR1_3247522506,1780280152100,2026-05-31 23:15:52,1555,0,,0.6093117408906883,0,1,Zed,Nidalee,Akshan,Ezreal,Braum,Riven,Nocturne,Lux,Vayne,Rakan
BR1_3248300399,1780516417912,2026-06-03 16:53:37,1178,0,,0.5426944971537002,0,1,Ambessa,Rammus,TwistedFate,Ziggs,Alistar,Gangplank,Nunu,Katarina,Sivir,Shen
BR1_3249760240,1780843089657,2026-06-07 11:38:09,1415,0,,0.6019736842105263,0,1,Malzahar,Evelynn,Yasuo,Lucian,Rell,Yone,XinZhao,Xerath,Heimerdinger,Velkoz
BR1_3249823180,1780854884577,2026-06-07 14:54:44,1618,1,0.6093117408906883,0.5317939698492462,1,2,Sion,Viego,Syndra,Samira,Nautilus,Nasus,Zed,Hwei,Yunara,Lulu
BR1_3248682596,1780598386162,2026-06-04 15:39:46,2598,0,,0.5268306096794468,0,2,Malphite,Kayn,Ryze,Twitch,Karma,Varus,Nasus,Irelia,Ezreal,Bard
BR1_3249364631,1780747069071,2026-06-06 08:57:49,3066,0,,0.6015831134564644,0,1,Kled,Rumble,Talon,Jinx,Janna,Gangplank,Shaco,Taliyah,Varus,DrMundo
BR1_3248683190,1780598246720,2026-06-04 15:37:26,1404,0,,0.5348360655737705,0,1,Ambessa,Talon,Zed,Kaisa,Karma,Kayle,Viego,Katarina,Xayah,Sona
BR1_3248050971,1780441410488,2026-06-02 20:03:30,1590,1,0.5392736231183121,0.5706375192604006,2,2,Renekton,LeeSin,Ahri,Ashe,Seraphine,Aatrox,Kayn,Orianna,Ezreal,Nami
BR1_3248393733,1780531855731,2026-06-03 21:10:55,1611,1,0.5574898925027801,0.541343669250646,2,1,Yasuo,LeeSin,Xerath,Varus,Nautilus,Jayce,Kayn,TwistedFate,Ezreal,Camille
BR1_3247553403,1780285830649,2026-06-01 00:50:30,1515,1,0.519901751492912,,2,0,Jayce,LeeSin,Aurora,Quinn,Sona,Kennen,Shyvana,Akshan,Varus,Poppy
BR1_3247913154,1780409295812,2026-06-02 11:08:15,1466,0,0.5446009389671361,0.6689655172413793,1,1,Vayne,LeeSin,Heimerdinger,Ezreal,Seraphine,TwistedFate,MonkeyKing,Vladimir,MissFortune,Neeko
BR1_3248922988,1780626764459,2026-06-04 23:32:44,1762,1,0.5238095238095238,0.535843692966279,1,2,Quinn,Hecarim,Riven,Karthus,Camille,Jayce,Khazix,Ryze,Jhin,Anivia
BR1_3249022371,1780670011781,2026-06-05 11:33:31,1802,0,0.5707641107156133,0.6952789699570815,4,1,Jax,Pantheon,Naafiri,Draven,Nautilus,Varus,XinZhao,Alistar,Corki,Nami
BR1_3248712807,1780602309544,2026-06-04 16:45:09,1841,1,0.5627009646302251,0.6102564102564103,1,1,Ornn,Taliyah,Naafiri,Aphelios,Thresh,Akali,JarvanIV,Annie,Kalista,Lulu
BR1_3248192901,1780466300296,2026-06-03 02:58:20,2455,0,0.5281173594132029,0.5655665158758657,1,3,Jax,Talon,Annie,Morgana,Katarina,Fiora,LeeSin,Qiyana,Vayne,Karma
BR1_3247985391,1780429358829,2026-06-02 16:42:38,1722,0,,0.5422535211267606,0,1,Velkoz,MonkeyKing,Ryze,MissFortune,Pantheon,Vayne,JarvanIV,Hwei,Jhin,Annie
BR1_3249005248,1780664437460,2026-06-05 10:00:37,1600,0,0.5627009646302251,0.5562913907284768,1,1,Malphite,Rengar,Ahri,Caitlyn,Ivern,Shaco,LeeSin,Lux,Kaisa,Pantheon
BR1_3248288998,1780514256616,2026-06-03 16:17:36,1482,1,,0.522154648132059,0,1,Volibear,Talon,Zoe,Karthus,Rell,Yorick,Lillia,Ryze,Yunara,Shen
BR1_3247626282,1780331021608,2026-06-01 13:23:41,1568,1,0.5107741420590582,,1,0,Sion,Aatrox,Leblanc,Sivir,Sona,Riven,Graves,Vex,Corki,Janna
BR1_3247893326,1780398153259,2026-06-02 08:02:33,1982,0,0.5357142857142857,,1,0,Rumble,Naafiri,Orianna,Ezreal,Thresh,Yasuo,Quinn,TwistedFate,Xayah,Soraka
BR1_3248272255,1780509642483,2026-06-03 15:00:42,1613,0,,0.5631868131868132,0,1,Gangplank,Naafiri,Kassadin,Hwei,Senna,Yorick,Khazix,Ezreal,KogMaw,Brand
BR1_3247698432,1780348906435,2026-06-01 18:21:46,1984,0,0.5680851063829787,0.5254470426409904,1,1,Varus,MasterYi,Zed,Tristana,Nautilus,Shen,Shaco,Lissandra,Seraphine,Nami
BR1_3248955689,1780632208532,2026-06-05 01:03:28,1845,0,0.5193905817174516,,1,0,Anivia,LeeSin,Ryze,Senna,Alistar,Aurora,Zed,Yone,Ziggs,Bard
BR1_3248249209,1780503118199,2026-06-03 13:11:58,2029,0,0.5614814391053917,0.5408953561556903,3,4,Ambessa,LeeSin,Cassiopeia,Jhin,Senna,Varus,Kindred,Kassadin,Ashe,Neeko
BR1_3248315813,1780519587670,2026-06-03 17:46:27,1771,1,0.5426944971537002,0.5862068965517241,1,1,Gnar,Hecarim,Mel,Brand,Karma,Garen,Nidalee,TwistedFate,Senna,Nami
BR1_3248031615,1780438295671,2026-06-02 19:11:35,1908,0,0.5935483870967742,,1,0,Teemo,LeeSin,Yasuo,Caitlyn,Galio,Riven,Zyra,Cassiopeia,Brand,Soraka
BR1_3247727855,1780353712762,2026-06-01 19:41:52,1593,0,0.5434462444771723,0.5321637426900585,1,1,Brand,LeeSin,Talon,Lucian,Sona,Akali,Rammus,Yasuo,Kaisa,Zyra
BR1_3249556198,1780785451271,2026-06-06 19:37:31,1464,0,,0.5259259259259259,0,1,KogMaw,Vi,Lux,Caitlyn,Nami,Quinn,Shaco,Ahri,Jinx,Soraka
BR1_3249821319,1780854544831,2026-06-07 14:49:04,2211,1,0.5474059386715657,0.5449678800856531,2,1,TwistedFate,Kayn,Lissandra,Aphelios,Karma,Yone,Kindred,Leblanc,Lux,Bard
BR1_3247917436,1780411071242,2026-06-02 11:37:51,2199,0,0.5680851063829787,0.5806529209621993,1,2,Vayne,Rammus,Fizz,Ezreal,Karma,Darius,Naafiri,Veigar,Kaisa,Velkoz
BR1_3247986467,1780429497677,2026-06-02 16:44:57,1662,0,,0.5627009646302251,0,1,Gwen,Kled,Katarina,Jhin,Brand,Malphite,LeeSin,Hwei,Ezreal,Karma
BR1_3247876691,1780378019885,2026-06-02 02:26:59,1739,0,,0.5450819672131147,0,1,Sion,Khazix,Zed,Brand,Bard,Akali,Rengar,Malphite,Yunara,Lulu
BR1_3248022309,1780436704074,2026-06-02 18:45:04,2095,0,,0.5259259259259259,0,1,Vayne,Amumu,Irelia,Swain,Sona,Karthus,Gragas,Lissandra,Yasuo,Maokai
BR1_3249003171,1780663557547,2026-06-05 09:45:57,1449,1,0.5631868131868132,,1,0,Ambessa,Warwick,Lux,Jhin,Xerath,Ahri,Nocturne,Vex,Lucian,Milio
BR1_3249899943,1780865319471,2026-06-07 17:48:39,1491,1,0.5404080796652655,,2,0,Jayce,LeeSin,Sylas,Caitlyn,TwistedFate,Illaoi,Kayn,Ziggs,Draven,Leona
BR1_3248997127,1780659616189,2026-06-05 08:40:16,1377,0,0.5475156561833322,0.5344295991778006,2,1,DrMundo,Kayn,Qiyana,Mel,Galio,Fiora,Rammus,Diana,Vayne,Braum
BR1_3247565769,1780290810600,2026-06-01 02:13:30,2127,1,,0.5446009389671361,0,1,Ornn,LeeSin,Orianna,Senna,Rakan,Yasuo,MasterYi,Viktor,Ezreal,Brand
BR1_3249144952,1780695128200,2026-06-05 18:32:08,1971,0,,0.5710382513661202,0,1,Yone,Qiyana,Veigar,Kaisa,Soraka,Ornn,Lillia,Talon,Ezreal,Galio
BR1_3247975662,1780426871426,2026-06-02 16:01:11,928,0,0.5534682080924855,0.5505371703322182,1,2,Jayce,Ekko,Leblanc,Kaisa,Nautilus,Ornn,Belveth,Viktor,Ezreal,Nami
BR1_3249640563,1780798426274,2026-06-06 23:13:46,1753,0,0.5562913907284768,0.5422957057377676,1,2,Sion,Qiyana,Malzahar,Jinx,Senna,Darius,Viego,Leblanc,Ashe,Seraphine
BR1_3249024060,1780670664682,2026-06-05 11:44:24,1750,1,,0.540796963946869,0,1,Yorick,Rengar,Akali,Varus,Nautilus,Ornn,Kayn,Jayce,Ziggs,Senna
BR1_3248688232,1780599079845,2026-06-04 15:51:19,2014,0,0.5566079757777534,0.5449234973234096,3,5,Vayne,Viego,Varus,MissFortune,Rakan,Jayce,DrMundo,Vladimir,Tristana,Camille
BR1_3248546222,1780556746235,2026-06-04 04:05:46,1553,0,,0.5426944971537002,0,1,Kled,Khazix,Talon,Ziggs,Xerath,Irelia,LeeSin,Fizz,Brand,Karma
BR1_3248808329,1780613514513,2026-06-04 19:51:54,1557,1,0.5824561403508772,0.6358695652173914,1,1,Quinn,Viego,Orianna,Jhin,Pyke,Gragas,LeeSin,Veigar,Kaisa,Rakan
BR1_3248367461,1780528093458,2026-06-03 20:08:13,1895,0,0.5955284552845529,0.5785738099268082,1,3,Fiora,Graves,Akali,Kaisa,Rakan,Udyr,Sylas,Vladimir,Yasuo,Soraka
BR1_3248274688,1780510287578,2026-06-03 15:11:27,1574,0,0.5543766578249337,0.5485521160526987,1,2,DrMundo,Sejuani,Taliyah,Ezreal,Yuumi,Sion,Pantheon,Anivia,Karthus,Bard
BR1_3248999862,1780662923260,2026-06-05 09:35:23,1660,1,0.5734166098010969,0.5325342465753424,2,1,Garen,Nunu,Zed,Kaisa,Karma,Gangplank,Kayn,Talon,Ezreal,Thresh
BR1_3248530976,1780550842717,2026-06-04 02:27:22,1789,1,,0.5135440180586908,0,1,Jax,Jayce,Lux,Lucian,Sona,Yorick,JarvanIV,Morgana,Sivir,Blitzcrank
BR1_3249863022,1780860360415,2026-06-07 16:26:00,1553,1,0.5107741420590582,,1,0,Udyr,Aatrox,Ryze,Caitlyn,Bard,Swain,Pantheon,Jayce,Anivia,Leona
BR1_3249427234,1780764143060,2026-06-06 13:42:23,1765,1,0.5118343195266272,,1,0,Yasuo,Diana,Lux,Jhin,Rell,Malphite,Vi,XinZhao,Caitlyn,Karma
BR1_3248202641,1780475774745,2026-06-03 05:36:14,946,0,0.540796963946869,0.5663322185061316,1,1,Ornn,Kayn,Viktor,Yasuo,Zilean,Vayne,Hecarim,Xerath,Yunara,Lulu
BR1_3247855164,1780370279192,2026-06-02 00:17:59,1876,1,,0.5320284697508897,0,1,Zaahen,Nidalee,Briar,Seraphine,Senna,Garen,Nunu,TwistedFate,Xayah,Bard
BR1_3248532006,1780550453529,2026-06-04 02:20:53,2178,1,0.5422535211267606,,1,0,RekSai,XinZhao,Sylas,Ezreal,Bard,Rengar,Khazix,Ekko,Lux,Seraphine
BR1_3247740732,1780355501619,2026-06-01 20:11:41,1606,0,0.5344295991778006,0.6102564102564103,1,1,Renekton,Ekko,Xerath,Ezreal,Karma,Jax,LeeSin,Annie,Caitlyn,Rakan
BR1_3247892717,1780399078808,2026-06-02 08:17:58,1428,0,0.5631868131868132,0.5446009389671361,1,1,Pantheon,RekSai,Syndra,Twitch,Nami,Kayle,LeeSin,Quinn,Lux,Xerath
BR1_3248675085,1780597121904,2026-06-04 15:18:41,2164,0,0.5527768005531766,0.5442434333190953,2,2,LeeSin,RekSai,Vayne,Brand,Sona,Shen,Khazix,Cassiopeia,Yunara,Pantheon
BR1_3247971200,1780425475486,2026-06-02 15:37:55,2017,1,0.5342636895268474,0.568297372356334,2,2,Jax,LeeSin,Cassiopeia,Vladimir,Alistar,Teemo,Vi,Yasuo,Ezreal,Brand
BR1_3248859516,1780619258161,2026-06-04 21:27:38,1701,0,0.5672565777613966,0.5885009648279853,3,4,Anivia,Hecarim,Yone,Yunara,Lulu,Gragas,Aatrox,Kaisa,Varus,TwistedFate
BR1_3248285448,1780512916045,2026-06-03 15:55:16,911,0,0.5684772617849171,0.5739526858438142,2,2,Rumble,Lillia,Renekton,MissFortune,Rell,Darius,LeeSin,Katarina,Draven,Neeko
BR1_3247625639,1780331311572,2026-06-01 13:28:31,1703,0,,0.5437378440502152,0,2,Irelia,MasterYi,Galio,Mel,Maokai,Renekton,Diana,Briar,Ezreal,Pyke
BR1_3248762529,1780608208794,2026-06-04 18:23:28,1919,1,0.5758161108975473,0.5794908216783217,3,2,KSante,Naafiri,Zoe,Varus,Neeko,Vayne,Karthus,Irelia,Jhin,Rell
BR1_3249750137,1780840428498,2026-06-07 10:53:48,1836,1,0.5646359583952452,,1,0,Kled,Nocturne,Aurora,Corki,Nautilus,Vayne,Naafiri,Nidalee,Xayah,Pantheon
BR1_3249071565,1780681934386,2026-06-05 14:52:14,70,1,,0.511686143572621,0,1,Aurora,Sylas,Sion,Zeri,Rakan,Rumble,Diana,Yone,Ashe,Janna
BR1_3248162735,1780455663548,2026-06-03 00:01:03,1520,1,0.5884476534296029,0.5522788203753352,1,1,Yasuo,LeeSin,Swain,Jinx,Rell,Aatrox,Khazix,Kassadin,Vayne,Sona
BR1_3248899971,1780623935341,2026-06-04 22:45:35,1643,0,0.5658747300215983,0.5913635204220079,1,3,Udyr,Vi,Yasuo,Anivia,Nautilus,Aatrox,LeeSin,Katarina,Zeri,Rakan
BR1_3248551838,1780566201492,2026-06-04 06:43:21,1385,1,0.5522877869816122,0.5456646423751688,3,2,Renekton,Vi,Kassadin,Karthus,Seraphine,Yasuo,Diana,Yone,Kaisa,Sona
BR1_3247601122,1780322293221,2026-06-01 10:58:13,1742,1,,0.5456623043031836,0,2,Shen,XinZhao,Ahri,Heimerdinger,Rell,Riven,Khazix,Ryze,Yunara,Bard
BR1_3247619765,1780329574535,2026-06-01 12:59:34,1594,1,0.5663322185061316,0.5980392156862745,1,1,KSante,Khazix,Ahri,Aphelios,Seraphine,Fizz,Kayn,Syndra,Jinx,Rakan
BR1_3249892085,1780864067261,2026-06-07 17:27:47,2010,1,,0.5462089582150372,0,2,Lux,Nidalee,Zed,Ezreal,Nautilus,XinZhao,LeeSin,Viktor,Ashe,Seraphine
BR1_3248842037,1780617094356,2026-06-04 20:51:34,2037,0,,0.5175879396984925,0,1,Ryze,Maokai,Akshan,Jhin,Bard,Irelia,Khazix,Ziggs,Caitlyn,Leona
BR1_3249338253,1780723131195,2026-06-06 02:18:51,1892,1,0.6173613107214717,0.5505313787147726,2,3,Darius,Khazix,Ahri,Nilah,Nami,Renekton,Naafiri,Kayle,MissFortune,Leona
BR1_3247729657,1780353903127,2026-06-01 19:45:03,1580,0,,0.5543766578249337,0,1,Rumble,Quinn,Jax,Nilah,Soraka,Yone,Karthus,Syndra,Yunara,Bard
BR1_3247491038,1780276003910,2026-05-31 22:06:43,1478,1,0.5614352452922312,0.5738330020518875,3,4,Jax,Kayn,Ahri,Smolder,Alistar,Riven,Sylas,TwistedFate,Lucian,Milio
BR1_3248996311,1780659771306,2026-06-05 08:42:51,922,1,0.5562913907284768,,1,0,Olaf,Lillia,Yone,Jinx,Milio,Aatrox,MonkeyKing,Mel,Jhin,Senna
BR1_3249246093,1780708566651,2026-06-05 22:16:06,1539,1,,0.5661375661375662,0,1,Gangplank,Zyra,Nasus,Jhin,Bard,Garen,Nocturne,Talon,Cassiopeia,Rell
BR1_3249773708,1780846365367,2026-06-07 12:32:45,1497,0,,0.5271013354281225,0,1,Illaoi,Taric,Xerath,Varus,Nami,Olaf,Vi,Vladimir,Mel,Thresh
BR1_3247973233,1780426350676,2026-06-02 15:52:30,2112,0,0.5351351351351351,0.6144200626959248,1,1,Gangplank,Ambessa,AurelionSol,Ezreal,Nautilus,Teemo,LeeSin,Zed,Heimerdinger,Alistar
BR1_3248355012,1780526136417,2026-06-03 19:35:36,1581,0,0.5496127924782257,,2,0,Gnar,Quinn,TwistedFate,Yunara,Senna,Naafiri,JarvanIV,Katarina,Jinx,Lulu
BR1_3248003832,1780433289763,2026-06-02 17:48:09,1355,1,0.5562145981575923,0.5422535211267606,2,1,Gragas,LeeSin,Sylas,Yunara,Rell,Yasuo,Graves,Ekko,Ashe,Seraphine
BR1_3248191929,1780464348085,2026-06-03 02:25:48,1731,1,0.5344295991778006,0.5824561403508772,1,1,Riven,Nocturne,Katarina,Jhin,Seraphine,Zed,Ekko,Ambessa,Brand,Karma
BR1_3248516230,1780546948500,2026-06-04 01:22:28,1901,1,,0.5414012738853503,0,1,Yasuo,Naafiri,Briar,Brand,Nautilus,Kennen,Qiyana,Orianna,Kaisa,Rell
BR1_3247804866,1780363285825,2026-06-01 22:21:25,1550,0,,0.5422535211267606,0,1,Cassiopeia,Nunu,Aurora,Jinx,Nautilus,Singed,XinZhao,Ryze,Jhin,Karma
BR1_3248330801,1780522667186,2026-06-03 18:37:47,1619,0,,0.6089029658151506,0,2,Karthus,Graves,Mel,Swain,Rell,Sylas,LeeSin,Galio,Yunara,Soraka
BR1_3247714917,1780352030541,2026-06-01 19:13:50,1804,0,0.5710382513661202,0.5735735735735735,1,1,Irelia,JarvanIV,Talon,Caitlyn,Janna,Yasuo,MonkeyKing,Annie,Jhin,Pyke
BR1_3248231457,1780497009963,2026-06-03 11:30:09,1554,0,0.5327014218009478,0.5325342465753424,1,1,XinZhao,Karthus,Corki,Ashe,Seraphine,Quinn,Kayn,Kassadin,Yasuo,Senna
BR1_3248486782,1780542637778,2026-06-04 00:10:37,913,0,,0.5501618122977346,0,1,Yone,XinZhao,Annie,Samira,Pantheon,Ornn,Viego,Qiyana,Karthus,Seraphine
BR1_3249015669,1780668569677,2026-06-05 11:09:29,1428,0,0.5846105483758296,0.5786794361079126,3,4,Vladimir,Quinn,Ryze,Jhin,Camille,Yone,Graves,Zed,Kaisa,Leona
BR1_3249887702,1780863731127,2026-06-07 17:22:11,1622,1,,0.5135440180586908,0,1,Vayne,Maokai,Zed,Jinx,Lulu,Garen,Rengar,Akali,Lucian,Milio
BR1_3248284814,1780513077315,2026-06-03 15:57:57,650,1,0.5985507246376811,,2,0,Rumble,Talon,Riven,Kaisa,Nautilus,DrMundo,Taliyah,Annie,Jhin,Poppy
BR1_3249709324,1780810921311,2026-06-07 02:42:01,2110,0,0.5822492916163038,0.5563033525859256,2,2,Olaf,Sylas,Zed,Jinx,Senna,Vayne,Tryndamere,Yasuo,Veigar,Hwei
BR1_3247740244,1780355239413,2026-06-01 20:07:19,1353,0,,0.5562913907284768,0,1,Gragas,Jayce,Lux,Jinx,TwistedFate,Yorick,Amumu,Yone,Sivir,Rakan
BR1_3247862617,1780372552748,2026-06-02 00:55:52,1727,0,0.5320284697508897,0.5884476534296029,1,1,Garen,Vi,Cassiopeia,Xayah,Bard,TwistedFate,LeeSin,Kayle,Zeri,Seraphine
BR1_3248716466,1780602620391,2026-06-04 16:50:20,1421,0,0.572289156626506,0.5478424015009381,1,1,MonkeyKing,Qiyana,Anivia,Senna,Karma,Chogath,Talon,Yasuo,Varus,Rell
BR1_3248723447,1780603436744,2026-06-04 17:03:56,1861,0,0.5449678800856531,0.5415094609778792,1,4,Vayne,Talon,TwistedFate,Smolder,Braum,Rumble,Kayn,Jayce,Aurora,Thresh
BR1_3248140190,1780452207782,2026-06-02 23:03:27,938,0,,0.5661375661375662,0,1,Akali,Sylas,Naafiri,Seraphine,Senna,Ornn,Graves,Kassadin,Aphelios,Thresh
BR1_3247733301,1780354265507,2026-06-01 19:51:05,1652,1,,0.6041131105398457,0,1,Rumble,JarvanIV,Yasuo,Cassiopeia,Pyke,Ambessa,LeeSin,Azir,Brand,Senna
BR1_3247996864,1780432287989,2026-06-02 17:31:27,1474,0,,0.5666666666666667,0,1,Gangplank,Rengar,Diana,Kalista,Thresh,Mordekaiser,Talon,Yasuo,Jhin,Senna
BR1_3247501674,1780277426101,2026-05-31 22:30:26,1236,1,0.5168661588683352,,1,0,Singed,LeeSin,Katarina,Caitlyn,Senna,Vayne,Naafiri,Kassadin,Lucian,Nami
BR1_3248193680,1780465880175,2026-06-03 02:51:20,1412,0,0.5548854192898514,0.515625,2,1,Cassiopeia,LeeSin,Lux,Senna,Soraka,Kassadin,Nunu,Xerath,Jhin,Nami
BR1_3248367978,1780528389654,2026-06-03 20:13:09,1854,1,0.6743002544529262,0.5430861723446894,1,1,Yasuo,LeeSin,Ekko,Sivir,Zoe,Nasus,JarvanIV,Leblanc,AurelionSol,Bard
BR1_3248795612,1780612178767,2026-06-04 19:29:38,1510,1,0.5685358255451713,0.604382013661842,1,3,Renekton,Sylas,Ahri,Yunara,Thresh,Nasus,MasterYi,Zac,Varus,Nami
BR1_3248615786,1780588561132,2026-06-04 12:56:01,1290,1,0.5680851063829787,,1,0,Garen,LeeSin,Kassadin,Ezreal,Zyra,Jax,MonkeyKing,Viktor,Yasuo,Rakan
BR1_3248189729,1780463635019,2026-06-03 02:13:55,1829,1,0.5135440180586908,,1,0,Mordekaiser,Naafiri,Morgana,Corki,Lulu,Gangplank,Graves,Quinn,Katarina,Lux
BR1_3248258584,1780505906888,2026-06-03 13:58:26,932,0,,0.5532319391634981,0,1,Volibear,Ekko,AurelionSol,Jinx,Galio,Shen,Hecarim,Yasuo,Veigar,Rell
BR1_3248811861,1780614135055,2026-06-04 20:02:15,1808,1,0.5344295991778006,0.5941679140283402,1,3,Renekton,LeeSin,Talon,Brand,Bard,Volibear,Zaahen,Vladimir,Anivia,Lux
BR1_3249703196,1780809265703,2026-06-07 02:14:25,1484,1,0.5238095238095238,,1,0,XinZhao,Zac,Riven,Ezreal,Karma,KSante,LeeSin,Leblanc,Vladimir,Seraphine
BR1_3248956085,1780631792178,2026-06-05 00:56:32,1834,1,0.5270655270655271,,1,0,Ambessa,Talon,Zoe,Draven,Karma,Malphite,Graves,Akali,AurelionSol,Xerath
BR1_3249084544,1780684364178,2026-06-05 15:32:44,1692,1,0.5280748663101604,0.5462743386326716,1,2,Jax,LeeSin,Ahri,Ezreal,Senna,Jayce,Rengar,Xerath,Jhin,Poppy
BR1_3248190190,1780462756741,2026-06-03 01:59:16,2156,1,0.5480769230769231,0.5631868131868132,1,1,Urgot,Evelynn,Kayle,Cassiopeia,Pyke,Zaahen,Skarner,Akali,Lux,Nami
BR1_3249694634,1780807228737,2026-06-07 01:40:28,1668,1,0.5431841831425598,0.5238095238095238,1,1,Kennen,Ekko,Zed,Kaisa,Lulu,Varus,Quinn,Riven,Ezreal,Nautilus
BR1_3249744857,1780839481584,2026-06-07 10:38:01,606,1,0.5348360655737705,0.5576131687242798,1,1,Riven,MasterYi,Syndra,Smolder,Sona,Irelia,Lillia,Ekko,Draven,Pyke
BR1_3248978515,1780639249944,2026-06-05 03:00:49,1391,0,,0.5631868131868132,0,1,Shen,JarvanIV,Fizz,KogMaw,Braum,Fiora,FiddleSticks,Zoe,Samira,Leona
BR1_3247645514,1780336746098,2026-06-01 14:59:06,1495,0,0.5450819672131147,,1,0,Pantheon,Ekko,Katarina,Samira,Rell,Gangplank,XinZhao,Malzahar,Vladimir,Janna
BR1_3248204695,1780483303280,2026-06-03 07:41:43,1496,0,0.5735735735735735,0.5884476534296029,1,1,Gangplank,Gwen,Zed,Sivir,Yuumi,Riven,LeeSin,Chogath,Kaisa,Pyke
BR1_3248798641,1780612540548,2026-06-04 19:35:40,1627,0,0.6282727821727067,0.5592801801216637,3,3,Sion,MonkeyKing,Ahri,Kaisa,Alistar,Aatrox,Pantheon,Syndra,Corki,Sona
BR1_3249720041,1780816269589,2026-06-07 04:11:09,1416,0,,0.5414012738853503,0,1,Darius,Naafiri,Katarina,Yunara,Nami,Vayne,Sion,Talon,Brand,Nautilus
BR1_3248988121,1780647067420,2026-06-05 05:11:07,1342,1,0.5193905817174516,,1,0,Jax,Rengar,Yone,Senna,Karma,Garen,JarvanIV,TwistedFate,Samira,Nautilus
BR1_3249273175,1780711958188,2026-06-05 23:12:38,1736,0,0.5689648512939358,0.556046779308582,2,3,Garen,Ekko,Irelia,Caitlyn,Seraphine,Jax,Kindred,Lissandra,Lucian,Camille
BR1_3248547787,1780559654473,2026-06-04 04:54:14,1645,0,,0.5710382513661202,0,1,TahmKench,Viego,Lux,Lucian,Neeko,Kennen,Kayn,TwistedFate,Smolder,Nami
BR1_3249817901,1780854319158,2026-06-07 14:45:19,1777,0,0.504907306434024,0.6433566433566433,1,1,Graves,Elise,Yasuo,Yunara,Morgana,Akali,Kayn,Naafiri,Seraphine,Thresh
BR1_3247880250,1780379411944,2026-06-02 02:50:11,1732,0,,0.6358695652173914,0,1,Jayce,MonkeyKing,Aurora,Jinx,Zilean,Yorick,Graves,Naafiri,Vayne,Nami
BR1_3247665272,1780341388295,2026-06-01 16:16:28,1287,0,0.543450064850843,0.6909871244635193,1,1,Ambessa,MasterYi,Sylas,Aphelios,Lulu,Renekton,Aatrox,Viktor,Varus,Nautilus
BR1_3247650755,1780338151286,2026-06-01 15:22:31,2295,1,0.5454997383568811,,2,0,XinZhao,DrMundo,Viktor,Lucian,Nami,Yasuo,Ekko,Xerath,Nilah,Nautilus
BR1_3247790939,1780361540861,2026-06-01 21:52:20,2051,0,,0.5661375661375662,0,1,RekSai,LeeSin,Mel,Seraphine,TahmKench,Renekton,Elise,Kassadin,MissFortune,Rell
BR1_3249647745,1780799532561,2026-06-06 23:32:12,1424,0,,0.5238095238095238,0,1,Jayce,Viego,Katarina,Ashe,Thresh,Riven,MonkeyKing,Hwei,Jhin,Leona
BR1_3249852757,1780859261315,2026-06-07 16:07:41,1976,0,0.5576131687242798,0.5613335951450705,1,3,Illaoi,Viego,TwistedFate,Ezreal,Sona,Zilean,Briar,Jayce,Senna,Camille
BR1_3248429667,1780536006700,2026-06-03 22:20:06,1513,1,,0.5328227571115973,0,1,Shen,Talon,Malzahar,Vayne,Soraka,Ornn,Morgana,Smolder,Jinx,Karma
BR1_3249184404,1780700880778,2026-06-05 20:08:00,2200,0,,0.5935483870967742,0,1,Rumble,Jayce,Kassadin,Lucian,Thresh,Teemo,Sylas,Tristana,Aphelios,Senna
BR1_3248403625,1780532826188,2026-06-03 21:27:06,2362,0,0.6124579854711049,0.5645120968861976,2,2,Garen,LeeSin,Diana,Draven,Janna,Renekton,JarvanIV,Ekko,Syndra,Thresh
BR1_3248518627,1780547582282,2026-06-04 01:33:02,1357,1,0.5884476534296029,0.542689137984782,1,2,Yorick,LeeSin,Kassadin,MissFortune,Nautilus,Sylas,RekSai,XinZhao,Lucian,Milio
BR1_3247475508,1780274426862,2026-05-31 21:40:26,933,0,,0.515625,0,1,Tryndamere,Diana,Quinn,Jhin,Janna,Volibear,Ekko,Katarina,Ezreal,Heimerdinger
BR1_3247641828,1780335996331,2026-06-01 14:46:36,1488,0,,0.5572017800933463,0,2,Gragas,LeeSin,XinZhao,Anivia,Poppy,Gnar,Kayn,Zed,Varus,Sona
BR1_3247739633,1780355244092,2026-06-01 20:07:24,1155,0,0.5826911515548997,0.5728980380676884,2,4,Aatrox,XinZhao,Lissandra,Ezreal,Singed,Vayne,Rengar,Sylas,Sivir,Soraka
BR1_3248657964,1780595335838,2026-06-04 14:48:55,1259,0,,0.5663322185061316,0,1,Kennen,Nasus,Zoe,Ashe,Seraphine,Jayce,Khazix,Aatrox,Lux,Sona
BR1_3248578802,1780581156851,2026-06-04 10:52:36,913,1,0.5251360037726309,0.6172253151963879,2,2,Varus,Hecarim,Sylas,Yunara,Thresh,Jayce,Diana,Ahri,Xayah,Sona
BR1_3249653243,1780799915177,2026-06-06 23:38:35,2419,1,0.5623762843881096,0.566287990109144,3,2,Aatrox,Rengar,Ekko,Velkoz,Bard,Gangplank,Nasus,Kayle,Seraphine,Janna
BR1_3247888152,1780388199524,2026-06-02 05:16:39,1843,0,,0.5363128491620112,0,1,Akali,Udyr,Pantheon,Sivir,Rakan,Sion,Shyvana,Anivia,Varus,Braum
BR1_3248868868,1780620411401,2026-06-04 21:46:51,1670,1,0.5795955526174378,0.5637688774227316,3,3,Riven,LeeSin,Aurora,Varus,Alistar,Irelia,Nidalee,Lissandra,Mel,Camille
BR1_3247626176,1780330870439,2026-06-01 13:21:10,909,0,0.6086866480052798,0.6256970851958865,2,2,Ornn,Khazix,Aurora,Ezreal,Soraka,Vayne,Viego,Cassiopeia,Nilah,Rakan
BR1_3248279486,1780511113441,2026-06-03 15:25:13,1506,0,,0.5421940928270043,0,1,Velkoz,Quinn,Katarina,Smolder,AurelionSol,KSante,Maokai,Riven,Ezreal,Zyra
BR1_3248212295,1780489230772,2026-06-03 09:20:30,2042,1,0.567268051239518,0.5626053586942139,3,2,Lulu,Quinn,Ahri,Ezreal,Bard,Jayce,Gragas,Riven,Hwei,Pyke
BR1_3249626082,1780796273818,2026-06-06 22:37:53,914,0,0.5619469026548672,0.5562913907284768,1,1,Zac,Khazix,Akali,Yunara,Lulu,Nasus,Ekko,Ahri,Jinx,Soraka
BR1_3248561452,1780575015893,2026-06-04 09:10:15,1630,0,0.5165123329236134,0.5614256702850373,2,2,Renekton,Quinn,Malzahar,Kindred,Elise,Shen,Rammus,Anivia,Ezreal,Karma
BR1_3249908876,1780866455169,2026-06-07 18:07:35,1885,1,0.5260361317747078,,1,0,KSante,Talon,Lux,Jhin,Pyke,Ambessa,Hecarim,Zoe,Senna,Leona
BR1_3247609085,1780325265761,2026-06-01 11:47:45,1833,0,0.6530612244897959,0.5420790581636612,1,2,Ornn,Viego,Mordekaiser,Mel,Alistar,Yone,Hecarim,Hwei,MissFortune,Nautilus
BR1_3249502714,1780776935575,2026-06-06 17:15:35,1663,0,0.5361029902135646,0.5646463619260691,2,2,Vayne,Nocturne,Pantheon,Lucian,Sona,Teemo,Kayn,Velkoz,Lux,Nami
BR1_3249956446,1780872163285,2026-06-07 19:42:43,1722,0,,0.5450819672131147,0,1,Olaf,Udyr,Talon,Ashe,Zilean,Kayle,XinZhao,Viktor,Ezreal,Poppy
BR1_3247805744,1780363176733,2026-06-01 22:19:36,1346,0,0.5595703760497905,0.5395180990450811,4,2,TwistedFate,Jayce,Orianna,Kaisa,Thresh,Sion,Zed,Mel,Ashe,Sona
BR1_3247560882,1780289067156,2026-06-01 01:44:27,1622,0,0.5505226480836237,0.5534246575342465,1,1,Cassiopeia,Ambessa,Galio,Ziggs,Pyke,Jayce,Rengar,Zoe,Samira,Sona
BR1_3249854411,1780859211607,2026-06-07 16:06:51,1500,0,0.5318860244233379,0.532802356491451,1,2,Gragas,Pantheon,Taliyah,Varus,Karma,Gangplank,Udyr,Viktor,Yunara,Neeko
BR1_3248259895,1780506293006,2026-06-03 14:04:53,2283,0,,0.5327014218009478,0,1,Anivia,Khazix,Lux,Caitlyn,Bard,Zed,LeeSin,Veigar,Karthus,Sona
BR1_3249040420,1780675084857,2026-06-05 12:58:04,1408,0,,0.5543859649122806,0,1,Teemo,LeeSin,Lissandra,Ezreal,Karma,DrMundo,Lillia,Irelia,Caitlyn,Lux
BR1_3248555223,1780568588981,2026-06-04 07:23:08,938,1,,0.504907306434024,0,1,RekSai,Kayn,AurelionSol,Smolder,Xerath,Darius,Elise,Thresh,Lucian,Nami
BR1_3248035024,1780438585426,2026-06-02 19:16:25,1561,1,0.5648218829516539,0.5424769703172978,2,1,Jayce,DrMundo,Malzahar,Ezreal,Zac,Sett,Kayn,TwistedFate,Hwei,Nautilus
BR1_3248634178,1780591286534,2026-06-04 13:41:26,1904,0,0.558667676003028,0.5513109766519673,1,2,Gnar,Rammus,Vladimir,Karthus,Leona,Quinn,Shaco,Zed,Lux,Zilean
BR1_3249486782,1780774531776,2026-06-06 16:35:31,1781,1,0.543450064850843,,1,0,Aatrox,Udyr,Syndra,Lucian,Nami,Quinn,Skarner,Ahri,MissFortune,Sona
BR1_3248138021,1780451688688,2026-06-02 22:54:48,1812,1,0.5853994490358126,,1,0,Ryze,Hecarim,Viktor,MissFortune,Camille,Nasus,Graves,Syndra,Ezreal,Senna
BR1_3247658153,1780339537307,2026-06-01 15:45:37,1780,0,0.5421831285193186,0.5628003822501579,2,3,Vladimir,RekSai,Ahri,Caitlyn,Bard,Cassiopeia,Kayn,Yasuo,AurelionSol,TwistedFate
BR1_3248972442,1780636693319,2026-06-05 02:18:13,1580,0,,0.6938775510204082,0,1,Pantheon,Vi,Zoe,Draven,Thresh,Gwen,MasterYi,Irelia,Aphelios,Zilean
BR1_3247984780,1780429603309,2026-06-02 16:46:43,2280,0,0.626774193548387,0.5239094780363105,2,2,Teemo,Graves,Ryze,Riven,Nautilus,Poppy,Nasus,Taliyah,Smolder,Soraka
BR1_3249642042,1780798408863,2026-06-06 23:13:28,1729,0,,0.558974358974359,0,1,TahmKench,Evelynn,Zoe,Caitlyn,Seraphine,Anivia,Lillia,Riven,Ashe,Karma
BR1_3248615173,1780588133294,2026-06-04 12:48:53,2078,1,0.572829131652661,,1,0,Olaf,Lillia,Zed,Jhin,Jax,Sion,Ambessa,Akali,Ezreal,Neeko
BR1_3248046060,1780440346655,2026-06-02 19:45:46,1316,1,0.5373699148533586,0.5710382513661202,1,1,Aurora,LeeSin,Ryze,Xayah,Nautilus,Irelia,Gragas,Talon,Nilah,Shen
BR1_3247930257,1780415166177,2026-06-02 12:46:06,1590,0,0.5514950166112956,,1,0,Shen,Fizz,Irelia,Tristana,Nami,Renekton,Graves,Galio,Twitch,Lulu
BR1_3249009535,1780666399901,2026-06-05 10:33:19,1370,1,0.5562913907284768,,1,0,Diana,Rammus,Zed,Jinx,Sona,Ryze,Nunu,Irelia,Caitlyn,Velkoz
BR1_3249289642,1780714318835,2026-06-05 23:51:58,962,1,0.5712630359212051,0.5877492294684014,1,2,Nasus,Zed,Sylas,Lucian,Nami,XinZhao,Hecarim,Kayle,Caitlyn,Bard
BR1_3249061354,1780679663965,2026-06-05 14:14:23,1976,1,0.522154648132059,,1,0,Jax,Ekko,Ahri,Yunara,Senna,Sion,Shaco,Sylas,Lucian,Milio
BR1_3249470446,1780771781065,2026-06-06 15:49:41,1336,0,0.5618099198616102,0.5945094721780849,4,5,Yasuo,Diana,Qiyana,Kaisa,Rakan,Gangplank,DrMundo,Taliyah,Ezreal,Bard
BR1_3247917550,1780411163016,2026-06-02 11:39:23,1199,0,0.5508521035248254,0.6267106267106267,2,2,Olaf,Kayn,Riven,Swain,Soraka,KSante,Ivern,Ahri,Kaisa,Sona
BR1_3247896739,1780402570735,2026-06-02 09:16:10,1266,1,,0.5884476534296029,0,1,Malphite,MasterYi,Lux,Twitch,Milio,Vladimir,Talon,Kassadin,Jhin,Zilean
BR1_3249898456,1780864894462,2026-06-07 17:41:34,1825,0,0.558288409703504,0.5701971029349736,2,3,Sion,JarvanIV,Xerath,Heimerdinger,Gragas,Quinn,Nasus,TwistedFate,Cassiopeia,Nami
BR1_3248664714,1780596148726,2026-06-04 15:02:28,2579,0,,0.6096866096866097,0,1,Camille,LeeSin,Vex,Samira,Rakan,Mordekaiser,Ivern,Annie,Ezreal,Lux
BR1_3249413244,1780761271586,2026-06-06 12:54:31,912,1,,0.5514950166112956,0,1,Shen,Hecarim,Brand,Senna,Alistar,Garen,Kindred,Sylas,Varus,Janna
BR1_3247881855,1780381935604,2026-06-02 03:32:15,1245,0,0.5344295991778006,0.5192582025677603,1,1,Renekton,Nocturne,Ahri,Senna,Poppy,Karma,Talon,Aurora,Xerath,Pyke
BR1_3247598943,1780322227662,2026-06-01 10:57:07,1511,0,,0.5437956204379562,0,1,Gnar,Viego,Zed,Mel,Senna,Jax,JarvanIV,TwistedFate,Hwei,Lux
BR1_3247650508,1780337889190,2026-06-01 15:18:09,1719,0,0.5107741420590582,,1,0,XinZhao,Aatrox,Yone,Kaisa,Blitzcrank,Darius,Ekko,Riven,Jhin,Thresh
BR1_3248466213,1780539944497,2026-06-03 23:25:44,1863,0,,0.5241786856424335,0,2,Renekton,Talon,Akali,Jhin,Xerath,Aatrox,Udyr,LeeSin,Ezreal,Pyke
BR1_3247702689,1780349834665,2026-06-01 18:37:14,1366,0,0.5389005090697907,0.5462618107799584,2,2,Olaf,Naafiri,Leblanc,Lucian,Sona,Ambessa,XinZhao,Anivia,Ezreal,Seraphine
BR1_3248897556,1780623501226,2026-06-04 22:38:21,1104,0,0.5388060527262164,0.6164623467600701,2,1,Gangplank,Kayn,Fizz,Tristana,Nautilus,Jayce,Olaf,Vladimir,Ezreal,Braum
BR1_3247864591,1780373090868,2026-06-02 01:04:50,1790,1,0.5582551259223549,0.5612397471152668,2,3,Quinn,Kayn,Ryze,MissFortune,Pyke,Varus,Shaco,Naafiri,Ziggs,Karma
BR1_3247946611,1780420079845,2026-06-02 14:07:59,3342,0,0.5609575348743608,0.6015831134564644,3,1,Jayce,Elise,Zoe,Caitlyn,Nautilus,Gragas,Graves,Taliyah,Zyra,Karma
BR1_3247962720,1780424332042,2026-06-02 15:18:52,1759,0,0.5397521699335966,0.551323876452413,2,3,Gangplank,Shaco,Lux,Lissandra,Zilean,KogMaw,MasterYi,Swain,Ezreal,Alistar
BR1_3248369040,1780528366184,2026-06-03 20:12:46,2097,1,,0.5531914893617021,0,1,Garen,Rengar,Katarina,Kaisa,Nautilus,Aatrox,Ekko,Ahri,Karthus,Rakan
BR1_3248072746,1780444187086,2026-06-02 20:49:47,2185,1,0.5597353497164461,0.6235639484009372,2,2,Vayne,Sylas,Cassiopeia,Singed,Soraka,Zaahen,MasterYi,Lux,Xerath,Nautilus
BR1_3248327129,1780521436715,2026-06-03 18:17:16,1020,1,,0.5534246575342465,0,1,Ambessa,Talon,Veigar,Xayah,Zilean,Olaf,Rammus,Viktor,Swain,Senna
BR1_3248202761,1780476961377,2026-06-03 05:56:01,1371,1,0.5646359583952452,0.540796963946869,1,1,Riven,Rammus,Ahri,MissFortune,Zilean,Yone,Viego,Veigar,Yasuo,Rell
BR1_3247626333,1780331030714,2026-06-01 13:23:50,1254,1,0.5243328100470958,,1,0,TahmKench,LeeSin,Katarina,Senna,Rakan,Gangplank,Sejuani,Ekko,Lucian,Nami
BR1_3249294377,1780714794306,2026-06-05 23:59:54,1940,1,,0.5710382513661202,0,1,Yasuo,Talon,Singed,Vladimir,Rakan,Gnar,MasterYi,Sylas,KogMaw,Alistar
BR1_3248236818,1780500038024,2026-06-03 12:20:38,1510,1,,0.5259259259259259,0,1,Fizz,Talon,Vladimir,Yunara,Zilean,Shyvana,Graves,Zoe,Yasuo,Bard
BR1_3248680756,1780598318172,2026-06-04 15:38:38,1882,1,,0.5981308411214953,0,1,Renekton,Khazix,Galio,Smolder,Nautilus,Gnar,Rengar,Lux,Ezreal,Braum
BR1_3247484309,1780275410376,2026-05-31 21:56:50,2019,1,0.5581013774788606,0.5487293577534212,4,2,Riven,Malphite,Cassiopeia,Mel,Alistar,Ornn,Rammus,Ryze,Draven,Nautilus
BR1_3247948462,1780420709139,2026-06-02 14:18:29,1745,1,0.5205091937765205,,1,0,Jayce,XinZhao,Akali,Lucian,Nautilus,Kennen,Skarner,Anivia,Ezreal,Karma
BR1_3247710493,1780351076786,2026-06-01 18:57:56,1272,0,,0.5401053423626787,0,2,Fiora,Nasus,Viktor,Tristana,Neeko,TahmKench,Talon,Galio,Kaisa,Rell
BR1_3248262254,1780506712708,2026-06-03 14:11:52,1514,1,,0.5243328100470958,0,1,KSante,Zed,Ryze,AurelionSol,Nami,Zyra,LeeSin,Galio,Ezreal,Karma
BR1_3248270318,1780508865781,2026-06-03 14:47:45,1797,0,0.5408450704225352,0.5205091937765205,1,1,Ambessa,JarvanIV,Syndra,Kaisa,Thresh,Renekton,Khazix,Zoe,Hwei,Karma
BR1_3249001518,1780663084642,2026-06-05 09:38:04,1517,1,0.5328227571115973,0.5735735735735735,1,1,Sion,Ekko,Irelia,Senna,Alistar,Gwen,Zed,Diana,Xayah,Rakan
BR1_3248307231,1780517372881,2026-06-03 17:09:32,2288,1,0.504907306434024,0.5619469026548672,1,1,Jayce,Elise,Galio,Twitch,Lulu,Ambessa,Talon,Katarina,Seraphine,Nami
BR1_3249499184,1780776186281,2026-06-06 17:03:06,2223,0,0.5107741420590582,0.5797101449275363,1,1,Jayce,Ekko,Taliyah,Kaisa,Sona,Yone,XinZhao,Lissandra,Jinx,Alistar
BR1_3248769086,1780608873781,2026-06-04 18:34:33,2044,1,,0.5543766578249337,0,1,Irelia,Kayn,Vex,Ezreal,Neeko,Yasuo,Sejuani,Jayce,Jhin,Mel
BR1_3248321700,1780521101499,2026-06-03 18:11:41,1390,1,0.6440065681444992,0.5271704910027799,2,2,Gragas,Nunu,Vladimir,Vayne,Lulu,Yone,Kayn,Ekko,Caitlyn,Lux
BR1_3247998112,1780431793975,2026-06-02 17:23:13,1491,0,0.5570610053406946,0.5459285471702691,2,2,Rumble,Rengar,Qiyana,Lucian,Nami,Shen,Quinn,TwistedFate,Brand,Leona
BR1_3248279670,1780511322589,2026-06-03 15:28:42,2050,0,,0.5107741420590582,0,1,Sion,DrMundo,Yone,Ziggs,Zilean,Gangplank,Trundle,Syndra,Twitch,Galio
BR1_3247924321,1780413572347,2026-06-02 12:19:32,1559,0,,0.5617884057025413,0,2,Gangplank,Pantheon,Diana,Heimerdinger,Neeko,Garen,LeeSin,Sylas,Lucian,Nami
BR1_3249082536,1780683774133,2026-06-05 15:22:54,1148,0,,0.5766423357664233,0,1,Ekko,Khazix,Anivia,Lucian,Sona,Yone,Rengar,Annie,Caitlyn,Nami
BR1_3248208448,1780486786752,2026-06-03 08:39:46,2014,0,0.558667676003028,0.5407655093910073,1,2,Malphite,Nasus,Quinn,Sivir,Nautilus,Garen,LeeSin,Kassadin,Yasuo,Nami
BR1_3248164107,1780455867590,2026-06-03 00:04:27,1711,0,0.5661375661375662,0.607319587628866,1,2,Jayce,LeeSin,Kassadin,Jinx,Ekko,TahmKench,Evelynn,Riven,Vladimir,Brand
BR1_3248994593,1780658478300,2026-06-05 08:21:18,2033,0,,0.522154648132059,0,1,Vladimir,Aatrox,Riven,Ashe,Karma,Renekton,Ekko,Orianna,Xayah,Rakan
BR1_3248545877,1780558991929,2026-06-04 04:43:11,1692,1,,0.5193905817174516,0,1,Renekton,Khazix,Nidalee,Caitlyn,Hwei,Kled,JarvanIV,Zac,Senna,Sona
BR1_3247836327,1780367214832,2026-06-01 23:26:54,73,1,0.5563598759048604,0.5428824220162611,1,2,Aatrox,Gragas,Xerath,Kaisa,Senna,KogMaw,Kayn,Briar,Ezreal,Sona
BR1_3248202080,1780471706266,2026-06-03 04:28:26,1568,0,,0.545816733067729,0,1,Renekton,Ekko,Qiyana,Lux,Xerath,Garen,Hecarim,Zac,Ezreal,Senna
BR1_3248191390,1780463265672,2026-06-03 02:07:45,1951,1,0.5321637426900585,0.5703293321021853,1,2,Skarner,MonkeyKing,TwistedFate,Karthus,TahmKench,Swain,Naafiri,Kassadin,Senna,Taric
BR1_3247639293,1780334965823,2026-06-01 14:29:25,1728,0,0.6909871244635193,,1,0,Fiora,Skarner,Lux,Xayah,Rakan,Yasuo,Ambessa,Vladimir,MissFortune,Nami
BR1_3248955872,1780632355589,2026-06-05 01:05:55,1213,1,,0.5238095238095238,0,1,Jax,LeeSin,Kayle,Lucian,Braum,Teemo,Vi,Riven,Jinx,Thresh
BR1_3248698793,1780600466651,2026-06-04 16:14:26,2216,0,0.5982818123832521,0.5715677667752092,2,4,Gangplank,Taliyah,Twitch,Smolder,Sona,Garen,Ambessa,Kayle,Caitlyn,Lux
BR1_3248645811,1780593559069,2026-06-04 14:19:19,1635,1,0.5631868131868132,0.5357142857142857,1,1,Aatrox,Talon,Sylas,Ashe,Soraka,Kayle,Viego,Katarina,Ezreal,Bard
BR1_3247634089,1780333104876,2026-06-01 13:58:24,962,0,0.6033005108222538,0.554639175257732,2,1,Gragas,Talon,TwistedFate,Kaisa,Camille,Poppy,LeeSin,Seraphine,Velkoz,Shen
BR1_3247662014,1780340406435,2026-06-01 16:00:06,2073,0,0.5560407569141194,0.522154648132059,1,1,Garen,LeeSin,Annie,Ziggs,Hwei,Darius,JarvanIV,Lux,Smolder,Morgana
BR1_3247578982,1780305975384,2026-06-01 06:26:15,941,0,0.5502032580198545,0.5672514619883041,2,1,Renekton,Naafiri,Akali,Yunara,Brand,Pantheon,Aatrox,Leblanc,Twitch,Vi
BR1_3247801023,1780362396360,2026-06-01 22:06:36,1974,1,0.5534564101705187,0.5715947650273395,3,3,Zed,Nocturne,Singed,Tryndamere,Karma,Shen,RekSai,Sylas,Ezreal,TwistedFate
BR1_3248645024,1780593034203,2026-06-04 14:10:34,1101,1,0.5560407569141194,0.522154648132059,1,1,Jax,Kayn,Hwei,Twitch,Pantheon,Gangplank,Kindred,TwistedFate,Yunara,Rell
BR1_3248227165,1780495111789,2026-06-03 10:58:31,1802,0,,0.5259259259259259,0,1,Darius,Talon,Ryze,Lucian,Sona,Olaf,Karthus,Yasuo,Vladimir,Senna
BR1_3249845447,1780858062090,2026-06-07 15:47:42,1925,0,0.5388646288209606,0.6015831134564644,1,1,Renekton,LeeSin,Taliyah,Yasuo,DrMundo,Aatrox,Talon,Ekko,Jinx,Rell
BR1_3248158622,1780454952451,2026-06-02 23:49:12,2066,0,0.5965909090909091,,1,0,Rumble,MonkeyKing,Diana,Ezreal,Nami,KSante,Khazix,Anivia,Lucian,Nautilus
BR1_3247721126,1780352526726,2026-06-01 19:22:06,1785,0,0.5795454545454546,0.5628200872534143,1,2,Garen,Naafiri,Katarina,Heimerdinger,Leona,Renekton,RekSai,Vladimir,Varus,Pantheon
BR1_3247502777,1780277714316,2026-05-31 22:35:14,1389,0,,0.5532319391634981,0,1,KSante,Tryndamere,Qiyana,AurelionSol,Alistar,Teemo,Hecarim,Lissandra,Ziggs,Zilean
BR1_3248273493,1780510025187,2026-06-03 15:07:05,1943,1,0.579855344675404,0.5766423357664233,2,1,Riven,LeeSin,Kassadin,Lucian,Senna,Gnar,Udyr,Anivia,Tristana,Nautilus
BR1_3249624498,1780796282600,2026-06-06 22:38:02,1218,1,,0.6093117408906883,0,1,Vayne,Zaahen,Renekton,Seraphine,Yuumi,Kled,LeeSin,Riven,Varus,Camille
BR1_3247892787,1780399364089,2026-06-02 08:22:44,1405,1,,0.5414922847046659,0,2,Gragas,LeeSin,Riven,Karthus,Senna,Gnar,Viego,Yasuo,Twitch,Yuumi
BR1_3248199206,1780468055068,2026-06-03 03:27:35,1464,1,0.5282109819734345,0.5493461651812742,2,3,Lucian,Kayn,Sylas,Ezreal,Zilean,TwistedFate,XinZhao,Cassiopeia,Varus,Velkoz
BR1_3248082456,1780445204269,2026-06-02 21:06:44,1871,0,0.5361328125,,1,0,Yorick,MasterYi,Veigar,Smolder,Karma,Illaoi,Elise,TwistedFate,Ashe,Skarner
BR1_3247967257,1780425087786,2026-06-02 15:31:27,1504,1,0.570230607966457,0.6068052930056711,1,1,Swain,MasterYi,Qiyana,Ziggs,Nautilus,Malphite,Jax,Ryze,Ezreal,Seraphine
BR1_3248306567,1780517659436,2026-06-03 17:14:19,1179,0,,0.5442089724682481,0,2,Darius,Ekko,Riven,Mel,Karma,Vayne,Udyr,Yone,Caitlyn,Lulu
BR1_3247900088,1780403365683,2026-06-02 09:29:25,1858,1,0.5357142857142857,0.5415560602237363,1,2,TahmKench,LeeSin,Kassadin,Syndra,Janna,Lissandra,RekSai,Jayce,MissFortune,Nautilus
BR1_3247907005,1780406440955,2026-06-02 10:20:40,1579,1,0.5527831094049904,,1,0,Ekko,Zac,Yone,Kaisa,Sona,Sett,Naafiri,Vladimir,Ezreal,Soraka
BR1_3248010068,1780434282581,2026-06-02 18:04:42,1677,0,0.5192582025677603,0.5471490973528024,1,2,Mordekaiser,Ekko,Qiyana,Brand,Nami,Olaf,MonkeyKing,Lissandra,Kaisa,Soraka
BR1_3249455569,1780769455708,2026-06-06 15:10:55,1341,0,,0.5716217726612272,0,2,Yasuo,Kayn,Hwei,Sivir,Neeko,Renekton,LeeSin,Diana,Kaisa,Blitzcrank
BR1_3247564684,1780290565497,2026-06-01 02:09:25,2132,1,0.5480769230769231,0.5361803991768461,1,3,Quinn,XinZhao,Kayle,Veigar,Zilean,Ambessa,Naafiri,Orianna,Velkoz,Nami
BR1_3249819253,1780854338179,2026-06-07 14:45:38,1968,0,0.5564149226569608,0.5594155164442259,2,3,Gragas,Tryndamere,Ahri,Varus,Karma,Jax,Kayn,Ryze,Ashe,Seraphine
BR1_3248709451,1780601732119,2026-06-04 16:35:32,2111,0,,0.5522788203753352,0,1,Gangplank,Shaco,Syndra,Draven,Pyke,DrMundo,LeeSin,Vladimir,Jhin,Karma
BR1_3249428104,1780764338169,2026-06-06 13:45:38,929,0,0.5981308411214953,0.6194797591167615,1,2,KSante,Graves,Ryze,Jhin,Sylas,Ahri,MasterYi,Galio,Draven,Lux
BR1_3249399689,1780758683867,2026-06-06 12:11:23,1528,0,0.5434899017902579,0.5198647506339814,2,1,Nasus,Pantheon,Lissandra,Mel,Sona,Garen,XinZhao,Viego,Yunara,Pyke
BR1_3247708277,1780350594765,2026-06-01 18:49:54,1897,0,,0.5351344795685824,0,2,Jayce,RekSai,Mel,Velkoz,Nami,Sylas,LeeSin,Viktor,Ashe,Thresh
BR1_3248899081,1780623533924,2026-06-04 22:38:53,1052,1,0.5728292654988386,0.5581154580034291,4,2,TwistedFate,Graves,Vladimir,Neeko,Nautilus,Irelia,Talon,Xerath,Caitlyn,Bard
BR1_3248185934,1780462267350,2026-06-03 01:51:07,1907,0,0.5546704614725223,0.5390834394001138,3,2,Vayne,Viego,Vladimir,Varus,Thresh,RekSai,Kayn,Ryze,Ezreal,Nautilus
BR1_3249080438,1780683555823,2026-06-05 15:19:15,1638,0,,0.5270655270655271,0,1,Yone,Rengar,Vladimir,Ashe,Poppy,DrMundo,Shaco,Sylas,Yasuo,Janna
BR1_3247643181,1780335904560,2026-06-01 14:45:04,2090,1,0.5511971753282577,0.5770399863001969,2,2,Aatrox,Maokai,Qiyana,Brand,Karma,Anivia,Khazix,TahmKench,Hwei,Pyke
BR1_3248221333,1780493449381,2026-06-03 10:30:49,2192,1,,0.5354969504219844,0,2,Irelia,XinZhao,Viktor,Yunara,Bard,Fizz,MasterYi,Leblanc,AurelionSol,Thresh
BR1_3248569105,1780577918952,2026-06-04 09:58:38,1511,0,,0.5711238267329217,0,2,Gangplank,Nocturne,Malzahar,KogMaw,Senna,Garen,RekSai,Hwei,MissFortune,Heimerdinger
BR1_3248333892,1780523454924,2026-06-03 18:50:54,2172,0,0.5391304347826087,0.5720182907600126,1,2,Jayce,Talon,Taliyah,Draven,Nautilus,Vladimir,Ambessa,Ahri,Tristana,Camille
BR1_3248450962,1780538423152,2026-06-03 23:00:23,917,0,,0.543450064850843,0,1,Zaahen,Evelynn,Zoe,Nilah,Taric,Pantheon,Udyr,Gragas,Xayah,Soraka
BR1_3248083257,1780445142769,2026-06-02 21:05:42,1316,0,,0.5980392156862745,0,1,Sion,Brand,Zed,Mel,Karma,Swain,Naafiri,Quinn,Ashe,Sona
BR1_3248630202,1780590708285,2026-06-04 13:31:48,935,1,,0.5107741420590582,0,1,Malphite,Evelynn,Ryze,Sivir,Milio,Gangplank,Sylas,Aurora,Samira,Rell
BR1_3249641179,1780798263305,2026-06-06 23:11:03,2275,0,0.5647515783146106,0.611752387359509,3,3,Vayne,Diana,Anivia,Sivir,Neeko,Rumble,Vi,Sion,Ezreal,Lissandra
BR1_3248790464,1780611516238,2026-06-04 19:18:36,1375,1,,0.5803402646502835,0,1,Renekton,JarvanIV,Zoe,Jinx,Rakan,Nasus,Shaco,Zeri,Naafiri,Yuumi
BR1_3247552412,1780285808976,2026-06-01 00:50:08,1946,1,0.5899509425319194,0.5662999342905396,3,4,Fiora,RekSai,Ahri,Brand,Karma,Sylas,Viego,LeeSin,Ezreal,Sona
BR1_3248638099,1780591902814,2026-06-04 13:51:42,2011,1,0.5662466271662634,0.5553696194342687,2,3,Yone,MonkeyKing,Viktor,Vladimir,Nami,Pantheon,Shaco,Annie,Draven,Pyke
BR1_3248910435,1780624955171,2026-06-04 23:02:35,1506,0,0.542184983614597,0.5460480039350178,3,3,Jax,Talon,TwistedFate,Jhin,Velkoz,Gangplank,Graves,Yasuo,Kaisa,Neeko
BR1_3249218648,1780705395255,2026-06-05 21:23:15,2405,0,,0.5422535211267606,0,1,Ekko,Nidalee,Qiyana,Yunara,Lulu,Aatrox,Shaco,Ryze,Zeri,Sona
BR1_3247559028,1780287328140,2026-06-01 01:15:28,1760,1,0.5514950166112956,,1,0,Gwen,Qiyana,Zed,Ezreal,Leona,Jax,Briar,KSante,Hwei,Nautilus
BR1_3247608211,1780325431240,2026-06-01 11:50:31,928,0,0.5427039465501003,,2,0,Darius,Khazix,Lux,Xayah,Zilean,Karma,Kayn,Ambessa,Brand,Rell
BR1_3248923050,1780626427030,2026-06-04 23:27:07,1790,0,,0.5998909559528136,0,2,Renekton,Talon,Akali,Senna,Ashe,Riven,Rengar,Zoe,Jhin,Karma
BR1_3249035816,1780674109173,2026-06-05 12:41:49,1426,1,0.546,,1,0,Sylas,MasterYi,Pantheon,Ezreal,Karma,Malphite,Talon,Gwen,MissFortune,Seraphine
BR1_3249531289,1780781107153,2026-06-06 18:25:07,1670,1,0.5676397401358594,0.5424414376700751,3,5,Riven,Kindred,Ziggs,Varus,Bard,Poppy,MonkeyKing,Zoe,Caitlyn,Lux
BR1_3247580460,1780308413926,2026-06-01 07:06:53,1772,1,0.5415257819103974,0.5267697626395045,2,2,Yasuo,Viego,Diana,Qiyana,Morgana,Naafiri,Elise,Kassadin,Ezreal,AurelionSol
BR1_3247632372,1780333301553,2026-06-01 14:01:41,2110,1,,0.5363128491620112,0,1,Ahri,LeeSin,Velkoz,Yunara,Rakan,XinZhao,Briar,Vex,Ashe,Karma
BR1_3248312562,1780519093924,2026-06-03 17:38:13,1736,1,,0.543450064850843,0,1,Gnar,Shaco,Riven,Viktor,Nautilus,DrMundo,Udyr,Yasuo,Ezreal,Bard
BR1_3247634129,1780333163188,2026-06-01 13:59:23,2065,1,0.5446009389671361,0.5254470426409904,1,1,Renekton,LeeSin,Vladimir,Draven,Milio,Gnar,Shaco,Ahri,Ezreal,Karma
BR1_3248327418,1780521662931,2026-06-03 18:21:02,2054,1,0.542988196213778,,3,0,Poppy,Zed,Zoe,Xerath,Leona,Garen,Talon,Ahri,Mel,Bard
BR1_3249502688,1780776891094,2026-06-06 17:14:51,1976,1,0.5259259259259259,0.5270655270655271,1,1,Quinn,XinZhao,Zoe,Yasuo,Neeko,Illaoi,LeeSin,TwistedFate,Jinx,Galio
BR1_3249137737,1780693665519,2026-06-05 18:07:45,1873,0,,0.6689655172413793,0,1,Qiyana,Shaco,Cassiopeia,Sivir,Bard,KSante,Naafiri,Vladimir,Riven,Taric
BR1_3247589462,1780317111408,2026-06-01 09:31:51,2198,0,,0.5514950166112956,0,1,Vayne,Zac,Zed,Smolder,Nami,Varus,Shen,Vladimir,Jinx,Lulu
BR1_3247960503,1780423805609,2026-06-02 15:10:05,2259,1,,0.6035385591875595,0,2,Aatrox,Graves,Heimerdinger,Jhin,Thresh,Riven,Viego,Anivia,Ezreal,Brand
BR1_3248894676,1780623216361,2026-06-04 22:33:36,1496,0,0.5189504373177842,0.5701800915424433,1,3,Pantheon,Naafiri,Syndra,Singed,Thresh,Jax,Udyr,Ahri,Jhin,Zac
BR1_3247466773,1780273672532,2026-05-31 21:27:52,1564,0,,0.5168661588683352,0,1,Ezreal,JarvanIV,Nunu,Samira,Pyke,Sejuani,Amumu,Irelia,Lucian,Milio
BR1_3247572508,1780295531833,2026-06-01 03:32:11,1709,1,0.545816733067729,0.5135440180586908,1,1,Vi,Quinn,Veigar,Yasuo,Nami,DrMundo,XinZhao,Vex,Ekko,TwistedFate
BR1_3248364318,1780527858961,2026-06-03 20:04:18,2248,1,0.5175879396984925,0.5543766578249337,1,1,Yorick,Ekko,Syndra,KogMaw,Zilean,Jax,Graves,Galio,Swain,Seraphine
BR1_3247742799,1780355808154,2026-06-01 20:16:48,1234,0,0.5270655270655271,,1,0,Zaahen,Nidalee,Ahri,Kaisa,Seraphine,Volibear,Graves,Jayce,Twitch,Senna
BR1_3249716368,1780814382897,2026-06-07 03:39:42,1540,0,0.5270655270655271,0.5344295991778006,1,1,Zed,LeeSin,Kassadin,Veigar,Nautilus,Quinn,Rengar,KogMaw,Sivir,Leona
BR1_3249664330,1780801718964,2026-06-07 00:08:38,1234,0,0.5328227571115973,0.541343669250646,1,1,Rumble,Naafiri,Vladimir,Lucian,Leona,Shen,Pantheon,Akali,Karthus,Camille
BR1_3248185100,1780460979396,2026-06-03 01:29:39,2827,1,0.5622806150810865,0.5845786644607027,3,3,Ambessa,Viego,Veigar,Brand,KSante,Riven,LeeSin,Viktor,Lux,Maokai
BR1_3247490383,1780276096366,2026-05-31 22:08:16,929,0,,0.5532503457814661,0,1,Viktor,Khazix,Lux,MissFortune,Nautilus,TahmKench,Talon,Ekko,Ezreal,Sona
BR1_3248190973,1780464225535,2026-06-03 02:23:45,1464,0,0.543046357615894,0.5853994490358126,1,1,Yone,Hecarim,Veigar,Xayah,Braum,Renekton,Vi,Diana,Morgana,Camille
BR1_3248441422,1780537247626,2026-06-03 22:40:47,1581,1,0.5414012738853503,,1,0,Fiora,Khazix,Kassadin,Jinx,Thresh,Lucian,Lillia,Zoe,Aphelios,Lulu
BR1_3248989384,1780649784130,2026-06-05 05:56:24,1464,1,0.5562913907284768,,1,0,Yorick,Khazix,Katarina,Corki,Karma,Gnar,Shaco,Zed,MissFortune,Lulu
BR1_3247986884,1780429869171,2026-06-02 16:51:09,1348,0,0.5446009389671361,,1,0,Anivia,MasterYi,Vayne,Aphelios,Bard,Malphite,LeeSin,Ryze,Yunara,Lulu
BR1_3247887677,1780388878577,2026-06-02 05:27:58,1567,0,,0.504907306434024,0,1,KSante,Qiyana,Velkoz,Ezreal,Lux,Rumble,Elise,Akshan,Lissandra,Senna
BR1_3248138746,1780452073997,2026-06-02 23:01:13,1608,0,0.556029999934037,0.5476312203540781,2,3,Yone,Taliyah,Zed,Syndra,Blitzcrank,Riven,LeeSin,Ahri,Lucian,Nami
BR1_3247907298,1780406895622,2026-06-02 10:28:15,1568,0,,0.5118343195266272,0,1,Ambessa,Brand,Hwei,Yunara,Lulu,Ornn,Karthus,Zed,MissFortune,Alistar
BR1_3248288728,1780513905878,2026-06-03 16:11:45,1489,0,0.5735735735735735,0.5734072022160664,1,1,Zed,Hecarim,Viktor,Varus,Anivia,Renekton,Sylas,Katarina,Senna,Seraphine
BR1_3248062863,1780442966642,2026-06-02 20:29:26,1588,0,0.5253000696147603,,3,0,Poppy,MasterYi,Kassadin,Lucian,Braum,Riven,Viego,Viktor,Nilah,Rell
BR1_3249628164,1780796612731,2026-06-06 22:43:32,1503,1,0.5629770992366412,,1,0,Aatrox,Zac,Anivia,Varus,Janna,Akali,Lillia,Garen,Kaisa,Nami
BR1_3247875340,1780376532082,2026-06-02 02:02:12,1476,0,,0.5686695278969958,0,1,Yasuo,Gwen,Zoe,Lucian,Nami,Aatrox,Kayn,Vex,Xayah,Nautilus
BR1_3248223051,1780493290826,2026-06-03 10:28:10,1506,1,0.5884476534296029,0.6190476190476191,1,1,Pantheon,Naafiri,Yone,Akshan,Sona,Sion,Rengar,Velkoz,Smolder,Xerath
BR1_3247746710,1780356252224,2026-06-01 20:24:12,2773,0,0.5618556701030928,0.5790123640685012,1,3,Vladimir,Gragas,Mel,Ezreal,Leona,Yasuo,Zed,Zoe,MissFortune,Velkoz
BR1_3248549138,1780560224716,2026-06-04 05:03:44,1352,0,,0.5562913907284768,0,1,Vayne,Ekko,Hwei,Naafiri,Nami,Mordekaiser,Gragas,Yasuo,Ezreal,Leona
BR1_3249422051,1780763011582,2026-06-06 13:23:31,1374,0,,0.5198647506339814,0,1,Draven,Aatrox,Leblanc,Jinx,Thresh,LeeSin,Lillia,Viego,Ezreal,Bard
BR1_3248677787,1780597864623,2026-06-04 15:31:04,1297,0,,0.5560407569141194,0,1,Aatrox,Udyr,Vladimir,Xayah,Nami,Zoe,Gragas,Zed,Ezreal,Thresh
BR1_3248964527,1780634259834,2026-06-05 01:37:39,2276,1,0.5540641255741794,0.5291415046770531,2,3,Quinn,Kindred,Ryze,Vayne,Lulu,Yorick,LeeSin,Akali,Varus,Morgana
BR1_3247911609,1780408986788,2026-06-02 11:03:06,1501,0,0.554639175257732,0.5631868131868132,1,1,Sion,Nunu,Yasuo,Jinx,Lulu,Gwen,MasterYi,Anivia,Caitlyn,Nautilus
BR1_3249138214,1780693470321,2026-06-05 18:04:30,1880,1,0.5666666666666667,0.5627009646302251,1,1,Yasuo,Talon,Ahri,Kaisa,Thresh,Ornn,Kayn,Viktor,Lucian,Alistar
BR1_3248182432,1780460183082,2026-06-03 01:16:23,2123,0,,0.5542711686756008,0,2,Trundle,Nocturne,Quinn,Caitlyn,Nami,Gangplank,Talon,Fizz,Twitch,Lulu
BR1_3248340801,1780524526512,2026-06-03 19:08:46,1862,0,,0.5450819672131147,0,1,Gangplank,Nunu,Naafiri,Cassiopeia,Nami,Mordekaiser,LeeSin,Orianna,Vayne,Soraka
BR1_3248497325,1780544042647,2026-06-04 00:34:02,1508,1,0.541343669250646,0.5406306587841454,1,2,KSante,MasterYi,Lissandra,Xayah,TahmKench,Jax,Evelynn,Yone,Lucian,Annie
BR1_3248708047,1780601480891,2026-06-04 16:31:20,1502,0,0.6358695652173914,0.5745650661099513,1,2,Yasuo,Graves,Katarina,Kaisa,Rell,Renekton,Talon,Taliyah,Jinx,Lulu
BR1_3247553784,1780286256286,2026-06-01 00:57:36,910,0,,0.5446009389671361,0,1,Jayce,Hecarim,Ahri,Kaisa,Leona,Illaoi,Naafiri,Ryze,Jhin,Karma
BR1_3248473954,1780541251501,2026-06-03 23:47:31,1936,1,0.5315534136031765,0.5578593904099939,2,2,Karthus,LeeSin,Malzahar,Jhin,Bard,Riven,Nunu,Viktor,Lucian,Pyke
BR1_3248556894,1780573280599,2026-06-04 08:41:20,913,1,0.5562913907284768,,1,0,Garen,Rengar,Anivia,Sivir,Lux,TahmKench,Vi,Akali,Ezreal,Thresh
BR1_3248903750,1780624288464,2026-06-04 22:51:28,1442,0,,0.5710382513661202,0,1,Darius,Kayn,Lux,Sion,Sona,Malphite,Belveth,Talon,Brand,Soraka
BR1_3247630315,1780332220642,2026-06-01 13:43:40,1791,1,,0.5210096993830202,0,2,Warwick,Hecarim,Kayle,Lucian,Bard,Darius,Viego,Ahri,Varus,Pyke
BR1_3247606109,1780323999709,2026-06-01 11:26:39,1616,0,,0.5198647506339814,0,1,Qiyana,Nunu,Akali,Sivir,Bard,DrMundo,LeeSin,Viego,Seraphine,Nautilus
BR1_3249249117,1780708939221,2026-06-05 22:22:19,1852,0,0.5903100522793118,0.5814759032053174,3,3,Gragas,Gwen,Jayce,Xerath,Seraphine,Vayne,LeeSin,Aurora,Brand,Nautilus
BR1_3249859489,1780860041661,2026-06-07 16:20:41,2015,0,0.5424769703172978,,1,0,Aatrox,Kayn,Talon,Brand,Bard,Anivia,Khazix,Nasus,Varus,Nautilus
BR1_3248192061,1780464200513,2026-06-03 02:23:20,1080,0,0.6304347826086957,,1,0,Garen,Quinn,Lux,Ashe,Nami,Olaf,Nasus,Kassadin,Kalista,Leona
BR1_3249452122,1780768721953,2026-06-06 14:58:41,1120,1,0.5198647506339814,,1,0,DrMundo,Viego,Galio,Kaisa,Leona,Sett,MasterYi,Hwei,Jinx,Lulu
BR1_3248046128,1780440357822,2026-06-02 19:45:57,2195,1,0.66,0.5291849192526062,1,3,Ambessa,Graves,Vladimir,Smolder,Nautilus,Rammus,Poppy,Cassiopeia,Jinx,Braum
BR1_3248876203,1780620997040,2026-06-04 21:56:37,2465,0,0.6273202595516049,0.6498516320474778,2,1,Singed,LeeSin,Riven,Ezreal,Camille,Shen,Nocturne,Yasuo,Mel,Sona
BR1_3247911638,1780408996693,2026-06-02 11:03:16,1713,0,0.5325342465753424,0.5479729383424734,1,2,Gangplank,Khazix,Xerath,Kaisa,Thresh,DrMundo,Viego,Ahri,Jhin,Pyke
BR1_3248550057,1780560045279,2026-06-04 05:00:45,1876,0,0.5631868131868132,,1,0,Trundle,JarvanIV,Akali,Veigar,Zilean,Yorick,Graves,Yasuo,Ashe,Seraphine
BR1_3248044608,1780440507599,2026-06-02 19:48:27,1459,0,,0.5270655270655271,0,1,Akali,MasterYi,Kassadin,AurelionSol,Amumu,Rengar,Ekko,Zed,Yunara,Seraphine
BR1_3248747882,1780606590164,2026-06-04 17:56:30,2127,1,0.5361328125,,1,0,Poppy,Ekko,Olaf,Lucian,Pyke,Trundle,Nidalee,Leblanc,Veigar,Camille
BR1_3248920287,1780626206878,2026-06-04 23:23:26,1802,1,0.5529164329280536,0.5601952624839949,3,2,Irelia,LeeSin,Lissandra,Ezreal,Karma,Jayce,Quinn,Syndra,Naafiri,Leona
BR1_3248796742,1780612333886,2026-06-04 19:32:13,1984,0,,0.5543766578249337,0,1,Malphite,Ivern,Leblanc,Vayne,Sona,Sylas,Graves,Kaisa,Jhin,Seraphine
BR1_3248950943,1780631240743,2026-06-05 00:47:20,1673,1,0.5685688829714017,0.5640888366952197,2,2,Yone,Kindred,Lissandra,Ezreal,Soraka,Irelia,Belveth,Cassiopeia,Zyra,Nautilus
BR1_3249919051,1780867363972,2026-06-07 18:22:43,1174,0,,0.546,0,1,Illaoi,LeeSin,Akshan,Zeri,Milio,Kennen,Taliyah,Yone,Jinx,Nami
BR1_3247640274,1780335371622,2026-06-01 14:36:11,1684,1,0.543450064850843,0.5437956204379562,1,1,Olaf,Udyr,Xerath,Ashe,Nautilus,Camille,Vi,Yone,Hwei,Seraphine
BR1_3249742934,1780838882090,2026-06-07 10:28:02,1640,0,0.651595744680851,0.5444120122851063,1,3,Gangplank,Belveth,Nasus,Sivir,Zilean,Cassiopeia,Talon,Zed,Ezreal,Karma
BR1_3249893990,1780864600917,2026-06-07 17:36:40,2045,0,0.5486322188449848,,1,0,Aurora,Graves,Malzahar,Jhin,Anivia,Aphelios,Nocturne,Akshan,Brand,Bard
BR1_3248988905,1780652594292,2026-06-05 06:43:14,1613,1,0.5884476534296029,,1,0,Gragas,LeeSin,Ahri,Fiora,Braum,Teemo,Kayn,TwistedFate,Twitch,Alistar
BR1_3249725278,1780822552752,2026-06-07 05:55:52,1127,0,,0.5665630960049512,0,2,Sion,Talon,Vladimir,Lucian,Nami,Illaoi,Sylas,Akshan,Ezreal,Sona
BR1_3247824114,1780365368905,2026-06-01 22:56:08,1583,0,0.5605686142985763,0.5515684851462016,2,3,Qiyana,Kayn,Irelia,Mel,Camille,Darius,XinZhao,Karthus,Seraphine,Nami
BR1_3248447431,1780537749672,2026-06-03 22:49:09,1185,0,0.5421940928270043,0.6420824295010846,1,1,Yone,Qiyana,Aurora,Caitlyn,Lux,Sion,Lillia,TwistedFate,Zeri,Lulu
BR1_3249053361,1780677856099,2026-06-05 13:44:16,1293,1,0.5321637426900585,0.5414012738853503,1,1,Shen,MasterYi,Fizz,Draven,Janna,Aurora,RekSai,Taliyah,Lucian,Nami
BR1_3248351051,1780525580352,2026-06-03 19:26:20,2534,1,0.541343669250646,,1,0,Volibear,Jayce,Akali,Kaisa,Poppy,Viktor,LeeSin,Yasuo,Lux,Nautilus
BR1_3248130843,1780451044007,2026-06-02 22:44:04,1537,0,,0.570230607966457,0,1,Tryndamere,LeeSin,Yasuo,Veigar,Alistar,Jayce,Nunu,Hwei,Qiyana,Soraka
BR1_3249589186,1780791198099,2026-06-06 21:13:18,1470,1,0.5842399326244709,0.5368421052631579,4,1,Riven,Ekko,Naafiri,Corki,Sylas,Ornn,Rengar,Annie,Ezreal,Nautilus
BR1_3248348450,1780525537948,2026-06-03 19:25:37,1502,1,0.5259259259259259,,1,0,Vladimir,Vi,Akshan,Zeri,TahmKench,Riven,Talon,Lux,Ziggs,Senna
BR1_3249742168,1780837859666,2026-06-07 10:10:59,1894,0,0.5532319391634981,0.5198647506339814,1,1,Jayce,Hecarim,Veigar,Lucian,Milio,Varus,Viego,Ahri,Corki,Nami
BR1_3249079019,1780683041815,2026-06-05 15:10:41,1135,0,,0.5286534081048092,0,3,Pantheon,Rengar,Yone,Sivir,Taric,Jax,Kayn,Diana,Varus,Sona
BR1_3249633399,1780797280428,2026-06-06 22:54:40,1682,1,0.5376498637144476,0.5372864203890054,2,3,Renekton,Kayn,Kassadin,KogMaw,Lulu,Varus,JarvanIV,Ekko,Xerath,Bard
BR1_3248355283,1780526273371,2026-06-03 19:37:53,2329,0,0.5870162611474032,0.5620911891599129,3,3,Poppy,Quinn,Zed,Singed,Zilean,Teemo,Khazix,Zoe,Smolder,Karma
BR1_3249057567,1780678977665,2026-06-05 14:02:57,1856,1,,0.5444317570128583,0,2,Riven,RekSai,Yasuo,Kaisa,Karma,Jayce,LeeSin,Hwei,Ezreal,Nautilus
BR1_3248296028,1780515190752,2026-06-03 16:33:10,1668,0,0.5118343195266272,,1,0,Malphite,Rammus,Ryze,Kalista,Thresh,Jax,Nunu,Veigar,Seraphine,Pyke
BR1_3249643068,1780798624376,2026-06-06 23:17:04,1337,0,,0.5853994490358126,0,1,Illaoi,Rumble,Ryze,Yunara,Rell,MonkeyKing,MasterYi,Kayle,Kalista,Leona
BR1_3247578327,1780300686335,2026-06-01 04:58:06,926,0,,0.5394059065934066,0,2,Akali,Diana,Zed,Lucian,Nami,Pantheon,XinZhao,Naafiri,Twitch,Nautilus
BR1_3249347576,1780727111842,2026-06-06 03:25:11,1711,1,0.5749161741342683,0.5461520305751725,4,5,Gragas,Shyvana,Yone,MissFortune,Xerath,Rumble,Viego,Katarina,Yunara,Senna
BR1_3248143445,1780452492752,2026-06-02 23:08:12,916,0,,0.5425507887434662,0,2,LeeSin,JarvanIV,Xerath,Jinx,Pyke,Jayce,XinZhao,Singed,Ezreal,Braum
BR1_3249214071,1780704628779,2026-06-05 21:10:28,1760,1,0.5381345007943847,,2,0,KSante,JarvanIV,Yasuo,Hwei,Thresh,Fiora,LeeSin,Aurora,Swain,Nami
BR1_3247915321,1780409999220,2026-06-02 11:19:59,917,1,,0.5666666666666667,0,1,Gnar,Vi,Riven,Vayne,Lulu,Darius,DrMundo,Annie,Sivir,Galio
BR1_3248907353,1780624598490,2026-06-04 22:56:38,2356,0,0.5981308411214953,0.5822833586543363,1,3,Sylas,Gnar,Singed,Smolder,Neeko,Shen,Kayn,Alistar,Brand,Bard
BR1_3248462472,1780539583763,2026-06-03 23:19:43,1371,0,,0.6530612244897959,0,1,Malphite,Udyr,Syndra,Caitlyn,Lulu,Pantheon,Shaco,Lissandra,Lucian,Milio
BR1_3248167471,1780456339174,2026-06-03 00:12:19,1207,0,,0.624,0,1,Ambessa,Shaco,Briar,Lucian,Sylas,Teemo,Naafiri,Zeri,Caitlyn,Zoe
BR1_3249944631,1780870781550,2026-06-07 19:19:41,1051,0,0.5593538434190726,0.5758631157269236,4,4,Olaf,Naafiri,Ryze,Hwei,Nautilus,Yone,Nocturne,Aurora,Kaisa,Pyke
BR1_3247783316,1780360443935,2026-06-01 21:34:03,1681,0,,0.6952789699570815,0,1,Ambessa,Viego,Lux,Lucian,Nami,Kennen,Brand,Cassiopeia,Ezreal,Karma
BR1_3249648691,1780799608722,2026-06-06 23:33:28,1720,1,0.54296875,0.5831875252058445,1,2,Aatrox,Kayn,Ekko,Brand,TwistedFate,Singed,Quinn,Ryze,Senna,Thresh
BR1_3247716891,1780352333337,2026-06-01 19:18:53,1625,1,0.5712630359212051,0.5357142857142857,1,1,Belveth,Aatrox,Syndra,Yunara,Soraka,Ambessa,Evelynn,Yone,Twitch,Milio
BR1_3249833804,1780856628365,2026-06-07 15:23:48,1679,1,0.5481091654247392,0.5260361317747078,2,1,Gwen,JarvanIV,Hwei,Jinx,Thresh,Gnar,Pantheon,Lux,Kaisa,Rell
BR1_3248316095,1780519648353,2026-06-03 17:47:28,1225,0,,0.5107741420590582,0,1,Jax,Viego,Talon,Sivir,Lulu,Malphite,Graves,Sylas,Samira,Nautilus
BR1_3248768960,1780609161070,2026-06-04 18:39:21,2338,0,0.5361328125,0.5980392156862745,1,1,Poppy,Rengar,Vladimir,Veigar,Rell,TwistedFate,XinZhao,Ahri,Nilah,Pyke
BR1_3247703538,1780349811025,2026-06-01 18:36:51,1801,0,,0.5327014218009478,0,1,Teemo,Zed,Katarina,Senna,Seraphine,Kayle,Karthus,Yone,Yasuo,Kled
BR1_3247698535,1780348974284,2026-06-01 18:22:54,1775,1,0.5618556701030928,0.5424761236307122,1,2,Singed,Nunu,Yone,Kaisa,Senna,Fiora,XinZhao,Leblanc,Ezreal,Nami
BR1_3249950753,1780871481129,2026-06-07 19:31:21,2021,0,0.5853994490358126,0.5618534159781645,1,2,Malphite,MonkeyKing,Zoe,Caitlyn,Bard,Gangplank,XinZhao,Sylas,Ezreal,Seraphine
BR1_3248149456,1780453495035,2026-06-02 23:24:55,1512,0,0.5635879302215936,0.5449678800856531,2,1,Jax,Naafiri,Lissandra,Ornn,Senna,Riven,LeeSin,Viktor,Jinx,Lulu
BR1_3248042133,1780439820610,2026-06-02 19:37:00,922,0,,0.5205091937765205,0,1,Aatrox,LeeSin,Aurora,Kaisa,Rell,Darius,MasterYi,Lissandra,Lucian,Nami
BR1_3247643834,1780336586320,2026-06-01 14:56:26,78,0,,0.5543766578249337,0,1,Gangplank,Udyr,Orianna,Smolder,Sona,Tryndamere,Graves,Viktor,Cassiopeia,Nami
BR1_3247857378,1780370918823,2026-06-02 00:28:38,1727,0,0.5450819672131147,,1,0,Zaahen,XinZhao,Xerath,Ezreal,Senna,Vayne,Rengar,Veigar,Lucian,Leona
BR1_3249210651,1780704386469,2026-06-05 21:06:26,994,1,,0.5238095238095238,0,1,Pantheon,RekSai,Olaf,Ezreal,Bard,Akali,Aatrox,Riven,Varus,Senna
BR1_3248195281,1780465220704,2026-06-03 02:40:20,1684,0,0.561662198391421,,1,0,Sion,Nunu,Yasuo,Lucian,Nami,Gwen,Talon,Katarina,Seraphine,Leona
BR1_3247815108,1780364137893,2026-06-01 22:35:37,1435,1,0.5735735735735735,0.5357142857142857,1,1,Irelia,Ekko,Viktor,Yunara,Seraphine,Kayle,LeeSin,Cassiopeia,Mel,Milio
BR1_3248429137,1780535805667,2026-06-03 22:16:45,1793,0,0.5900990099009901,0.6024413652285601,1,4,Sion,Talon,Kayle,Brand,Poppy,Riven,MasterYi,Cassiopeia,Kalista,Alistar
BR1_3249120631,1780690855393,2026-06-05 17:20:55,532,0,0.5633329072257198,0.5563537891418774,2,2,Malzahar,Sejuani,Katarina,Lucian,Senna,Irelia,Kayn,Qiyana,Seraphine,Neeko
BR1_3249620884,1780795955136,2026-06-06 22:32:35,1580,0,0.5448898087830663,0.5815649844495853,5,3,Sion,LeeSin,Cassiopeia,Lucian,Sona,DrMundo,Lillia,Anivia,Jinx,Camille
BR1_3247918691,1780411761577,2026-06-02 11:49:21,1987,0,,0.5527831094049904,0,1,Malphite,Naafiri,Varus,Kaisa,Thresh,Ornn,Rengar,Yone,Mel,Nautilus
BR1_3247844479,1780368575754,2026-06-01 23:49:35,1480,0,0.5428288916093794,0.5841328565260078,2,3,Gangplank,JarvanIV,Ahri,Sivir,Seraphine,Vladimir,LeeSin,Malzahar,Ashe,Sylas
BR1_3249836700,1780857050428,2026-06-07 15:30:50,2086,0,0.5514950166112956,0.5469327795429315,1,2,Aurora,Talon,Ahri,Sivir,Braum,Ornn,Zed,Leblanc,Lucian,Pyke
BR1_3247873363,1780375867777,2026-06-02 01:51:07,1232,1,0.6938775510204082,,1,0,Olaf,MasterYi,Viktor,Jhin,Anivia,Jayce,Elise,Quinn,Jinx,Rengar
BR1_3248331351,1780522338161,2026-06-03 18:32:18,1944,0,,0.5307335489177356,0,2,Darius,Vi,Mel,Caitlyn,Lux,Sion,LeeSin,Ahri,Ezreal,Karma
BR1_3247513519,1780278844684,2026-05-31 22:54:04,1634,1,,0.5422535211267606,0,1,Sett,Quinn,Vladimir,Katarina,Lulu,Zaahen,Shaco,Corki,Zyra,Zoe
BR1_3249359205,1780738310064,2026-06-06 06:31:50,1363,0,0.5165123329236134,0.5712630359212051,2,1,Heimerdinger,Zac,KSante,Jhin,Seraphine,Gangplank,Talon,Taliyah,Yunara,Nami
BR1_3248749012,1780606488932,2026-06-04 17:54:48,2104,0,0.6057027720974915,0.5857830466833255,2,3,Olaf,LeeSin,Fizz,Kaisa,Rell,Akali,XinZhao,Riven,Brand,Nautilus
BR1_3248645380,1780593263030,2026-06-04 14:14:23,1444,0,,0.5581395982517521,0,2,Nasus,Warwick,Ekko,Seraphine,Senna,Shen,Udyr,Zed,Lucian,Nami
BR1_3248565779,1780577440201,2026-06-04 09:50:40,1528,0,,0.5446009389671361,0,1,Cassiopeia,Graves,Annie,Jhin,Alistar,Darius,LeeSin,Zed,Ziggs,Nidalee
BR1_3249791896,1780850093497,2026-06-07 13:34:53,1550,1,0.5543766578249337,,1,0,Kled,Graves,AurelionSol,Lucian,Sona,Vayne,Ekko,Orianna,Jhin,Bard
BR1_3248249428,1780503395354,2026-06-03 13:16:35,1130,0,0.5281173594132029,0.6440065681444992,1,2,Renekton,Rammus,Ryze,Corki,Yuumi,Darius,Quinn,Vladimir,Samira,Rell
BR1_3249126209,1780691458583,2026-06-05 17:30:58,1152,0,0.5321637426900585,0.5609159510798856,1,2,DrMundo,Aatrox,Ahri,Ezreal,Sona,Riven,Nidalee,Qiyana,Sivir,Zilean
BR1_3247456928,1780272644593,2026-05-31 21:10:44,1869,1,0.5255801191306734,,2,0,Malphite,Kayn,Viego,Heimerdinger,Rell,Mordekaiser,Quinn,Yasuo,Kaisa,Zilean
BR1_3249708649,1780811219754,2026-06-07 02:46:59,1829,0,0.5631868131868132,0.5422535211267606,1,1,Yorick,Nocturne,Vladimir,Ashe,Seraphine,Singed,Kaisa,Jayce,Karthus,Zed
BR1_3247677448,1780344320847,2026-06-01 17:05:20,1638,0,,0.5422535211267606,0,1,Malphite,Diana,Tristana,Jinx,Alistar,Sion,Aatrox,Hwei,Ashe,Lulu
BR1_3249762932,1780844152712,2026-06-07 11:55:52,1746,0,0.5350350427140613,0.5403973509933775,2,1,Garen,Rammus,Zed,Kalista,Renata,Ornn,Rengar,Annie,Sivir,Ivern
BR1_3249045744,1780676394205,2026-06-05 13:19:54,1468,0,,0.504907306434024,0,1,Aatrox,MasterYi,Zed,Kaisa,Xerath,Yasuo,Elise,Gragas,Jinx,Thresh
BR1_3248169341,1780456867710,2026-06-03 00:21:07,1707,0,0.5135440180586908,0.5332966709339295,1,2,Sion,Jax,Lissandra,Ashe,Pyke,Renekton,Zaahen,Katarina,Yasuo,Milio
BR1_3249319763,1780719122074,2026-06-06 01:12:02,1726,1,0.5881827290017145,0.570442465729603,4,4,Vayne,Trundle,Syndra,Karthus,Skarner,Illaoi,Zyra,Katarina,Ezreal,Alistar
BR1_3248445507,1780537713285,2026-06-03 22:48:33,1519,1,,0.5422535211267606,0,1,Ambessa,Lillia,Xerath,TahmKench,Seraphine,Renekton,Elise,Viktor,Caitlyn,Pyke
BR1_3247624943,1780331612606,2026-06-01 13:33:32,912,1,0.5321637426900585,0.557792858762714,1,2,Jax,Rengar,Cassiopeia,Corki,Nami,Gragas,Shaco,Aurora,Aphelios,Taric
BR1_3247850850,1780369967701,2026-06-02 00:12:47,1115,0,,0.5281173594132029,0,1,Sylas,Lillia,Zed,Corki,Karma,Garen,LeeSin,Akali,Vayne,Rakan
BR1_3249003942,1780664848111,2026-06-05 10:07:28,1983,1,,0.5328227571115973,0,1,Yorick,Talon,Malzahar,Katarina,Pyke,Chogath,RekSai,Yasuo,Mel,Janna
BR1_3248196748,1780469428135,2026-06-03 03:50:28,2302,1,0.5853994490358126,0.5630782875497387,1,2,Sion,Khazix,Zed,Lux,Camille,Yone,Kindred,Leblanc,Kaisa,Nautilus
BR1_3248255224,1780504396102,2026-06-03 13:33:16,1124,0,,0.5543766578249337,0,1,Rumble,Hecarim,Zed,Jhin,Poppy,Darius,Graves,Leblanc,Tristana,Alistar
BR1_3249714410,1780813463787,2026-06-07 03:24:23,2137,0,,0.515625,0,1,Kayle,Gwen,Jayce,Jhin,Senna,Akali,Naafiri,Talon,Ezreal,Karma
BR1_3249688110,1780805564550,2026-06-07 01:12:44,1527,1,0.569926376683186,0.5824780358585704,3,2,Riven,LeeSin,Annie,Yunara,Janna,Olaf,Khazix,Zed,Lucian,Nami
BR1_3247715441,1780351770620,2026-06-01 19:09:30,1414,0,0.5522788203753352,0.5746934225195095,1,2,Gnar,JarvanIV,Katarina,Lux,Nami,Akali,RekSai,Annie,Varus,Soraka
BR1_3247624062,1780330570026,2026-06-01 13:16:10,1830,1,,0.5965909090909091,0,1,Singed,Khazix,Annie,Lucian,Milio,Darius,Quinn,Viktor,Kalista,Pantheon
BR1_3248550883,1780565245899,2026-06-04 06:27:25,1789,1,0.6244343891402715,0.5243328100470958,1,1,Gangplank,XinZhao,Malzahar,AurelionSol,Rell,Nasus,Yorick,Hwei,Jinx,Thresh
BR1_3248384742,1780530797476,2026-06-03 20:53:17,1591,1,,0.5824634655532359,0,1,Malphite,MonkeyKing,Anivia,Ezreal,Bard,Chogath,Kayn,Ahri,Kaisa,Soraka
BR1_3249679643,1780804412978,2026-06-07 00:53:32,1995,1,0.5562913907284768,0.5581982257571123,1,2,Ambessa,Talon,Kassadin,Sivir,Zilean,Riven,Kayn,Akshan,Veigar,Karma
BR1_3247794576,1780361852092,2026-06-01 21:57:32,1939,0,,0.515205088463513,0,2,Akali,Vi,Ahri,MissFortune,Sona,TwistedFate,Kindred,Leblanc,Ezreal,Nami
BR1_3248055068,1780441484651,2026-06-02 20:04:44,1560,0,0.5507936507936508,,1,0,Riven,Trundle,Mel,Varus,Lulu,Annie,XinZhao,Ekko,Jhin,Karma
BR1_3248790217,1780611375023,2026-06-04 19:16:15,1354,0,,0.5618999048007616,0,2,Aurora,Naafiri,Irelia,Jhin,Maokai,Volibear,JarvanIV,Akali,Caitlyn,Bard
BR1_3248336922,1780523973630,2026-06-03 18:59:33,1134,1,0.5522788203753352,,1,0,Yone,LeeSin,Vladimir,Ezreal,Karma,Yasuo,Zac,Ryze,Sivir,Senna
BR1_3248198871,1780470581011,2026-06-03 04:09:41,1655,0,0.5533358469842337,0.5259943181818182,2,2,Katarina,Ekko,Yasuo,Heimerdinger,Rell,Syndra,Nocturne,KSante,Jinx,Thresh
BR1_3248745287,1780606111423,2026-06-04 17:48:31,1858,0,0.5424769703172978,0.6022475027746947,1,2,Akali,Kayn,Taliyah,Caitlyn,Lux,Renekton,Vi,Galio,Jhin,Karma
BR1_3248597860,1780585410797,2026-06-04 12:03:30,1858,0,0.5560407569141194,0.5413365058249153,1,3,Gragas,Khazix,Hwei,Kaisa,Lulu,Mordekaiser,MasterYi,Zed,Xayah,Rakan
BR1_3247918794,1780411909759,2026-06-02 11:51:49,1213,1,0.5437956204379562,0.5563598759048604,1,1,Yone,XinZhao,Naafiri,Hwei,Nami,Ornn,LeeSin,DrMundo,Kaisa,Zilean
BR1_3248882968,1780621923838,2026-06-04 22:12:03,1749,0,,0.5531914893617021,0,1,Skarner,LeeSin,Katarina,Ezreal,Leona,Gangplank,Kayn,Yone,Karthus,Alistar
BR1_3247594849,1780320381617,2026-06-01 10:26:21,2350,1,0.5485074626865671,0.5357142857142857,1,1,Rumble,Hecarim,Orianna,Caitlyn,Soraka,Sion,Briar,Kassadin,Ashe,Bard
BR1_3249055712,1780678695448,2026-06-05 13:58:15,1734,0,0.5244444444444445,0.511686143572621,1,1,Garen,Nidalee,Lissandra,Ashe,Seraphine,Jayce,Chogath,Ahri,Lux,Bard
BR1_3248584121,1780582187983,2026-06-04 11:09:47,1519,1,0.5862068965517241,0.5735735735735735,1,1,Jax,Graves,Ahri,Brand,Pyke,KSante,Udyr,Zed,Jhin,Camille
BR1_3249788702,1780849299272,2026-06-07 13:21:39,1214,0,0.5979258160237388,0.5376722154941233,2,3,Yone,Nocturne,Annie,Lucian,Nami,Vladimir,MasterYi,Corki,Karthus,Leona
BR1_3249386436,1780755167862,2026-06-06 11:12:47,2025,0,,0.5532319391634981,0,1,Gangplank,RekSai,Sylas,Jhin,Zilean,Quinn,Hecarim,Viktor,Lucian,Milio
BR1_3249218217,1780705164301,2026-06-05 21:19:24,1643,0,0.5563033525859256,0.5850340136054422,2,1,Rumble,MasterYi,Yasuo,Caitlyn,Thresh,Varus,RekSai,Irelia,Ezreal,Senna
BR1_3248552786,1780568998998,2026-06-04 07:29:58,1790,0,,0.5562913907284768,0,1,Urgot,Udyr,Syndra,Jinx,Senna,Teemo,JarvanIV,Vladimir,Caitlyn,Bard
BR1_3248229703,1780497160018,2026-06-03 11:32:40,1595,0,0.5220714976294053,0.5621842044920623,3,4,DrMundo,Kindred,Velkoz,Lucian,Braum,Cassiopeia,Khazix,Ekko,Tristana,Nautilus
BR1_3248241312,1780500684767,2026-06-03 12:31:24,1169,0,,0.5205091937765205,0,1,Quinn,Nocturne,Sylas,MissFortune,Nami,Akali,Kayn,Pantheon,Corki,Neeko
BR1_3249934350,1780869299753,2026-06-07 18:54:59,1919,0,0.5663078226008678,0.5402719116509429,2,2,KSante,Talon,TwistedFate,Akshan,Swain,Vayne,Rengar,Kassadin,Caitlyn,Anivia
BR1_3247908219,1780407551784,2026-06-02 10:39:11,1452,1,0.538557779799818,0.5281173594132029,2,1,Vayne,JarvanIV,Kassadin,Jinx,Lulu,Garen,Aatrox,Irelia,Heimerdinger,Soraka
BR1_3247869549,1780374596811,2026-06-02 01:29:56,2102,0,0.5511363636363636,0.5477618608709112,1,2,Volibear,JarvanIV,Katarina,Lucian,Milio,Jayce,LeeSin,Lissandra,Varus,Alistar
BR1_3248502434,1780544724481,2026-06-04 00:45:24,1139,0,,0.5447839417695504,0,4,Irelia,Talon,Taliyah,Karthus,Senna,Renekton,Naafiri,Vladimir,Varus,Elise
BR1_3249533093,1780781236945,2026-06-06 18:27:16,1636,0,0.5744024760817503,0.5894447300966393,4,3,Vayne,LeeSin,Akali,Sivir,Sona,Illaoi,Ambessa,Yone,Hwei,Seraphine
BR1_3247571138,1780293192089,2026-06-01 02:53:12,1619,0,,0.5446009389671361,0,1,Kayle,Briar,Qiyana,Samira,Rell,Darius,MasterYi,Annie,Lucian,Nami
BR1_3249007768,1780666074933,2026-06-05 10:27:54,474,1,,0.5631868131868132,0,1,Gnar,JarvanIV,Leblanc,Caitlyn,Lux,Irelia,Ekko,Aurora,Sivir,Karma
BR1_3247571333,1780293839061,2026-06-01 03:03:59,2317,1,,0.5422535211267606,0,1,Gangplank,Shyvana,Ryze,Yasuo,Seraphine,Vladimir,Khazix,Viktor,Lucian,Zoe
BR1_3249123467,1780691291954,2026-06-05 17:28:11,924,0,0.5294123772713544,0.5941024768846245,4,3,Riven,Ekko,Aurora,Ezreal,Sona,Leblanc,Rammus,Zed,Vayne,Senna
BR1_3247678322,1780344493385,2026-06-01 17:08:13,1549,0,0.5168661588683352,0.5254470426409904,1,1,Gragas,Hecarim,Ryze,Zeri,Lulu,Gwen,Shaco,Zed,Caitlyn,Anivia
BR1_3248176033,1780458422689,2026-06-03 00:47:02,2282,1,0.5450819672131147,,1,0,Gangplank,Shaco,Vex,Ezreal,Nautilus,Volibear,Talon,Ahri,Smolder,Nami
BR1_3247454037,1780272062295,2026-05-31 21:01:02,1849,1,0.5980392156862745,0.515625,1,1,Ornn,Rengar,Hwei,Xayah,Thresh,Vayne,Vi,Lissandra,Lucian,Rell
BR1_3248850980,1780618398596,2026-06-04 21:13:18,917,1,0.5786241724792386,0.5921382611640444,3,2,Ornn,Talon,Aurora,Jayce,Hwei,Vladimir,MonkeyKing,Leblanc,Jhin,Maokai
BR1_3247724213,1780353101889,2026-06-01 19:31:41,1510,0,0.5449678800856531,0.5594107616072964,1,3,Fiora,Nocturne,Orianna,AurelionSol,Pyke,Renekton,Hecarim,Aurora,Nilah,Camille
BR1_3249793084,1780849795190,2026-06-07 13:29:55,1586,0,0.6013545013545014,0.5646425114965465,2,3,Lissandra,MasterYi,Yasuo,Ezreal,Bard,Maokai,LeeSin,Lux,Zeri,Thresh
BR1_3248993451,1780656797744,2026-06-05 07:53:17,2207,1,0.5344295991778006,0.5495323004969308,1,2,Riven,Rammus,Yasuo,Jhin,Brand,KSante,Gwen,Cassiopeia,Ezreal,Shaco
BR1_3247808041,1780363314428,2026-06-01 22:21:54,2392,1,,0.5526965735660198,0,2,XinZhao,MasterYi,Lux,Vayne,Zyra,Rumble,Jayce,Syndra,Jinx,Lulu
BR1_3249383322,1780754097599,2026-06-06 10:54:57,1741,1,0.5118343195266272,,1,0,Gragas,Graves,Azir,Yunara,Senna,Akali,Shaco,Katarina,Smolder,Karma
BR1_3249216067,1780704921116,2026-06-05 21:15:21,1871,0,0.5622710622710623,,1,0,Pantheon,Nocturne,Aurora,Jinx,Sona,Renekton,Amumu,Ekko,KogMaw,Milio
BR1_3249786857,1780849016676,2026-06-07 13:16:56,2308,0,0.504907306434024,0.6358695652173914,1,1,Illaoi,Elise,Irelia,Twitch,Lulu,Gangplank,Graves,Viktor,Jhin,Bard
BR1_3248527581,1780549413716,2026-06-04 02:03:33,1872,1,,0.5798657718120805,0,1,Sett,Talon,Diana,Caitlyn,Alistar,Chogath,MasterYi,Cassiopeia,Aphelios,Thresh
BR1_3247861603,1780372131473,2026-06-02 00:48:51,2077,0,,0.5189504373177842,0,1,Camille,MasterYi,Zed,Ezreal,Rell,Vladimir,Hecarim,Viktor,Kaisa,Nautilus
BR1_3248766481,1780608638224,2026-06-04 18:30:38,1989,0,0.5441176470588235,0.6068052930056711,1,1,Ambessa,Talon,Ahri,Caitlyn,Bard,Camille,Skarner,Viktor,Kaisa,Nautilus
BR1_3248554248,1780567607102,2026-06-04 07:06:47,1586,0,0.5193905817174516,,1,0,Garen,Quinn,Ahri,Senna,Alistar,Pantheon,LeeSin,Katarina,Varus,Nautilus
BR1_3248066345,1780443097665,2026-06-02 20:31:37,2217,1,0.5666666666666667,0.6437326549491211,1,2,Lucian,Talon,Velkoz,Kalista,Nautilus,Gangplank,Graves,Malphite,Ezreal,Braum
BR1_3247480445,1780275006316,2026-05-31 21:50:06,1409,1,,0.5198647506339814,0,1,Shen,Volibear,Katarina,Ezreal,Zyra,Darius,Shyvana,Viego,Kaisa,Nautilus
BR1_3248239869,1780500247835,2026-06-03 12:24:07,73,1,0.5586845970057648,0.5686168456651365,2,3,Gragas,Viego,Anivia,Hwei,Bard,TahmKench,Talon,Syndra,Smolder,Karma
BR1_3247987524,1780429610388,2026-06-02 16:46:50,2167,1,0.5192582025677603,,1,0,Shen,Karthus,Akshan,Ezreal,Pyke,Irelia,Shaco,Aurora,Varus,Senna
BR1_3247974042,1780426227760,2026-06-02 15:50:27,1609,1,,0.5522788203753352,0,1,Sion,Hecarim,Swain,Draven,Leona,Yorick,Sylas,Zed,Varus,Bard
BR1_3249410059,1780760527261,2026-06-06 12:42:07,1178,0,0.5850340136054422,0.5862068965517241,1,1,Fiora,Vi,Malzahar,Sivir,Rakan,Garen,Nocturne,Katarina,Ezreal,Lux
BR1_3247535394,1780282033914,2026-05-31 23:47:13,1878,0,,0.6093117408906883,0,1,Ornn,Graves,Talon,Velkoz,Senna,Vladimir,Hecarim,Sylas,Ezreal,Rakan
BR1_3249728398,1780829096463,2026-06-07 07:44:56,1544,0,0.5446009389671361,0.5691699604743083,1,1,Anivia,MasterYi,Lux,Ashe,Seraphine,Riven,Diana,Taliyah,Caitlyn,Lulu
BR1_3249149671,1780695592800,2026-06-05 18:39:52,1740,0,,0.5193905817174516,0,1,Lucian,Graves,Ryze,Yunara,Nami,Olaf,Talon,Anivia,Caitlyn,Braum
BR1_3248419785,1780534770627,2026-06-03 21:59:30,1917,1,0.54296875,0.6436161776367962,1,2,Fiora,LeeSin,Quinn,Vladimir,Rell,KSante,MonkeyKing,Annie,Caitlyn,Bard
BR1_3249517478,1780779054818,2026-06-06 17:50:54,1804,1,0.5914419011228812,0.5681546937783969,3,3,Irelia,LeeSin,Cassiopeia,Hwei,Alistar,Olaf,XinZhao,Taliyah,Lucian,Gragas
BR1_3249264102,1780710805701,2026-06-05 22:53:25,1491,0,,0.5562913907284768,0,1,Sion,Khazix,Malzahar,Velkoz,Bard,Singed,Nasus,Zed,Zeri,Soraka
BR1_3249572982,1780788937423,2026-06-06 20:35:37,2369,0,0.5795454545454546,0.6109719125514177,1,2,Jayce,Qiyana,Leblanc,Corki,Nami,Singed,Nidalee,Yone,Lucian,Milio
BR1_3248383084,1780530083513,2026-06-03 20:41:23,1224,1,0.5478424015009381,,1,0,Jayce,Nunu,Hwei,Kaisa,Thresh,KSante,Vi,Diana,Jhin,Nautilus
BR1_3248179286,1780458939089,2026-06-03 00:55:39,1685,1,0.5710382513661202,0.559111103073705,1,2,Rengar,Karthus,Talon,Jhin,Sona,Jax,LeeSin,Akali,Caitlyn,TahmKench
BR1_3248779073,1780610057285,2026-06-04 18:54:17,1687,1,0.5320284697508897,,1,0,XinZhao,Zyra,Sylas,Senna,Seraphine,Olaf,Malphite,Zed,Twitch,Leona
BR1_3248731476,1780604468326,2026-06-04 17:21:08,1565,1,0.6433566433566433,0.572289156626506,1,1,Anivia,Jayce,Naafiri,Nilah,Bard,Fiora,Kayn,Azir,KogMaw,Lulu
BR1_3248560344,1780574447474,2026-06-04 09:00:47,1145,0,0.5538938760769747,0.5192582025677603,2,1,Akali,MasterYi,Gangplank,Kaisa,Thresh,Gnar,Khazix,Lissandra,Jhin,Bard
BR1_3248012850,1780435569561,2026-06-02 18:26:09,2144,0,0.5526172653346976,0.5135440180586908,2,1,Teemo,JarvanIV,Garen,Rumble,Rakan,Kennen,Nunu,Vi,Nilah,Morgana
BR1_3248451761,1780538383791,2026-06-03 22:59:43,1547,0,,0.5118343195266272,0,1,Aatrox,Shyvana,Zed,Anivia,Yuumi,Renekton,Gragas,Talon,Xayah,Rakan
BR1_3248078671,1780444817755,2026-06-02 21:00:17,1473,0,,0.5422535211267606,0,1,Olaf,Rengar,Swain,Ezreal,Camille,Zac,Sylas,Viktor,Vayne,Karma
BR1_3247442754,1780271127346,2026-05-31 20:45:27,960,1,0.598265296351856,0.5563093622795116,2,1,Kennen,Nocturne,Tristana,Ashe,Nami,Gragas,Rengar,Ahri,Jhin,Bard
BR1_3247442156,1780270841860,2026-05-31 20:40:41,1886,1,0.5627009646302251,0.540796963946869,1,1,Yone,LeeSin,Ekko,Kalista,Pyke,Jax,Kayn,Ahri,Yasuo,Nami
BR1_3249940138,1780870068794,2026-06-07 19:07:48,1480,1,0.5339452107063726,0.5714285714285714,2,1,Mordekaiser,Shaco,Sylas,Jhin,Bard,Aatrox,JarvanIV,Swain,Veigar,Thresh
BR1_3249719015,1780816013977,2026-06-07 04:06:53,1396,0,0.5631868131868132,0.515625,1,1,Sion,Ekko,Vladimir,Draven,Rakan,Varus,Udyr,Zed,Brand,Nami
BR1_3248487334,1780542419434,2026-06-04 00:06:59,918,0,0.5414955283869367,0.595742802991622,2,3,Skarner,Kayn,Ekko,Ashe,Pyke,Vayne,RekSai,Aurora,Twitch,Thresh
BR1_3249442596,1780767120141,2026-06-06 14:32:00,1870,1,0.5447114118752039,0.5716217726612272,3,2,Sett,Talon,Lissandra,Xerath,TwistedFate,Gnar,RekSai,Fizz,Draven,Leona
BR1_3249841357,1780857524580,2026-06-07 15:38:44,1667,1,0.5390709279927125,0.5371849345189933,3,3,Vayne,Sejuani,Viktor,Sivir,Camille,Darius,Karthus,Vladimir,Ezreal,Nautilus
BR1_3248787611,1780611264467,2026-06-04 19:14:24,2092,0,0.5686053492055383,0.5451425249902804,2,3,Darius,Vi,Akali,Senna,Nautilus,DrMundo,MonkeyKing,Chogath,Sivir,Poppy
BR1_3247886510,1780386713620,2026-06-02 04:51:53,1666,1,0.5884476534296029,0.5317874912185261,1,2,Mordekaiser,LeeSin,Smolder,Ziggs,Senna,KSante,Hecarim,Sylas,Ezreal,Leona
BR1_3247983448,1780428578138,2026-06-02 16:29:38,990,1,0.5735735735735735,0.5243328100470958,1,1,Mordekaiser,Nocturne,Irelia,MissFortune,Rell,Pantheon,Ekko,Anivia,Ezreal,Nautilus
BR1_3247575611,1780299190533,2026-06-01 04:33:10,2010,0,0.5363636363636364,0.5567584042245077,1,2,Aurora,JarvanIV,Cassiopeia,Kaisa,Nautilus,DrMundo,Ekko,Diana,Vayne,Poppy
BR1_3248558806,1780573813887,2026-06-04 08:50:13,2133,1,,0.559919926407512,0,3,Yasuo,Zed,TwistedFate,AurelionSol,Gragas,Nasus,Briar,Diana,Kaisa,Rell
BR1_3248283777,1780512402731,2026-06-03 15:46:42,1396,0,,0.5344295991778006,0,1,Garen,JarvanIV,TwistedFate,Ezreal,Bard,Fiora,Ivern,Katarina,Ashe,Senna
BR1_3248881696,1780621794169,2026-06-04 22:09:54,1795,1,,0.5238095238095238,0,1,Malphite,JarvanIV,Akshan,Senna,Nami,Akali,Twitch,Riven,Seraphine,Rakan
BR1_3248019658,1780436244243,2026-06-02 18:37:24,1919,1,0.5619469026548672,,1,0,Olaf,Rengar,Kayle,Ziggs,Karma,Jayce,Hecarim,Aurora,Brand,Seraphine
BR1_3248215067,1780489178022,2026-06-03 09:19:38,1885,0,,0.545816733067729,0,1,Ambessa,Elise,Azir,Ezreal,Janna,Irelia,Sylas,Yasuo,Jhin,Seraphine
BR1_3249307517,1780716925717,2026-06-06 00:35:25,1405,1,0.556184105828526,0.5406707995691292,2,2,Renekton,Diana,Fizz,Vayne,Milio,Jax,Kayn,AurelionSol,Jinx,Bard
BR1_3248837076,1780616667421,2026-06-04 20:44:27,1961,1,0.6071883289124669,0.5381172718371596,2,2,Akali,Fizz,Diana,Senna,Swain,TwistedFate,LeeSin,Katarina,Ezreal,Rell
BR1_3247698677,1780349063881,2026-06-01 18:24:23,2096,0,0.5168661588683352,0.5543766578249337,1,1,Gwen,JarvanIV,Qiyana,Caitlyn,Soraka,Jax,Zyra,Azir,Aphelios,Nautilus
BR1_3249089196,1780684885336,2026-06-05 15:41:25,1614,0,0.5622710622710623,,1,0,Darius,XinZhao,Zed,Lux,Soraka,Garen,Karthus,Twitch,Jhin,Milio
BR1_3249553062,1780784655981,2026-06-06 19:24:15,1435,0,0.576734350410911,0.5749258253107825,2,2,Yone,Kayn,Ryze,Jayce,Yuumi,Renekton,Vi,Yasuo,Veigar,Sona
BR1_3249201024,1780702872343,2026-06-05 20:41:12,1646,1,0.5552402143311235,0.5618556701030928,2,1,Malphite,MasterYi,Diana,Varus,Sona,Yorick,Ekko,TwistedFate,Aphelios,Lulu
BR1_3247691573,1780347580509,2026-06-01 17:59:40,1696,1,,0.5735735735735735,0,1,Ambessa,Hecarim,Ahri,Xayah,Zilean,Zed,Amumu,Sylas,Kaisa,Thresh
BR1_3248550865,1780565088766,2026-06-04 06:24:48,1219,0,0.5488029465930019,,1,0,Pantheon,Naafiri,Lux,Sivir,Senna,Irelia,Maokai,Katarina,Mel,Hwei
BR1_3248129363,1780450784842,2026-06-02 22:39:44,1921,0,0.5279280546360865,0.5901386748844376,2,1,Aatrox,Khazix,Viktor,Vladimir,Elise,Camille,LeeSin,Katarina,Annie,Sona
BR1_3249383777,1780754627125,2026-06-06 11:03:47,71,0,0.5576131687242798,,1,0,Ornn,Ekko,Viktor,Smolder,Rell,Gangplank,RekSai,Lux,Draven,Yuumi
BR1_3248692105,1780599528650,2026-06-04 15:58:48,1567,1,0.5606640471870983,0.6358695652173914,2,1,Lux,LeeSin,Viktor,Ashe,Seraphine,Tryndamere,Graves,Zed,Yunara,Lulu
BR1_3249499433,1780776305323,2026-06-06 17:05:05,1797,0,0.5666666666666667,0.5631868131868132,1,1,Ornn,Talon,Aurora,Jinx,Sona,Jayce,Graves,Zed,Brand,Lulu
BR1_3249325491,1780720096890,2026-06-06 01:28:16,2042,1,,0.5938864628820961,0,1,Ryze,Maokai,Akshan,Senna,Bard,Singed,Pantheon,Hwei,Lucian,Milio
BR1_3249434436,1780765580188,2026-06-06 14:06:20,2105,1,0.5596330275229358,,1,0,Jayce,Kayn,Ahri,Jhin,Seraphine,Pantheon,Diana,Riven,Caitlyn,Lux
BR1_3247576785,1780302849217,2026-06-01 05:34:09,945,1,0.6024612985855886,,2,0,Ambessa,Karthus,Aurora,Samira,Karma,Sion,MonkeyKing,Chogath,Xerath,Nami
BR1_3248868445,1780620239191,2026-06-04 21:43:59,1561,0,,0.5596330275229358,0,1,Jax,Amumu,Diana,Jinx,Bard,Pantheon,Graves,Ryze,Sivir,Nami
BR1_3248042611,1780440041590,2026-06-02 19:40:41,1401,0,0.515625,,1,0,Varus,LeeSin,Pantheon,Brand,Nami,Ezreal,Lillia,Viktor,Lucian,Sona
BR1_3247736284,1780354731393,2026-06-01 19:58:51,972,1,0.5619469026548672,0.5408299866131191,1,1,Chogath,Rengar,Ahri,Jinx,Thresh,Jax,XinZhao,Xerath,Ashe,Soraka
BR1_3248204266,1780480235128,2026-06-03 06:50:35,1651,0,,0.5672514619883041,0,1,Irelia,Khazix,Quinn,Xayah,Rakan,Mordekaiser,LeeSin,Ahri,Jinx,Karma
BR1_3249448215,1780768126319,2026-06-06 14:48:46,1944,0,,0.5327014218009478,0,1,XinZhao,Nunu,Qiyana,Sivir,Nami,Urgot,Talon,Kayle,Karthus,Pyke
BR1_3248019524,1780436166202,2026-06-02 18:36:06,1920,1,0.5275701966878438,,2,0,Quinn,LeeSin,Velkoz,Xayah,Blitzcrank,Malphite,Sylas,Ahri,Samira,Janna
BR1_3248580375,1780581470460,2026-06-04 10:57:50,1526,1,,0.5824561403508772,0,1,RekSai,Kindred,Lux,Caitlyn,Karma,Swain,JarvanIV,AurelionSol,Jinx,Morgana
BR1_3249979298,1780874744320,2026-06-07 20:25:44,1604,1,,0.5710382513661202,0,1,MasterYi,Skarner,Quinn,Seraphine,Nami,Gangplank,JarvanIV,Mel,Caitlyn,Karma
BR1_3249203957,1780703738219,2026-06-05 20:55:38,425,1,0.5271101932681153,0.5421443768541547,2,2,Volibear,JarvanIV,Vladimir,Kaisa,Nautilus,Gnar,Taliyah,Viktor,Ashe,Seraphine
BR1_3247888681,1780392570604,2026-06-02 06:29:30,1178,1,0.5631868131868132,0.5691699604743083,1,1,Pantheon,Ekko,Leblanc,Zeri,Alistar,Riven,Sylas,Aurora,Yasuo,Sona
BR1_3248613269,1780587932606,2026-06-04 12:45:32,2224,0,,0.6164623467600701,0,1,Jayce,LeeSin,Taliyah,Yunara,Milio,Renekton,Graves,Lissandra,Kaisa,Bard
BR1_3248591274,1780583540052,2026-06-04 11:32:20,1500,0,0.546,0.5192582025677603,1,1,Janna,Quinn,Viktor,Caitlyn,Thresh,Ornn,Ambessa,Zilean,Velkoz,TwistedFate
BR1_3249164999,1780698273558,2026-06-05 19:24:33,2285,0,0.6041131105398457,0.5487033492072209,1,2,Ambessa,Rengar,Galio,MissFortune,Bard,Irelia,Karthus,Zac,Jinx,Thresh
BR1_3247489992,1780276229115,2026-05-31 22:10:29,1573,0,,0.5627009646302251,0,1,Darius,MasterYi,KogMaw,Ashe,Seraphine,Vayne,Hecarim,Karma,Varus,Alistar
BR1_3249753513,1780841532087,2026-06-07 11:12:12,1182,1,0.5614790286975717,0.5556980897889989,2,2,Aatrox,Talon,Yone,Kaisa,Seraphine,Jayce,Nocturne,Lux,Varus,Mel
BR1_3247600260,1780322520741,2026-06-01 11:02:00,1520,1,0.5561750595968155,0.5625539760139981,2,2,Shen,LeeSin,Hwei,Caitlyn,Seraphine,Kayle,Sylas,Zed,Lucian,Nami
BR1_3248058190,1780442014736,2026-06-02 20:13:34,1727,0,,0.5710382513661202,0,1,Varus,Zaahen,Syndra,Twitch,Soraka,Kennen,Kayn,Talon,Aphelios,Lulu
BR1_3249960499,1780872646151,2026-06-07 19:50:46,1427,0,0.5850340136054422,,1,0,Gangplank,Nocturne,Yasuo,Lucian,Milio,Kayle,Karthus,Rumble,Aphelios,Rell
BR1_3247773934,1780359511225,2026-06-01 21:18:31,2278,0,,0.5205091937765205,0,1,Vladimir,Kayn,Annie,Varus,Lux,Kayle,Khazix,Katarina,Caitlyn,Shen
BR1_3249939895,1780870276062,2026-06-07 19:11:16,1491,0,0.5450819672131147,0.5341482775950293,1,2,Jayce,Talon,Vex,Ziggs,Zilean,Poppy,Skarner,Ahri,Twitch,Nami
BR1_3249064352,1780680274696,2026-06-05 14:24:34,2085,0,0.6015417856054879,0.5645047756566102,2,3,Vladimir,Hecarim,Zed,Lucian,Pyke,Qiyana,LeeSin,Ahri,Aphelios,Sona
BR1_3249538417,1780782228356,2026-06-06 18:43:48,2205,0,,0.6498516320474778,0,1,Teemo,Talon,Yasuo,Hwei,Karma,Jayce,JarvanIV,Zyra,Morgana,Zilean
BR1_3247710927,1780351364226,2026-06-01 19:02:44,1847,1,,0.5260361317747078,0,1,Aurora,Qiyana,Zed,Heimerdinger,Seraphine,Jayce,Evelynn,Lux,Ashe,Thresh
BR1_3248387417,1780530726372,2026-06-03 20:52:06,1601,1,0.5438105442697514,0.54296875,2,1,Camille,Talon,Akali,Karthus,Bard,Fiora,Skarner,Heimerdinger,Swain,Senna
BR1_3248561977,1780576081326,2026-06-04 09:28:01,1966,0,,0.5403679175864606,0,2,Swain,MonkeyKing,Lux,Ezreal,Karma,Zaahen,Rengar,Vladimir,Vayne,Lissandra
BR1_3248421259,1780534926063,2026-06-03 22:02:06,626,0,0.5817749973875029,0.583395745602879,3,2,Yone,Kayn,Zoe,Caitlyn,Soraka,Malphite,Vi,Aurora,Ezreal,Karma
BR1_3248984510,1780644142922,2026-06-05 04:22:22,1869,0,,0.5488029465930019,0,1,Anivia,Hecarim,Lux,Xayah,Alistar,Nasus,Quinn,Katarina,Kaisa,Poppy
BR1_3249188158,1780701278110,2026-06-05 20:14:38,1334,0,0.5107741420590582,,1,0,Yasuo,Vi,Kassadin,Kaisa,Galio,XinZhao,Skarner,Vladimir,Ashe,FiddleSticks
BR1_3247545557,1780284033764,2026-06-01 00:20:33,1666,0,0.5463749329519041,0.5981308411214953,2,1,Yone,LeeSin,Aurora,Zeri,Lulu,Ryze,Lillia,Ekko,Jhin,Camille
BR1_3248553987,1780570843200,2026-06-04 08:00:43,1167,0,,0.5884476534296029,0,1,KSante,Zed,Diana,Jhin,Rell,Shen,LeeSin,Viktor,Corki,Nami
BR1_3247901953,1780405617794,2026-06-02 10:06:57,2037,0,0.5644028103044496,0.5639117522838452,1,3,Garen,Talon,Lissandra,Nilah,Soraka,Yasuo,DrMundo,Fizz,Kalista,Nautilus
BR1_3247881854,1780381877639,2026-06-02 03:31:17,1515,1,0.5135440180586908,0.5853994490358126,1,1,Riven,MasterYi,Lissandra,Kalista,Katarina,Fiora,Darius,Gangplank,Aphelios,TahmKench
BR1_3249132855,1780693040599,2026-06-05 17:57:20,1629,0,0.5646359583952452,0.5532419077631978,1,3,Jayce,Rammus,Ziggs,AurelionSol,Zilean,Sion,Rengar,Syndra,Talon,Sona
BR1_3248266746,1780508271005,2026-06-03 14:37:51,2333,0,0.5559559239491354,0.5449678800856531,2,1,Darius,Graves,Ekko,Ashe,Braum,Riven,LeeSin,Irelia,Swain,Hwei
BR1_3249630358,1780796918237,2026-06-06 22:48:38,1512,0,0.573288331726133,0.624,2,1,Sion,LeeSin,Gragas,Karthus,Nautilus,Illaoi,Naafiri,Annie,Jhin,Karma
BR1_3247961604,1780424036739,2026-06-02 15:13:56,1853,0,0.5107741420590582,0.5351351351351351,1,1,Yorick,Diana,Yasuo,Lucian,Braum,Gangplank,Zaahen,Singed,Jinx,Senna
BR1_3249084623,1780684420465,2026-06-05 15:33:40,1458,0,0.515625,0.5647595158464724,1,2,Ambessa,Udyr,Katarina,Caitlyn,Lux,Irelia,Khazix,Mel,Ezreal,Janna
BR1_3249834753,1780856640518,2026-06-07 15:24:00,1342,0,0.504907306434024,,1,0,Akali,Elise,Yasuo,Lucian,Nami,Anivia,Naafiri,Yone,Zeri,Milio
BR1_3249208725,1780704240519,2026-06-05 21:04:00,1890,1,,0.5821354957691474,0,2,Sion,Rengar,Ryze,Caitlyn,Rell,Shen,Diana,Talon,Ezreal,Sona
BR1_3249710520,1780811828827,2026-06-07 02:57:08,1508,1,0.5740113611535941,0.5480769230769231,2,1,Riven,Evelynn,Akali,Corki,Blitzcrank,KSante,Khazix,Kayle,Draven,Janna
BR1_3248518549,1780547530862,2026-06-04 01:32:10,1584,0,,0.5328227571115973,0,1,Irelia,Hecarim,Lissandra,Brand,Nami,Varus,Shaco,Zoe,Sivir,Lux
BR1_3248291392,1780513985017,2026-06-03 16:13:05,1110,0,0.543450064850843,0.5205091937765205,1,1,Yorick,Udyr,Ahri,Caitlyn,Senna,DrMundo,Talon,Akali,Ashe,Seraphine
BR1_3247867036,1780373149265,2026-06-02 01:05:49,1873,1,0.5434462444771723,0.5712630359212051,1,1,Ekko,Ambessa,Annie,Senna,TahmKench,Gnar,Naafiri,Ahri,Caitlyn,Milio
BR1_3248987560,1780648234571,2026-06-05 05:30:34,1194,0,,0.5562913907284768,0,1,Yasuo,Quinn,Fizz,Aphelios,Lulu,Teemo,Viego,Kassadin,Jinx,Karma
BR1_3249086085,1780684187547,2026-06-05 15:29:47,1502,0,0.5986238532110092,0.5437224252014754,1,2,Ornn,XinZhao,Zed,Brand,Zilean,Fiora,Talon,Diana,Ashe,Seraphine
BR1_3247595739,1780320970041,2026-06-01 10:36:10,1737,0,0.5680851063829787,,1,0,Irelia,LeeSin,Fizz,Ashe,Seraphine,Sett,Zed,Vladimir,Senna,Zoe
BR1_3248992047,1780653629660,2026-06-05 07:00:29,1890,0,0.5672514619883041,,1,0,Viktor,Rengar,Akshan,Jinx,Camille,Shen,LeeSin,Katarina,Lucian,Janna
BR1_3249473527,1780772331991,2026-06-06 15:58:51,1487,0,0.5862068965517241,,1,0,Chogath,Udyr,Garen,Zeri,Rakan,Yorick,Diana,Yasuo,Twitch,Lulu
BR1_3248293350,1780514734007,2026-06-03 16:25:34,1265,0,,0.5107741420590582,0,1,Pantheon,Shaco,Zoe,Senna,Seraphine,Renekton,Sylas,Ahri,KogMaw,Lulu
BR1_3249352538,1780731021013,2026-06-06 04:30:21,1441,0,,0.5480769230769231,0,1,Malphite,Rengar,Kassadin,Tristana,Milio,Kayle,Ekko,Naafiri,Ashe,Seraphine
BR1_3247535606,1780282236229,2026-05-31 23:50:36,1739,0,0.554639175257732,0.5328227571115973,1,1,Volibear,Nocturne,Mel,Ashe,Velkoz,Varus,Khazix,Ahri,Sivir,Zilean
BR1_3248196834,1780469740783,2026-06-03 03:55:40,1717,0,0.5646359583952452,0.5491803441285106,1,2,Zed,Rammus,Quinn,Veigar,Seraphine,Ambessa,Naafiri,Katarina,Ezreal,Senna
BR1_3249178116,1780699753671,2026-06-05 19:49:13,489,0,0.5531914893617021,,1,0,Volibear,Naafiri,Kassadin,Karthus,Senna,Chogath,Gragas,Lux,Lucian,Milio
BR1_3248276723,1780511114307,2026-06-03 15:25:14,67,0,0.5735735735735735,0.5433671814755292,1,2,Irelia,JarvanIV,Morgana,Lucian,Nami,Tryndamere,Graves,Velkoz,Jhin,Karma
BR1_3248608893,1780587685815,2026-06-04 12:41:25,1448,1,,0.5434462444771723,0,1,Malphite,Shyvana,Katarina,Yunara,Rell,Volibear,Ambessa,TwistedFate,Varus,Alistar
BR1_3249087535,1780684904845,2026-06-05 15:41:44,1710,1,,0.5596330275229358,0,1,Katarina,Zyra,Anivia,Ashe,Pyke,TwistedFate,LeeSin,Lux,Caitlyn,Milio
BR1_3249601295,1780792949594,2026-06-06 21:42:29,1332,0,0.6024590163934426,0.5643524675968302,1,2,Jax,LeeSin,Leblanc,Smolder,Leona,Malphite,JarvanIV,Aurora,Caitlyn,Bard
BR1_3248299880,1780516140256,2026-06-03 16:49:00,1254,0,,0.522154648132059,0,1,Zed,Lillia,Nunu,Sivir,Rell,Sion,Belveth,Ekko,Yunara,Senna
BR1_3247990341,1780430298792,2026-06-02 16:58:18,1419,0,,0.5735735735735735,0,1,Malphite,Ekko,Veigar,Senna,Pantheon,Gragas,Naafiri,Irelia,Aphelios,Soraka
BR1_3248747650,1780606475701,2026-06-04 17:54:35,911,0,0.558974358974359,0.5618556701030928,1,1,KSante,Hecarim,Zed,Caitlyn,Morgana,Garen,Nunu,Veigar,Xayah,Rakan
BR1_3248548808,1780562458794,2026-06-04 05:40:58,1712,1,,0.5631868131868132,0,1,Yasuo,LeeSin,Akshan,Brand,Nami,Renekton,RekSai,Sylas,Hwei,Nautilus
BR1_3249293718,1780714931174,2026-06-06 00:02:11,1176,0,0.5505226480836237,0.5723687900118768,1,3,Rengar,Kayn,Aurora,MissFortune,Pantheon,Udyr,Naafiri,Aphelios,Caitlyn,TahmKench
BR1_3248990061,1780649146889,2026-06-05 05:45:46,1389,0,0.5505226480836237,0.6109974552168056,1,2,Shen,MasterYi,Vladimir,Vayne,Rakan,Yasuo,Khazix,Xerath,Ezreal,Seraphine
BR1_3249705422,1780809785973,2026-06-07 02:23:05,1515,0,0.542292728513955,0.5560497703354846,2,2,Quinn,Khazix,TwistedFate,Ezreal,Senna,Malphite,Talon,Ahri,Kaisa,Camille
BR1_3248969219,1780635290638,2026-06-05 01:54:50,1602,0,0.5511483049343053,0.5581154580034291,3,2,Vladimir,Talon,Cassiopeia,Tristana,Nautilus,Teemo,Diana,Vayne,Sivir,Janna
BR1_3247996539,1780432093747,2026-06-02 17:28:13,1698,0,0.5534682080924855,0.5455167205648622,1,3,Qiyana,Nocturne,Shen,Ezreal,Lissandra,Darius,LeeSin,Velkoz,Vladimir,Rakan
BR1_3247938900,1780418291517,2026-06-02 13:38:11,1463,0,0.5532319391634981,0.5281173594132029,1,1,Olaf,Kayn,Leblanc,Heimerdinger,Rell,Gangplank,Nasus,Viktor,Varus,Rakan
BR1_3248515522,1780546770671,2026-06-04 01:19:30,2201,1,0.5798657718120805,0.504907306434024,1,1,Quinn,Evelynn,Galio,Lux,Alistar,Diana,Vi,Leblanc,Ezreal,Elise
BR1_3249527160,1780780413849,2026-06-06 18:13:33,1363,1,0.5507187542115614,0.5586848733164469,3,2,Chogath,Naafiri,Aurora,Samira,Nautilus,XinZhao,Kindred,Sylas,Jayce,Rell
BR1_3249773357,1780845990193,2026-06-07 12:26:30,1607,1,0.546,0.6050809061488673,1,2,Yasuo,Graves,Ryze,Xayah,Bard,Kennen,Viego,Vladimir,Nilah,Leona
BR1_3248598348,1780585095989,2026-06-04 11:58:15,1869,0,0.5644028103044496,,1,0,TwistedFate,Elise,Taliyah,Smolder,Lulu,Gnar,RekSai,Ahri,Brand,Leona
BR1_3247612166,1780326741617,2026-06-01 12:12:21,1316,1,0.5118343195266272,,1,0,Renekton,Vi,Neeko,Kalista,Nautilus,Yasuo,Rengar,AurelionSol,Senna,Nami
BR1_3248097466,1780446973195,2026-06-02 21:36:13,2116,1,0.5422535211267606,,1,0,Chogath,Viego,Yone,Cassiopeia,Nami,Zac,LeeSin,Orianna,Ashe,Lulu
BR1_3247722965,1780353209493,2026-06-01 19:33:29,1607,0,,0.5107741420590582,0,1,Nasus,Udyr,Ryze,Sivir,Milio,Jax,Talon,Ahri,Vayne,Nautilus
BR1_3249498615,1780776246006,2026-06-06 17:04:06,1444,0,0.5795454545454546,0.5859810385808479,1,2,Gnar,Ambessa,Singed,AurelionSol,Thresh,Nasus,Rengar,Sylas,Seraphine,Nautilus
BR1_3247625066,1780330575177,2026-06-01 13:16:15,2011,0,,0.5327014218009478,0,1,Renekton,Graves,AurelionSol,Seraphine,Janna,Gnar,Lillia,Xerath,Caitlyn,Leona
BR1_3249451700,1780768857185,2026-06-06 15:00:57,2027,1,,0.6498516320474778,0,1,Jax,Kayn,Tryndamere,Aphelios,Thresh,Pantheon,MonkeyKing,Aurora,Senna,Braum
BR1_3249352955,1780732864568,2026-06-06 05:01:04,1747,0,0.5198647506339814,,1,0,Lucian,Pantheon,Viego,Ziggs,Xerath,Elise,Rengar,Katarina,Sivir,Neeko
BR1_3248826819,1780615726463,2026-06-04 20:28:46,1750,0,,0.5505408834841685,0,2,Gangplank,XinZhao,TwistedFate,Ashe,Nautilus,Olaf,Graves,Ahri,Kaisa,Leona
BR1_3249342013,1780724154581,2026-06-06 02:35:54,1901,1,0.5790797675165827,0.5409049926744055,3,2,Renekton,Vi,Pantheon,Caitlyn,Senna,Malphite,Kayn,Katarina,Karthus,Thresh
BR1_3247679854,1780345168636,2026-06-01 17:19:28,1753,1,0.5450819672131147,,1,0,Jayce,Jax,Viktor,Jhin,Milio,LeeSin,Udyr,Zed,Ezreal,Bard
BR1_3249078830,1780683221158,2026-06-05 15:13:41,1798,0,0.5461664184567231,0.5518831965889269,2,2,Gangplank,LeeSin,Leblanc,Zeri,Xerath,Riven,Rammus,Velkoz,Draven,KSante
BR1_3247875630,1780377138199,2026-06-02 02:12:18,1320,1,0.5459666637916163,0.5422263804897394,2,2,Yorick,Kayn,Kayle,Ezreal,Karma,Jax,LeeSin,Veigar,Seraphine,Sona
BR1_3249022082,1780669697068,2026-06-05 11:28:17,1852,1,0.5192582025677603,,1,0,Irelia,XinZhao,Vladimir,Kaisa,Nautilus,Zed,Naafiri,Ryze,Ezreal,Bard
BR1_3249646916,1780799392820,2026-06-06 23:29:52,67,0,,0.546,0,1,MonkeyKing,LeeSin,Vex,Samira,Alistar,Renekton,Zed,Xerath,Corki,Pyke
BR1_3248154303,1780454073481,2026-06-02 23:34:33,917,0,0.66,0.5547409952908234,1,3,Garen,Khazix,Vladimir,Seraphine,Velkoz,Akali,Viego,Malzahar,Senna,Xerath
BR1_3247882975,1780383569748,2026-06-02 03:59:29,1393,0,0.504907306434024,0.604751275510204,1,2,Renekton,Elise,Ahri,Caitlyn,Ashe,Kled,MasterYi,Yasuo,KogMaw,Shaco
BR1_3249153803,1780696302023,2026-06-05 18:51:42,1647,0,,0.5492533123736807,0,2,Riven,Nunu,XinZhao,Jinx,Milio,Gragas,Talon,Anivia,Caitlyn,Senna
BR1_3249767276,1780844766245,2026-06-07 12:06:06,1209,0,,0.5263929618768328,0,1,Yorick,Viego,Yone,Cassiopeia,Taric,Mordekaiser,LeeSin,Syndra,Jinx,Bard
BR1_3248706623,1780601394623,2026-06-04 16:29:54,1779,1,0.5600298690568222,0.5711342540461424,4,4,KSante,Graves,Sylas,Ezreal,Karma,Rumble,Kayn,Leblanc,Jhin,Senna
BR1_3247949695,1780421032394,2026-06-02 14:23:52,1513,1,0.5416161217350836,0.5714285714285714,3,1,Rumble,Kayn,Ekko,Lucian,Thresh,Malphite,Graves,Yone,Veigar,Qiyana
BR1_3247559032,1780287328710,2026-06-01 01:15:28,1627,1,0.5449678800856531,0.5575033204889318,1,4,Yone,LeeSin,Katarina,Karthus,Nautilus,Rumble,Nidalee,Yasuo,Yunara,Leona
BR1_3248359470,1780526925001,2026-06-03 19:48:45,916,0,0.5449678800856531,0.5984293859853952,1,3,Fiora,Nunu,Heimerdinger,Caitlyn,Thresh,Quinn,Vi,Ahri,Ezreal,Alistar
BR1_3248204165,1780479276619,2026-06-03 06:34:36,1838,1,0.5483322140730674,0.5586848733164469,2,2,XinZhao,Rammus,Annie,Caitlyn,Soraka,Yasuo,Kindred,Chogath,Ezreal,Leona
BR1_3249919185,1780867493289,2026-06-07 18:24:53,1475,0,,0.5900990099009901,0,1,Riven,XinZhao,Zed,Veigar,Neeko,Ornn,Rengar,Diana,Ezreal,Karma
BR1_3248788617,1780611356473,2026-06-04 19:15:56,2327,0,,0.5824634655532359,0,1,Darius,Naafiri,Akali,Caitlyn,Leona,Camille,Kayn,Leblanc,Kaisa,Rell
BR1_3249389042,1780755508295,2026-06-06 11:18:28,1535,1,0.671864591533943,,2,0,Mordekaiser,LeeSin,Malzahar,Ezreal,Karma,Nasus,Kindred,Ahri,Twitch,Neeko
BR1_3247637092,1780334142382,2026-06-01 14:15:42,1641,1,0.5403973509933775,,1,0,Gnar,LeeSin,Viktor,Nilah,Lulu,Rumble,Hecarim,Xerath,Ezreal,Seraphine
BR1_3248009199,1780434363685,2026-06-02 18:06:03,1593,0,0.5677602381142204,,2,0,Zed,Ekko,Yasuo,Caitlyn,Bard,Renekton,MonkeyKing,Ziggs,Tristana,Rell
BR1_3248995715,1780660134798,2026-06-05 08:48:54,924,1,0.5261597371005907,0.5585940720587024,3,2,Irelia,Khazix,Chogath,Samira,Elise,Aurora,Naafiri,Kassadin,Senna,Alistar
BR1_3248153495,1780454113808,2026-06-02 23:35:13,1586,0,,0.558974358974359,0,1,KSante,Ekko,Zed,Vayne,Seraphine,Jax,MasterYi,Riven,Ashe,Janna
BR1_3248011805,1780434843238,2026-06-02 18:14:03,911,0,0.5730565730565731,0.543136295377627,2,2,Ornn,Vayne,Xerath,Sivir,Alistar,Akali,Kayn,Zed,Hwei,Karma
BR1_3248527427,1780549269726,2026-06-04 02:01:09,1763,0,,0.6190476190476191,0,1,Zaahen,Kayn,Mel,Draven,Pyke,Yone,Quinn,Katarina,Chogath,Senna
BR1_3247588777,1780317723315,2026-06-01 09:42:03,1599,1,0.554639175257732,0.5296610169491526,1,1,XinZhao,LeeSin,Akshan,Mel,TwistedFate,Varus,Khazix,Aurora,Zeri,Yuumi
BR1_3247732226,1780354205806,2026-06-01 19:50:05,1708,0,0.5606352052706001,0.5238095238095238,2,1,Rumble,LeeSin,Tristana,Brand,Lux,Yone,Nocturne,Riven,Kalista,Nami
BR1_3248752493,1780606998919,2026-06-04 18:03:18,914,0,0.5766423357664233,,1,0,Ambessa,Olaf,Lux,KogMaw,Karma,Camille,Taliyah,Riven,Vayne,Senna
BR1_3248552938,1780569782049,2026-06-04 07:43:02,1796,0,0.5627009646302251,0.5381421163506726,1,2,Yasuo,Quinn,Kassadin,Zeri,Karma,Riven,RekSai,LeeSin,Ezreal,Brand
BR1_3249370713,1780750143012,2026-06-06 09:49:03,1757,0,,0.5631868131868132,0,1,Olaf,Pantheon,Vladimir,Singed,Seraphine,Akali,RekSai,Nasus,Ashe,Mel
BR1_3247698463,1780348920915,2026-06-01 18:22:00,1238,0,0.5205091937765205,,1,0,KSante,MasterYi,Irelia,Varus,Braum,Teemo,Briar,Ahri,Xayah,Bard
BR1_3248541747,1780555502478,2026-06-04 03:45:02,2253,0,,0.5243328100470958,0,1,Malphite,Taliyah,Lux,Ezreal,Bard,KSante,Nasus,Ahri,Ashe,Brand
BR1_3247885330,1780383932422,2026-06-02 04:05:32,934,1,0.5135440180586908,0.5646359583952452,1,1,Aatrox,Zed,Cassiopeia,Seraphine,Mel,Sion,Rammus,Chogath,Jinx,Janna
BR1_3247880873,1780381411257,2026-06-02 03:23:31,1937,0,0.5531914893617021,,1,0,Pantheon,Ivern,Fizz,Karthus,Xerath,Qiyana,DrMundo,Viktor,Vayne,Janna
BR1_3247702854,1780349941612,2026-06-01 18:39:01,1624,0,0.522154648132059,0.5348360655737705,1,1,Aatrox,Elise,AurelionSol,Varus,Lulu,Anivia,Nocturne,Viktor,Zeri,Sona
BR1_3249849837,1780858811716,2026-06-07 16:00:11,1358,0,0.5192582025677603,0.5272127125598426,1,3,Quinn,MonkeyKing,Kassadin,Lux,Leona,Yasuo,Elise,Irelia,Katarina,Rakan
BR1_3249039015,1780674330531,2026-06-05 12:45:30,925,1,,0.5263929618768328,0,1,Gangplank,Viego,Viktor,Jhin,Soraka,Yone,Malphite,TwistedFate,Smolder,Thresh
BR1_3247537951,1780282715026,2026-05-31 23:58:35,917,0,0.5524543064979521,0.5654773640341436,2,3,Riven,Sylas,Ekko,Caitlyn,Senna,Heimerdinger,Hecarim,Katarina,Varus,Sona
BR1_3249414807,1780761979358,2026-06-06 13:06:19,1625,0,,0.5107741420590582,0,1,Riven,Zac,Kayle,Jinx,Nami,Poppy,Graves,Ahri,AurelionSol,Bard
BR1_3248257214,1780505462238,2026-06-03 13:51:02,1819,0,0.5564657474450972,0.5660728306697687,4,3,KSante,XinZhao,Aurora,Velkoz,Viego,Cassiopeia,LeeSin,Qiyana,Senna,Zilean
BR1_3247591747,1780319116302,2026-06-01 10:05:16,931,0,,0.5485074626865671,0,1,Gnar,Khazix,TwistedFate,Twitch,Milio,Renekton,Nocturne,Chogath,Draven,Lulu
BR1_3249431099,1780764858773,2026-06-06 13:54:18,1721,0,,0.5824634655532359,0,1,Irelia,Graves,Fizz,Ezreal,Velkoz,Jax,Karthus,Zed,Jinx,Seraphine
BR1_3247605420,1780324310524,2026-06-01 11:31:50,1637,0,,0.5304054054054054,0,1,Shen,Zed,Vladimir,Ezreal,Zoe,Gragas,Nidalee,Talon,Ashe,Seraphine
BR1_3248024933,1780437712280,2026-06-02 19:01:52,2304,1,0.5596330275229358,,1,0,Jayce,JarvanIV,Ahri,Xayah,Nami,Gangplank,LeeSin,Kassadin,Heimerdinger,Senna
BR1_3247667726,1780342346302,2026-06-01 16:32:26,912,1,0.5766423357664233,0.54715913426079,1,2,Kennen,Elise,Akali,Tristana,Lulu,Jayce,Quinn,Galio,Hwei,Soraka
BR1_3248551424,1780563362363,2026-06-04 05:56:02,1919,0,,0.5290423861852434,0,1,Kled,Ekko,Leblanc,Ashe,XinZhao,Malphite,Briar,Zed,Caitlyn,Bard
BR1_3249252265,1780709409456,2026-06-05 22:30:09,1446,0,0.5618556701030928,0.515625,1,1,Sion,MonkeyKing,Xerath,Lucian,Nami,Jax,Naafiri,Sylas,Ezreal,Karma
BR1_3248061580,1780442710502,2026-06-02 20:25:10,1103,1,0.5397835617492801,0.5391304347826087,2,1,Aurora,Skarner,Katarina,Caitlyn,Bard,Irelia,RekSai,Vladimir,Draven,Milio
BR1_3247569910,1780293734662,2026-06-01 03:02:14,1290,1,,0.545816733067729,0,1,Kled,Hecarim,Viktor,Jinx,Lulu,Mordekaiser,Viego,Yasuo,Smolder,Nami
BR1_3249350813,1780730083552,2026-06-06 04:14:43,1628,0,,0.5671125322764667,0,2,RekSai,Zyra,Katarina,Jinx,Thresh,Akali,Brand,Talon,Sivir,Lulu
BR1_3247670770,1780343054598,2026-06-01 16:44:14,1404,0,0.5560407569141194,0.5469863564672334,1,2,Sion,Trundle,Hwei,Mel,Amumu,Irelia,Udyr,TwistedFate,Sivir,Rakan
BR1_3249117183,1780689894912,2026-06-05 17:04:54,1298,1,,0.543450064850843,0,1,Kled,Zyra,Senna,AurelionSol,Neeko,Ornn,Udyr,Malzahar,Samira,Rell
BR1_3249291459,1780714497125,2026-06-05 23:54:57,1785,0,0.5824634655532359,,1,0,Anivia,Maokai,Caitlyn,Brand,Sona,Fiora,Evelynn,Hwei,Draven,Karma
BR1_3248712465,1780602140030,2026-06-04 16:42:20,1632,0,0.5429458861124188,0.5643420666797808,3,4,Vayne,LeeSin,Cassiopeia,Senna,Nautilus,Nasus,Diana,Yasuo,Kalista,Camille
BR1_3248735202,1780604808180,2026-06-04 17:26:48,2116,0,0.5304054054054054,,1,0,Akali,Sylas,Hwei,Jinx,Braum,Lissandra,LeeSin,Talon,Ezreal,Bard
BR1_3249570934,1780788416475,2026-06-06 20:26:56,1498,1,0.5563033525859256,0.5535123257295688,2,3,TwistedFate,Talon,Lux,Kaisa,Leona,XinZhao,Hecarim,Aurora,Ezreal,Braum
BR1_3248546520,1780557779975,2026-06-04 04:22:59,1272,0,0.5672514619883041,0.5241632109004739,1,2,Olaf,Warwick,Vex,Draven,Leona,Yasuo,Talon,Lux,Varus,Thresh
BR1_3247712883,1780351688518,2026-06-01 19:08:08,1868,0,0.5486322188449848,,1,0,Renekton,Vi,Ahri,Twitch,Janna,Jax,Khazix,Qiyana,Anivia,Nautilus
BR1_3249584735,1780790910335,2026-06-06 21:08:30,2265,1,0.5475535857371795,0.6093117408906883,2,1,Poppy,RekSai,Zac,Ashe,Maokai,Aatrox,Ivern,Kassadin,Mel,Pyke
BR1_3249586650,1780791090892,2026-06-06 21:11:30,1735,1,0.5192582025677603,0.5866666666666667,1,2,Nasus,RekSai,Ahri,Varus,Anivia,Kayle,Ekko,Ambessa,Lux,Bard
BR1_3249231254,1780706814420,2026-06-05 21:46:54,1391,1,0.504907306434024,,1,0,Riven,Elise,Sylas,Hwei,Bard,Singed,Talon,Akali,Vayne,Shaco
BR1_3248545403,1780557339236,2026-06-04 04:15:39,1581,0,0.5408128518522997,,2,0,Jax,Naafiri,Fizz,Xayah,Leona,Yasuo,Talon,Kassadin,Singed,Nautilus
BR1_3247981344,1780428358807,2026-06-02 16:25:58,1913,0,0.5394045534150613,0.5440949881887772,1,3,Gwen,Naafiri,Irelia,Jhin,Karma,Akali,Khazix,Yasuo,Kaisa,Nautilus
BR1_3248794831,1780612119550,2026-06-04 19:28:39,1588,0,0.5332290344643451,0.5940691127936323,2,2,Nasus,Diana,Talon,Varus,Soraka,Volibear,Rengar,Kayle,Ezreal,TwistedFate
BR1_3247961678,1780424125328,2026-06-02 15:15:25,1587,0,0.515625,0.5175879396984925,1,1,Pantheon,LeeSin,Veigar,Lucian,Milio,Fiora,Naafiri,Orianna,Ashe,Seraphine
BR1_3248966642,1780634797037,2026-06-05 01:46:37,1580,1,,0.5270655270655271,0,1,Yorick,Jax,Renekton,Brand,Nami,Gragas,Graves,Yasuo,Lucian,Sona
BR1_3249948312,1780871142131,2026-06-07 19:25:42,726,0,0.6019736842105263,0.5650832407545726,1,3,Yone,Ambessa,Ryze,Jhin,Sona,Cassiopeia,LeeSin,Nasus,Ashe,Neeko
BR1_3248134119,1780451204944,2026-06-02 22:46:44,1482,0,0.5426944971537002,,1,0,Vayne,Zac,Zed,Brand,Sona,Yorick,Khazix,Ryze,Ezreal,Neeko
BR1_3248571566,1780578962631,2026-06-04 10:16:02,1295,0,,0.5280748663101604,0,1,Nasus,Briar,Ryze,TahmKench,Thresh,Yone,RekSai,Ahri,Vladimir,Seraphine
BR1_3247794670,1780361905796,2026-06-01 21:58:25,1462,0,0.5798657718120805,0.5714285714285714,1,1,Gangplank,MasterYi,Irelia,Vladimir,Xerath,Renekton,Zed,Ahri,Senna,Soraka
BR1_3249673065,1780802753504,2026-06-07 00:25:53,1568,1,0.5560687830687832,0.624,2,1,Darius,Evelynn,Akshan,Lucian,Karma,Jayce,LeeSin,Aurora,Twitch,Milio
BR1_3247613114,1780326717998,2026-06-01 12:11:57,2032,1,,0.572289156626506,0,1,Cassiopeia,Talon,Hwei,Brand,Janna,Vladimir,XinZhao,Orianna,Lucian,Seraphine
BR1_3249354157,1780731331079,2026-06-06 04:35:31,920,0,0.6938775510204082,0.5712630359212051,1,1,Kennen,Gwen,Gragas,Lucian,Senna,Aatrox,Shaco,Ahri,Vladimir,Zilean
BR1_3249243402,1780708425928,2026-06-05 22:13:45,1188,0,0.5238095238095238,,1,0,Riven,Amumu,Katarina,Jhin,Senna,Lissandra,Hecarim,Yone,Caitlyn,Bard
BR1_3249814690,1780853643982,2026-06-07 14:34:03,1615,1,,0.5328227571115973,0,1,Yasuo,LeeSin,Ekko,Brand,Lux,Renekton,Naafiri,Ornn,Kaisa,Singed
BR1_3249930416,1780868825507,2026-06-07 18:47:05,1803,1,,0.563153247128811,0,2,Renekton,Quinn,Gangplank,Yunara,Lulu,Yone,Hecarim,Kalista,Cassiopeia,Soraka
BR1_3247676219,1780344035748,2026-06-01 17:00:35,1394,0,0.5510848958021936,0.5725264230153553,3,5,Olaf,Ekko,Yone,Ashe,Sona,Riven,Khazix,Irelia,Velkoz,TwistedFate
BR1_3248311623,1780518555221,2026-06-03 17:29:15,1309,0,0.5900990099009901,0.543725594370929,1,3,Kayle,Viego,Zed,Smolder,TwistedFate,Malphite,Nidalee,Riven,Jinx,Soraka
BR1_3248484044,1780542040170,2026-06-04 00:00:40,1962,1,,0.5601503759398496,0,1,Anivia,Evelynn,Briar,Vayne,Pantheon,Shen,Skarner,Hwei,Smolder,Bard
BR1_3249230197,1780706646969,2026-06-05 21:44:06,1436,1,0.5797101449275363,0.5485074626865671,1,1,KSante,LeeSin,Katarina,MissFortune,Blitzcrank,Volibear,Hecarim,Ryze,Caitlyn,Rell
BR1_3249340324,1780723999025,2026-06-06 02:33:19,1369,1,,0.5666666666666667,0,1,Fiora,Rengar,Katarina,Kaisa,Amumu,Volibear,DrMundo,Qiyana,Ashe,Soraka
BR1_3247682362,1780345431631,2026-06-01 17:23:51,1784,0,0.5735735735735735,,1,0,Anivia,Vayne,Zed,Lux,Nami,Belveth,Nocturne,Orianna,Ezreal,Karma
BR1_3249857973,1780859979279,2026-06-07 16:19:39,1387,0,0.5724038414089222,0.611451048951049,3,2,Malphite,Rengar,Vladimir,Ezreal,Karma,Olaf,Qiyana,Ziggs,KogMaw,Lulu
BR1_3247689802,1780347389592,2026-06-01 17:56:29,1954,1,,0.5438914027149321,0,1,Malphite,JarvanIV,Yone,Karthus,TahmKench,Aatrox,LeeSin,TwistedFate,Zeri,Thresh
BR1_3249440612,1780767009073,2026-06-06 14:30:09,1458,0,,0.5198647506339814,0,1,Jayce,MasterYi,Lux,Lucian,Yuumi,Yorick,Viego,Talon,Zyra,Leona
BR1_3247949017,1780420288901,2026-06-02 14:11:28,1854,1,0.5514950166112956,0.5355020059301805,1,2,Cassiopeia,Rengar,Vladimir,Ezreal,Rell,Irelia,Graves,Lux,Xayah,Nautilus
BR1_3247651676,1780338444165,2026-06-01 15:27:24,1226,0,0.5980392156862745,0.5198647506339814,1,1,Yasuo,Rengar,Nidalee,Sivir,Janna,Nasus,Viego,Lux,AurelionSol,Zoe
BR1_3248534851,1780551984835,2026-06-04 02:46:24,1785,0,,0.5715262924994469,0,2,Gragas,Rengar,Ahri,Swain,Rell,Malphite,LeeSin,Gwen,Jinx,Braum
BR1_3248807481,1780613494070,2026-06-04 19:51:34,1965,0,0.5264994856841676,0.5768971236902565,2,3,Poppy,Talon,Akali,Kaisa,Pyke,Gangplank,Evelynn,Viktor,Velkoz,Sona
BR1_3247776980,1780360001096,2026-06-01 21:26:41,1757,0,0.5634100516324912,0.5757987409476026,3,2,XinZhao,Pantheon,Lissandra,Jinx,Lulu,Gangplank,RekSai,Vladimir,Ezreal,TwistedFate
BR1_3248614101,1780587921203,2026-06-04 12:45:21,1992,1,0.5531165854013536,,2,0,Aatrox,Naafiri,Annie,Veigar,Nami,Singed,Nocturne,Caitlyn,Seraphine,Sona
BR1_3249606316,1780793755121,2026-06-06 21:55:55,1653,1,0.5821354957691474,0.5470627735185227,2,4,Renekton,Diana,Sylas,Ezreal,Camille,Jayce,JarvanIV,Zed,Brand,Ashe
BR1_3248232118,1780497650929,2026-06-03 11:40:50,914,1,0.637816091954023,0.5578677005518391,2,2,Malphite,Ekko,Vladimir,Ezreal,Camille,Quinn,Qiyana,Chogath,Zeri,Rell
BR1_3247533891,1780281966334,2026-05-31 23:46:06,1538,1,0.5699136981270657,0.5445427635722383,2,2,Rengar,RekSai,Kayle,MissFortune,Rell,Malphite,Kayn,Akshan,Xerath,Nautilus
BR1_3247862730,1780372673590,2026-06-02 00:57:53,2146,0,,0.561662198391421,0,1,Yorick,Sylas,Chogath,Jhin,Nautilus,Renekton,Talon,Katarina,Ezreal,Rell
BR1_3248773792,1780609697434,2026-06-04 18:48:17,1836,0,0.5863448121799497,0.5388646288209606,2,1,Chogath,Kayn,Qiyana,Jhin,Bard,Akali,LeeSin,Naafiri,Yunara,Leona
BR1_3249004765,1780665204106,2026-06-05 10:13:24,916,0,0.5464820776455126,0.5544871794871795,2,1,TwistedFate,Lillia,Irelia,Ezreal,Elise,Jax,Ekko,Ahri,Jhin,Pantheon
BR1_3248388903,1780531366924,2026-06-03 21:02:46,1722,0,,0.5107741420590582,0,1,Irelia,JarvanIV,Vladimir,Smolder,Taric,Yone,Aatrox,Anivia,Lucian,Rell
BR1_3247671367,1780342922853,2026-06-01 16:42:02,2434,1,0.5709472671336157,0.5470931040682723,3,4,Gragas,Nasus,Cassiopeia,Yasuo,Alistar,Lissandra,LeeSin,Syndra,Lucian,Sona
BR1_3247934714,1780416922946,2026-06-02 13:15:22,1678,0,0.5205091937765205,0.5596330275229358,1,1,Ornn,LeeSin,Diana,Lucian,Milio,Vladimir,Vi,Malzahar,Jhin,Poppy
BR1_3247652573,1780338803376,2026-06-01 15:33:23,1266,1,0.549247980598095,0.5463276335614833,2,3,Malphite,Vi,Yasuo,Senna,Pantheon,Gwen,MasterYi,Heimerdinger,Ashe,Leona
BR1_3247646089,1780336426956,2026-06-01 14:53:46,1110,0,,0.5709546947005302,0,2,KSante,Gwen,Viktor,Nilah,Soraka,Malphite,Talon,Xerath,Jhin,TwistedFate
BR1_3248629132,1780590639988,2026-06-04 13:30:39,2128,0,,0.6190476190476191,0,1,Mel,JarvanIV,Taliyah,Varus,Rell,Camille,Quinn,Annie,Vayne,Lulu
BR1_3247686348,1780346331812,2026-06-01 17:38:51,2169,0,0.5532319391634981,,1,0,Gragas,Hecarim,Akali,Jhin,Bard,Lillia,Udyr,Katarina,Varus,Karma
BR1_3247722217,1780352857425,2026-06-01 19:27:37,2295,1,0.5924990861526207,0.5806451612903226,2,1,KSante,Pantheon,Taliyah,Kaisa,TwistedFate,Jax,Gragas,Ahri,Jinx,Thresh
BR1_3248189034,1780462405340,2026-06-03 01:53:25,1950,0,,0.504907306434024,0,1,Sion,LeeSin,Zyra,Xayah,Kennen,Janna,Elise,Irelia,Jhin,Bard
BR1_3247915176,1780409841604,2026-06-02 11:17:21,1646,0,,0.5766423357664233,0,1,Ornn,Jayce,Syndra,Vayne,Zilean,Sett,LeeSin,Gragas,Tristana,Nautilus
BR1_3249236566,1780707624327,2026-06-05 22:00:24,1748,1,0.5532319391634981,,1,0,Gangplank,Hecarim,Pantheon,Ezreal,Sona,Fiora,Quinn,Brand,KogMaw,Karma
BR1_3248792841,1780611911558,2026-06-04 19:25:11,1747,1,0.5663322185061316,0.5608628122888764,1,2,Garen,RekSai,Ekko,Kaisa,Braum,Chogath,Kayn,Qiyana,Hwei,Bard
BR1_3249115930,1780690243943,2026-06-05 17:10:43,913,0,0.5438914027149321,0.5506553047967118,1,2,Gangplank,Viego,Irelia,Kaisa,Sion,Trundle,Ivern,Lissandra,Corki,Leona
BR1_3249944178,1780870555667,2026-06-07 19:15:55,1423,1,0.5363149060810755,,2,0,Urgot,XinZhao,Syndra,Kaisa,Rell,Darius,Graves,Tryndamere,Brand,Soraka
BR1_3248774578,1780609664670,2026-06-04 18:47:44,1342,1,0.6135646027051236,0.5790620552515809,2,3,KSante,Pantheon,Zed,Veigar,Bard,Gwen,Khazix,Mel,Xerath,TwistedFate
BR1_3248209073,1780485370549,2026-06-03 08:16:10,2622,0,0.5735735735735735,,1,0,Zed,Pantheon,Pyke,Brand,Nautilus,Kassadin,Jayce,Annie,Samira,Chogath
BR1_3247737557,1780354945993,2026-06-01 20:02:25,1671,0,0.5351351351351351,0.5449678800856531,1,1,Ambessa,MonkeyKing,Anivia,Jhin,Senna,Singed,Kayn,Ryze,Twitch,Rakan
BR1_3247442757,1780271113603,2026-05-31 20:45:13,1360,0,0.5486322188449848,0.579855344675404,1,2,Ryze,Pantheon,Aurora,Sivir,Rell,Lissandra,XinZhao,Cassiopeia,Jinx,Lulu
BR1_3247871810,1780375606139,2026-06-02 01:46:46,916,1,0.5861166007905139,0.5795454545454546,2,1,Yorick,Graves,Mel,Karthus,Karma,Urgot,Zyra,Ahri,Draven,Leona
BR1_3248026156,1780437280999,2026-06-02 18:54:40,2020,1,0.6157142857142857,0.5362525249942469,2,2,Yorick,RekSai,Vladimir,Smolder,Senna,Irelia,Evelynn,Singed,Ezreal,Karma
BR1_3247739436,1780355135317,2026-06-01 20:05:35,1013,0,0.5107741420590582,,1,0,Sion,Karthus,Taliyah,AurelionSol,Rell,Vayne,Shaco,Irelia,Jinx,Rakan
BR1_3249415539,1780761999839,2026-06-06 13:06:39,2253,1,,0.6498516320474778,0,1,Gangplank,LeeSin,KogMaw,Lucian,Rell,Pantheon,Nocturne,Singed,Varus,Seraphine
BR1_3248906000,1780624707190,2026-06-04 22:58:27,2337,0,0.5168661588683352,0.5290520823239263,1,3,Ambessa,LeeSin,Seraphine,Ezreal,Nami,Riven,Darius,Viktor,Senna,Pyke
BR1_3248297150,1780515451472,2026-06-03 16:37:31,995,1,0.5935483870967742,0.534473673013161,1,2,Teemo,Viego,Jax,Xayah,Seraphine,Malphite,Vi,LeeSin,Zeri,Soraka
BR1_3249708268,1780810699640,2026-06-07 02:38:19,1759,0,0.5853994490358126,0.5154166161799749,1,2,Sion,Khazix,Hwei,Karthus,Camille,Jax,Elise,Viktor,Zeri,Nautilus
BR1_3247543351,1780283525604,2026-06-01 00:12:05,1747,1,0.5424769703172978,,1,0,Cassiopeia,Kayn,Diana,Ezreal,Seraphine,Anivia,Vi,Qiyana,Yunara,Zilean
BR1_3247939154,1780417623585,2026-06-02 13:27:03,1537,0,0.5488626738012107,0.531982481973978,2,2,Yorick,Talon,Kassadin,AurelionSol,Karma,Gwen,Viego,Yone,Malzahar,Nami
BR1_3248098905,1780447247029,2026-06-02 21:40:47,1688,0,0.5192582025677603,0.5661375661375662,1,1,Rumble,RekSai,Kassadin,Corki,Bard,Darius,Ekko,Katarina,Yasuo,Maokai
BR1_3248001435,1780432873210,2026-06-02 17:41:13,1731,1,0.5351351351351351,,1,0,Olaf,Naafiri,Sylas,Ezreal,Alistar,Gragas,Talon,Ahri,Aphelios,Malphite
BR1_3249975930,1780874569155,2026-06-07 20:22:49,1767,1,,0.5304054054054054,0,1,KSante,Diana,Hwei,Ashe,Seraphine,Swain,Nocturne,XinZhao,Senna,Sona
BR1_3248861678,1780619559677,2026-06-04 21:32:39,1739,1,0.5532117142626001,,2,0,Kled,Hecarim,Qiyana,Karthus,Lux,Zaahen,Nocturne,Gangplank,Aphelios,Alistar
BR1_3248238485,1780499749164,2026-06-03 12:15:49,1456,1,,0.5155462610471937,0,2,Galio,LeeSin,Malzahar,Kaisa,Rell,Aatrox,Evelynn,Katarina,Ezreal,Pyke
BR1_3249571770,1780788653296,2026-06-06 20:30:53,1850,0,0.5434462444771723,0.5361328125,1,1,Yasuo,JarvanIV,Gwen,Samira,Leona,Poppy,LeeSin,Cassiopeia,Yunara,Senna
BR1_3247796178,1780361968554,2026-06-01 21:59:28,921,0,0.565540559163155,0.5576253036696075,3,3,Gnar,MasterYi,Zoe,Yasuo,Veigar,Jayce,Belveth,Leblanc,Lucian,Taric
BR1_3248508923,1780546016416,2026-06-04 01:06:56,1829,1,,0.5424769703172978,0,1,KSante,Rengar,Lissandra,Caitlyn,Rell,Mordekaiser,Kayn,Zed,Twitch,Janna
BR1_3249440100,1780766608081,2026-06-06 14:23:28,1874,0,,0.6498516320474778,0,1,Nasus,JarvanIV,Malzahar,MissFortune,Sona,Pantheon,Shyvana,Diana,Sivir,Soraka
BR1_3248714877,1780602537647,2026-06-04 16:48:57,1841,0,0.5864343754303815,0.5516443688597432,2,3,Tryndamere,Talon,Velkoz,Ezreal,Brand,Ambessa,JarvanIV,Ahri,Senna,Camille
BR1_3247833148,1780366610160,2026-06-01 23:16:50,1572,1,0.6093117408906883,,1,0,Ambessa,Viego,Lux,Tristana,Camille,Garen,Briar,Ahri,Caitlyn,Senna
BR1_3247844242,1780368446260,2026-06-01 23:47:26,1533,0,0.5320284697508897,0.5355141857555096,1,2,Fiora,Nunu,Ryze,Kalista,Neeko,Aatrox,JarvanIV,Anivia,Ezreal,Janna
BR1_3249700840,1780808993672,2026-06-07 02:09:53,2412,1,,0.515625,0,1,KSante,Viego,Lux,Caitlyn,Senna,Yasuo,Darius,Yone,KogMaw,Zoe
BR1_3248109659,1780448458598,2026-06-02 22:00:58,1971,0,0.5522788203753352,0.5480769230769231,1,1,Malzahar,Khazix,Katarina,MissFortune,Yuumi,Diana,Graves,Kayle,Hwei,Nami
BR1_3249425865,1780764227751,2026-06-06 13:43:47,912,0,,0.5579711949012236,0,2,Gragas,Kayn,Vladimir,Kaisa,Braum,Aatrox,Ekko,Riven,MissFortune,Nautilus
BR1_3248797009,1780612114035,2026-06-04 19:28:34,1366,1,0.5107741420590582,,1,0,XinZhao,Hecarim,Talon,Kaisa,Nami,Fiora,Ivern,Lucian,Mel,Senna
BR1_3249974086,1780874046939,2026-06-07 20:14:06,1462,0,,0.5357142857142857,0,1,Camille,MonkeyKing,Viktor,Mel,TwistedFate,Yorick,LeeSin,Zed,Heimerdinger,Nami
BR1_3249577958,1780789645996,2026-06-06 20:47:25,1896,1,,0.522154648132059,0,1,Riven,Kayn,Ryze,TahmKench,Anivia,Garen,LeeSin,Kennen,Yunara,Yuumi
BR1_3247532613,1780281776967,2026-05-31 23:42:56,2028,0,,0.5710382513661202,0,1,DrMundo,Diana,Katarina,Varus,Nautilus,Olaf,Graves,Talon,Cassiopeia,Senna
BR1_3248212796,1780490476743,2026-06-03 09:41:16,2012,0,0.5814854503227569,0.5902977668595965,2,3,KSante,Graves,Ryze,Varus,Milio,Gnar,Naafiri,Ahri,AurelionSol,Bard
BR1_3248363483,1780527530008,2026-06-03 19:58:50,1785,1,0.5710382513661202,0.5824634655532359,1,1,Kennen,LeeSin,Talon,Zeri,Lulu,Vladimir,Graves,Riven,Katarina,Sona
BR1_3248992731,1780657598767,2026-06-05 08:06:38,1550,0,0.504907306434024,,1,0,Shen,Elise,Qiyana,AurelionSol,Senna,Darius,Naafiri,Kassadin,Twitch,DrMundo
BR1_3248252372,1780504399547,2026-06-03 13:33:19,1689,1,0.5501618122977346,0.5254470426409904,1,1,Jayce,Viego,Sylas,Twitch,Lulu,Shaco,Nasus,Yone,Ashe,Seraphine
BR1_3248554522,1780569169525,2026-06-04 07:32:49,1630,1,0.5488029465930019,,1,0,DrMundo,Nocturne,Vladimir,Kaisa,XinZhao,Quinn,Talon,Akali,Lux,Xerath
BR1_3249588598,1780791397300,2026-06-06 21:16:37,1737,1,0.5501618122977346,0.5256122617211908,1,3,Poppy,Viego,Katarina,Jinx,Sona,Illaoi,Taliyah,Riven,Yasuo,Karma
BR1_3248561578,1780575295820,2026-06-04 09:14:55,2211,0,0.5327014218009478,0.6015831134564644,1,1,Jax,Rammus,Orianna,Karthus,Zilean,KSante,RekSai,Taliyah,Ezreal,Senna
BR1_3249756005,1780841884564,2026-06-07 11:18:04,922,1,0.5576131687242798,0.6019736842105263,1,1,Aatrox,Rengar,Katarina,Yunara,Seraphine,Yone,Graves,AurelionSol,Ezreal,DrMundo
BR1_3248305942,1780517885855,2026-06-03 17:18:05,1793,0,0.5438024249534384,0.5263929618768328,2,1,Aatrox,Vi,Leblanc,Caitlyn,Bard,Anivia,Nunu,Viktor,Lucian,Zoe
BR1_3249048376,1780676927766,2026-06-05 13:28:47,1681,0,,0.579249886653781,0,2,Gangplank,Karthus,Ekko,Cassiopeia,Senna,Mordekaiser,Udyr,Hwei,Diana,Nautilus
BR1_3248341644,1780524559089,2026-06-03 19:09:19,1677,0,,0.504907306434024,0,1,Gragas,Evelynn,Lissandra,Tristana,Pyke,Olaf,Elise,Malzahar,Ezreal,Alistar
BR1_3248309977,1780518839194,2026-06-03 17:33:59,1524,1,0.5344295991778006,0.5544030392282409,1,2,Renekton,Graves,Kassadin,Twitch,Pyke,Vayne,Nunu,Yone,Sivir,Lulu
BR1_3249399653,1780758611067,2026-06-06 12:10:11,916,1,0.546,0.6938775510204082,1,1,Illaoi,Shaco,Akali,Yasuo,Sona,Yone,Udyr,Veigar,Jhin,Zoe
BR1_3247664149,1780341247278,2026-06-01 16:14:07,1692,1,0.5543766578249337,0.5388646288209606,1,1,Garen,Nasus,Annie,Ezreal,Thresh,TwistedFate,Nunu,Singed,Lucian,Milio
BR1_3248700401,1780600648398,2026-06-04 16:17:28,1805,1,0.5530495507474877,0.6107533177205309,2,2,DrMundo,Qiyana,TwistedFate,Lucian,Sona,Ambessa,Quinn,Ekko,Jhin,Nautilus
BR1_3249950200,1780871240070,2026-06-07 19:27:20,1784,1,0.5238095238095238,0.5769770165023691,1,2,Singed,Riven,Kassadin,Varus,Thresh,Malphite,Zac,Leblanc,Ezreal,Nautilus
BR1_3249045308,1780676007197,2026-06-05 13:13:27,1162,0,,0.5527831094049904,0,1,Riven,LeeSin,Katarina,Ezreal,Karma,Pantheon,Diana,Yone,Caitlyn,Nami
BR1_3247953725,1780422094360,2026-06-02 14:41:34,911,1,,0.543046357615894,0,1,Jax,Shaco,Cassiopeia,Jinx,Lulu,Malphite,Skarner,Hwei,Veigar,Soraka
BR1_3248652186,1780594265212,2026-06-04 14:31:05,917,0,0.5846153846153846,0.5342225023393843,2,2,Yasuo,Taliyah,Karma,Ashe,Braum,Jayce,Shen,Zed,Senna,Bard
BR1_3248136621,1780451824895,2026-06-02 22:57:04,1354,1,0.5205091937765205,0.5259259259259259,1,1,Rengar,Kayn,Ekko,Ezreal,Karma,Gangplank,JarvanIV,Diana,Xayah,Rakan
BR1_3247671859,1780343389382,2026-06-01 16:49:49,1728,0,,0.5543766578249337,0,1,Malphite,Evelynn,Naafiri,Ashe,Seraphine,Mordekaiser,Quinn,Katarina,Jhin,Nautilus
BR1_3247962473,1780424103091,2026-06-02 15:15:03,1165,0,0.5862068965517241,,1,0,Malphite,MasterYi,Yone,Ashe,Seraphine,Jayce,Shaco,Ahri,Jinx,Lux
BR1_3247878832,1780379503772,2026-06-02 02:51:43,1393,1,0.5531914893617021,,1,0,Sion,JarvanIV,XinZhao,Karthus,Senna,Anivia,Nasus,Qiyana,MissFortune,Nautilus
BR1_3248931161,1780627591276,2026-06-04 23:46:31,1786,0,,0.5107741420590582,0,1,Illaoi,Viego,Xerath,Lucian,Sona,Yorick,MonkeyKing,Galio,Seraphine,Karma
BR1_3248682414,1780598266428,2026-06-04 15:37:46,1839,0,0.5778159571396821,0.5849045774142632,4,2,Sion,Quinn,Annie,Senna,Camille,Kayle,Belveth,Zed,Ezreal,Brand
BR1_3249381044,1780753253694,2026-06-06 10:40:53,1802,0,0.6433566433566433,0.6067652265584597,1,3,Yasuo,LeeSin,Naafiri,Cassiopeia,Camille,Malphite,Zaahen,Lissandra,Zeri,Janna
BR1_3247473297,1780274197533,2026-05-31 21:36:37,1671,0,,0.5710382513661202,0,1,Sion,MasterYi,Aurora,Aphelios,Lulu,Gangplank,Nidalee,Talon,Jinx,Leona
BR1_3249126530,1780691686704,2026-06-05 17:34:46,1461,0,0.5627009646302251,0.5424769703172978,1,1,Aurora,Viego,Tristana,Yunara,Nautilus,Ornn,Kayn,Viktor,Aphelios,Lulu
BR1_3249396167,1780757591389,2026-06-06 11:53:11,79,0,,0.6394557823129252,0,2,Rumble,Kayn,Azir,Sivir,Rakan,Quinn,Khazix,Ziggs,Yunara,Rell
BR1_3249446051,1780767484081,2026-06-06 14:38:04,2121,0,,0.5576131687242798,0,1,Lux,Khazix,Viktor,KogMaw,Swain,Garen,Graves,Leblanc,Draven,Pyke
BR1_3249578447,1780789512678,2026-06-06 20:45:12,1333,1,,0.5507936507936508,0,1,Vladimir,Olaf,Lux,Ezreal,Sona,Gangplank,RekSai,Zoe,Jhin,Ashe
BR1_3248539714,1780553679174,2026-06-04 03:14:39,1910,0,,0.504907306434024,0,1,Aatrox,LeeSin,Lux,Naafiri,Sona,Zaahen,Hecarim,Ahri,Sivir,Elise
BR1_3249742371,1780838130435,2026-06-07 10:15:30,1956,1,0.504907306434024,0.5420790581636612,1,2,Akali,Elise,Yasuo,Varus,Alistar,Galio,LeeSin,Hwei,Fiora,Senna
BR1_3248387894,1780531002779,2026-06-03 20:56:42,1417,0,0.550451540137033,0.6377029925189968,4,4,Zaahen,FiddleSticks,Anivia,Xayah,Rakan,Gangplank,Draven,Galio,Caitlyn,Lissandra
BR1_3249821676,1780854785475,2026-06-07 14:53:05,1120,0,0.5357142857142857,0.5191589400441761,1,3,KSante,Shaco,Kassadin,Draven,Blitzcrank,Vayne,Viego,TwistedFate,Zeri,Braum
BR1_3249132327,1780692707780,2026-06-05 17:51:47,1395,0,0.5208305658873539,0.5714285714285714,2,2,Malzahar,MonkeyKing,Lux,Kaisa,Pyke,Yasuo,Rengar,Riven,Ziggs,Rakan
BR1_3248760997,1780608222196,2026-06-04 18:23:42,2005,0,,0.5424769703172978,0,1,Pyke,Khazix,Aurora,Veigar,Senna,Irelia,Kayn,Lissandra,Yunara,Sona
BR1_3249389899,1780756323943,2026-06-06 11:32:03,1789,0,0.5198647506339814,,1,0,Shen,MasterYi,Viego,Brand,Janna,Gragas,Elise,Orianna,Twitch,Braum
BR1_3249486531,1780774383367,2026-06-06 16:33:03,1571,0,0.5391886306689513,0.5520159418046742,2,2,Olaf,Ambessa,Cassiopeia,AurelionSol,Nautilus,Aatrox,RekSai,Ahri,Twitch,Senna
BR1_3248489587,1780543093415,2026-06-04 00:18:13,1523,1,,0.5321637426900585,0,1,Aatrox,Skarner,Diana,Twitch,Lulu,Shen,Naafiri,Gwen,Jhin,Nautilus
BR1_3249802228,1780851450758,2026-06-07 13:57:30,917,1,0.546,,1,0,Kennen,Nocturne,Mel,Draven,Sona,Zaahen,LeeSin,Taliyah,Jhin,Taric
BR1_3247897195,1780401360113,2026-06-02 08:56:00,1731,1,0.5437956204379562,,1,0,Gangplank,Nocturne,Orianna,Hwei,Senna,Jayce,Jax,Mel,Draven,Camille
BR1_3248984093,1780642513680,2026-06-05 03:55:13,762,0,,0.5488029465930019,0,1,Teemo,Kayn,Syndra,Zeri,Shaco,Warwick,Jax,Diana,Zoe,Sona
BR1_3247508109,1780278129338,2026-05-31 22:42:09,928,0,0.5631338793359524,0.5459660791552586,2,3,Gangplank,Ekko,Viktor,Ashe,Pyke,Varus,Sylas,RekSai,Jhin,Bard
BR1_3247475653,1780274520665,2026-05-31 21:42:00,1422,0,,0.5424769703172978,0,1,Singed,Ivern,Qiyana,Nilah,Lulu,Quinn,Kayn,Zed,Veigar,Karma
BR1_3247575811,1780300475687,2026-06-01 04:54:35,2012,1,,0.5563598759048604,0,1,Olaf,Belveth,Xerath,Varus,Senna,Aatrox,Nasus,Chogath,Mel,Velkoz
BR1_3248207396,1780482620740,2026-06-03 07:30:20,1781,0,0.5320284697508897,0.5691699604743083,1,1,Warwick,Nocturne,Tristana,Veigar,Karma,Kayle,Maokai,Riven,Twitch,Braum
BR1_3247876311,1780377278726,2026-06-02 02:14:38,2562,1,,0.5363636363636364,0,1,Seraphine,Quinn,Vladimir,Ezreal,Morgana,Yone,Gragas,Annie,Ashe,TwistedFate
BR1_3248361145,1780527260958,2026-06-03 19:54:20,1772,0,0.5321637426900585,0.5629770992366412,1,1,Gangplank,Qiyana,Viktor,Yasuo,Thresh,Pantheon,Diana,Zac,Yunara,Lulu
BR1_3248685231,1780598592954,2026-06-04 15:43:12,1458,1,0.5449678800856531,0.5724372862773761,1,2,Aatrox,Nidalee,Twitch,Ashe,Seraphine,Garen,Nasus,Katarina,KogMaw,Camille
BR1_3249195489,1780702417978,2026-06-05 20:33:37,1672,0,0.5238095238095238,0.5589930025085347,1,2,Ambessa,Evelynn,Kassadin,Ezreal,Xerath,Renekton,Shaco,Ahri,Ashe,Nautilus
BR1_3249363952,1780746825417,2026-06-06 08:53:45,1770,1,0.542787471690432,0.5573187777135146,3,2,Vladimir,Khazix,Zaahen,Yunara,Senna,Ambessa,Naafiri,Lissandra,Mel,Nautilus
BR1_3248593472,1780584328242,2026-06-04 11:45:28,2184,1,,0.5259259259259259,0,1,Mordekaiser,Khazix,Tryndamere,Ashe,Nami,Renekton,XinZhao,Hwei,Jhin,Seraphine
BR1_3248512521,1780546450721,2026-06-04 01:14:10,1547,0,0.5532503457814661,0.5847851335656213,1,2,Chogath,Gwen,Nasus,Seraphine,Sona,Fizz,Quinn,Zoe,Sivir,Lulu
BR1_3248730056,1780604097333,2026-06-04 17:14:57,1653,0,0.5434462444771723,0.543545859193781,1,2,Akali,Vi,Zed,Jhin,Neeko,Zaahen,LeeSin,TwistedFate,Ashe,Seraphine
BR1_3248045449,1780440459348,2026-06-02 19:47:39,1641,1,0.554639175257732,,1,0,Shen,Ekko,Malzahar,Zeri,Lulu,Riven,MasterYi,Vladimir,Seraphine,Bard
BR1_3248280537,1780511932595,2026-06-03 15:38:52,1986,1,,0.5271013354281225,0,1,Ambessa,Ekko,Zed,Vayne,Poppy,TahmKench,XinZhao,Malphite,Draven,Rell
BR1_3248614785,1780588422270,2026-06-04 12:53:42,1871,0,,0.541343669250646,0,1,XinZhao,Quinn,Taliyah,Brand,Sona,Yorick,Nunu,Yasuo,Tristana,Annie
BR1_3249749669,1780840600599,2026-06-07 10:56:40,1569,0,0.5560407569141194,0.52435146343599,1,2,Ornn,Briar,Yasuo,Ashe,Seraphine,Gnar,Elise,Talon,Varus,Hwei
BR1_3249805306,1780852046604,2026-06-07 14:07:26,1557,1,0.558974358974359,0.5666666666666667,1,1,Aatrox,Nasus,Pantheon,Senna,TahmKench,KSante,Talon,Xerath,Zeri,Lulu
BR1_3249357577,1780737471908,2026-06-06 06:17:51,1545,0,0.5198647506339814,,1,0,Skarner,Viego,Akali,MissFortune,Seraphine,Olaf,Evelynn,Zed,Ezreal,Zyra
BR1_3248481475,1780541981123,2026-06-03 23:59:41,1346,0,0.6360544217687074,0.6156237329368834,2,2,Darius,Naafiri,Malzahar,Brand,Morgana,Renekton,Udyr,AurelionSol,Nilah,Bard
BR1_3248618328,1780588834052,2026-06-04 13:00:34,1635,1,,0.5627009646302251,0,1,Cassiopeia,Khazix,Riven,Varus,Karma,Vayne,MasterYi,Renekton,Lucian,Milio
BR1_3248203046,1780472046254,2026-06-03 04:34:06,1572,0,,0.5320284697508897,0,1,Singed,MasterYi,Ekko,Karthus,Nami,Yasuo,Evelynn,Sylas,Ashe,Soraka
BR1_3248207812,1780484885754,2026-06-03 08:08:05,1845,1,,0.5672514619883041,0,1,Irelia,Quinn,Diana,Vayne,Janna,Zaahen,XinZhao,Kassadin,Ashe,Seraphine
BR1_3247583091,1780310700565,2026-06-01 07:45:00,1419,0,,0.5438945942219265,0,3,Lucian,Qiyana,Cassiopeia,Kaisa,Leona,Aurora,Viego,Anivia,AurelionSol,Morgana
BR1_3249357484,1780736811401,2026-06-06 06:06:51,1703,0,,0.573304364254676,0,2,Gragas,LeeSin,Zed,Tristana,Nautilus,Vladimir,Hecarim,Lux,Jinx,Seraphine
BR1_3248950628,1780630949744,2026-06-05 00:42:29,1940,0,,0.5424769703172978,0,1,Yasuo,Shaco,Akshan,Twitch,Soraka,Singed,Kayn,Kassadin,Senna,Karma
BR1_3249030606,1780672405273,2026-06-05 12:13:25,1679,1,0.5777359250979521,0.550127199476798,3,4,Zed,Hecarim,Naafiri,Ziggs,Blitzcrank,Anivia,Quinn,Annie,Ashe,Seraphine
BR1_3249816750,1780854109811,2026-06-07 14:41:49,1517,1,0.5622710622710623,0.558974358974359,1,1,Jax,Zac,Leblanc,Senna,Soraka,Malphite,Nunu,Vex,Ashe,Karma
BR1_3249402507,1780759082866,2026-06-06 12:18:02,1792,0,,0.5501618122977346,0,1,Anivia,Udyr,Corki,Seraphine,Nautilus,Shaco,Viego,AurelionSol,Ashe,Janna
BR1_3248735838,1780605132660,2026-06-04 17:32:12,1205,0,,0.5361328125,0,1,Ornn,Quinn,Olaf,Cassiopeia,Rell,Poppy,Brand,Ryze,Jinx,Lulu
BR1_3248895260,1780623176301,2026-06-04 22:32:56,71,0,0.5624683704453441,0.6272154575812566,2,3,Riven,Diana,Naafiri,Kaisa,Rakan,Jayce,LeeSin,Akali,Cassiopeia,Bard
BR1_3247577672,1780302622213,2026-06-01 05:30:22,1884,0,,0.545816733067729,0,1,Tryndamere,Udyr,Akshan,Caitlyn,Leona,Kled,MasterYi,Veigar,Karthus,Rakan
BR1_3247717278,1780352013960,2026-06-01 19:13:33,2325,0,,0.5327014218009478,0,1,Kayle,Hecarim,Ryze,Brand,Senna,Malphite,Karthus,Xerath,Jinx,Lulu
BR1_3248203851,1780478168437,2026-06-03 06:16:08,1924,1,,0.5562913907284768,0,1,Camille,Viego,Galio,Caitlyn,Sona,Aatrox,LeeSin,Irelia,Vayne,Seraphine
BR1_3248902409,1780623985137,2026-06-04 22:46:25,2113,1,0.5803402646502835,0.5238095238095238,1,1,Ryze,Quinn,Lux,Vayne,Janna,Olaf,RekSai,Riven,Caitlyn,Thresh
BR1_3247526522,1780280765982,2026-05-31 23:26:05,1877,0,0.5422535211267606,,1,0,Ornn,Qiyana,Aurora,Ezreal,Janna,Kayle,Quinn,Yasuo,Smolder,Nautilus
BR1_3249153928,1780696407409,2026-06-05 18:53:27,993,1,0.5988120248563261,0.543387708920824,3,5,Ornn,Rengar,Vladimir,Varus,Janna,Fiora,Brand,Veigar,MissFortune,Naafiri
BR1_3249276255,1780712353344,2026-06-05 23:19:13,1619,1,0.5989347442680776,0.6028373761365274,3,3,Anivia,Aatrox,Akali,Ezreal,Poppy,Yasuo,Graves,Cassiopeia,Samira,Camille
BR1_3249186681,1780701234081,2026-06-05 20:13:54,1430,0,,0.5198647506339814,0,1,Kled,Ambessa,Zoe,Zeri,Yuumi,Aatrox,Kayn,Lissandra,Seraphine,Thresh
BR1_3248204060,1780478241738,2026-06-03 06:17:21,1384,0,0.5281173594132029,0.5410901847156827,1,2,Jayce,Quinn,Viktor,Lux,Nautilus,TahmKench,Shyvana,Yasuo,Cassiopeia,Senna
BR1_3249846333,1780858097918,2026-06-07 15:48:17,1770,0,,0.5270655270655271,0,1,Renekton,Nocturne,Akali,Kaisa,Neeko,TwistedFate,Pantheon,Orianna,Ashe,Seraphine
BR1_3247514955,1780279308317,2026-05-31 23:01:48,1508,0,0.5455199125557972,0.5786522999507739,3,2,Renekton,Kayn,Lux,Yunara,Soraka,Jax,MasterYi,Karthus,Caitlyn,Karma
BR1_3247608853,1780326238508,2026-06-01 12:03:58,1381,0,0.5563598759048604,0.5449678800856531,1,1,Akali,Nunu,Lux,Samira,Pyke,Renekton,Talon,Fizz,Seraphine,Rell
BR1_3248126359,1780450329992,2026-06-02 22:32:09,1569,0,,0.5419795603739805,0,2,Lucian,Amumu,Vladimir,Yunara,Bard,Ryze,Vi,Cassiopeia,Ashe,Seraphine
BR1_3249355640,1780734444289,2026-06-06 05:27:24,1369,0,0.5281173594132029,0.5328227571115973,1,1,Teemo,Qiyana,Renekton,Vladimir,Taric,Rumble,Talon,Kassadin,Yasuo,Nami
BR1_3249271924,1780712145328,2026-06-05 23:15:45,1763,0,,0.5450819672131147,0,1,Varus,Ekko,Xerath,Senna,Janna,Annie,Tryndamere,Viktor,Caitlyn,Soraka
BR1_3249368633,1780749353577,2026-06-06 09:35:53,1119,1,0.5640817614541015,0.5927621003873627,3,3,Zaahen,LeeSin,Ahri,Ezreal,Neeko,Yasuo,MasterYi,Hwei,Jinx,Senna
BR1_3249391900,1780756895221,2026-06-06 11:41:35,1464,0,0.5437956204379562,0.5631868131868132,1,1,Illaoi,XinZhao,Singed,Seraphine,Pyke,Poppy,RekSai,Yone,Vayne,Hwei
BR1_3249969962,1780873979982,2026-06-07 20:12:59,1570,0,0.5486322188449848,0.5524417916539129,1,3,Ambessa,LeeSin,Cassiopeia,Caitlyn,Morgana,Aatrox,Ekko,Orianna,Jinx,Bard
BR1_3249775355,1780846510527,2026-06-07 12:35:10,934,0,0.6437346437346437,0.5251446807497202,1,2,Illaoi,JarvanIV,Yasuo,Caitlyn,Soraka,Zaahen,Graves,Kassadin,Karthus,Amumu
BR1_3249477892,1780773187776,2026-06-06 16:13:07,964,1,0.543450064850843,0.5631868131868132,1,1,Ambessa,Udyr,Yone,AurelionSol,Senna,Poppy,Talon,Akali,Jhin,Karma
BR1_3248298291,1780515647152,2026-06-03 16:40:47,2006,1,,0.5446009389671361,0,1,Rumble,Taliyah,Naafiri,Lucian,Nami,Aatrox,LeeSin,Lux,Kaisa,Thresh
BR1_3248521640,1780548429801,2026-06-04 01:47:09,2198,1,0.5505226480836237,0.6396385000281104,1,2,Fiora,Ekko,Zoe,Smolder,Nami,Jax,Gwen,Lissandra,Jhin,Lux
BR1_3248968603,1780635504038,2026-06-05 01:58:24,1494,0,,0.5672514619883041,0,1,XinZhao,Rengar,Ahri,Caitlyn,Amumu,Mordekaiser,MonkeyKing,Vladimir,Naafiri,Yuumi
BR1_3248026580,1780437621194,2026-06-02 19:00:21,2175,1,,0.5795454545454546,0,1,Shen,XinZhao,Vladimir,Ezreal,Sona,Sett,Briar,Viktor,Kaisa,Nautilus
BR1_3249358972,1780742167861,2026-06-06 07:36:07,911,0,,0.522154648132059,0,1,Nasus,Sylas,Talon,Kaisa,Bard,Akali,LeeSin,Singed,Yunara,Yuumi
BR1_3249762048,1780843355024,2026-06-07 11:42:35,1622,1,0.5386136696816308,,2,0,Sett,Viego,Katarina,Aphelios,Thresh,Irelia,Nasus,Aurora,Senna,Nami
BR1_3248028675,1780438233206,2026-06-02 19:10:33,1736,1,0.6190476190476191,,1,0,Pantheon,Quinn,Akshan,Lux,Senna,Malphite,Diana,Xerath,Varus,Lulu
BR1_3248120656,1780449829859,2026-06-02 22:23:49,1837,0,0.5422535211267606,,1,0,Ambessa,Taliyah,Lux,Caitlyn,Karma,Aurora,Vi,Yasuo,Jinx,Pyke
BR1_3249081499,1780683597462,2026-06-05 15:19:57,1391,1,0.5600922154994075,0.5691699604743083,3,1,Gangplank,Rengar,Sylas,Yasuo,Sona,KSante,Qiyana,Lissandra,Ezreal,Bard
BR1_3249368871,1780749746242,2026-06-06 09:42:26,927,0,0.5527831094049904,,1,0,Riven,Udyr,Diana,Yasuo,Blitzcrank,Irelia,Rengar,Yone,Lux,Hwei
BR1_3248975051,1780637310294,2026-06-05 02:28:30,1755,1,0.5665630960049512,0.5406657582246448,2,2,Illaoi,Kindred,Ryze,Smolder,Sona,Vayne,XinZhao,KSante,Cassiopeia,Leona
BR1_3248750047,1780606548244,2026-06-04 17:55:48,1895,0,,0.5369804776229357,0,2,Gragas,Naafiri,Zed,Jhin,Pyke,Zaahen,Vi,Akali,Senna,Karma
BR1_3248972630,1780637042137,2026-06-05 02:24:02,1893,1,0.515625,0.5631868131868132,1,1,Shen,Graves,Ahri,KogMaw,Senna,Aatrox,Viego,Zoe,Brand,Nami
BR1_3247680815,1780345544590,2026-06-01 17:25:44,1636,0,0.5374429258007272,0.5680851063829787,2,1,Gwen,Sejuani,Ahri,Ezreal,Janna,Qiyana,Ivern,Sylas,Yunara,Alistar
BR1_3248980424,1780640507014,2026-06-05 03:21:47,1744,0,0.5853994490358126,0.504907306434024,1,1,Warwick,Ekko,Akali,Yasuo,Sona,Zed,Elise,Quinn,Mel,Shaco
BR1_3247891200,1780393337509,2026-06-02 06:42:17,1596,0,,0.5281173594132029,0,1,Nasus,Rengar,Zed,Varus,Lulu,Riven,Sylas,Ahri,Kaisa,Swain
BR1_3248922457,1780626477084,2026-06-04 23:27:57,887,0,,0.5710382513661202,0,1,Gragas,Nunu,Twitch,Kaisa,TahmKench,Cassiopeia,LeeSin,Ahri,Jhin,Xerath
BR1_3249180958,1780700609417,2026-06-05 20:03:29,1695,0,0.5710382513661202,,1,0,Jayce,Zac,Vladimir,Yunara,Nami,Ornn,Nunu,Talon,Vayne,Lulu
BR1_3249529667,1780780942513,2026-06-06 18:22:22,1331,0,,0.5619917094354521,0,2,Sion,Kayn,Viktor,Jinx,Bard,Akali,Nidalee,Tristana,Aphelios,Thresh
BR1_3249519131,1780779145857,2026-06-06 17:52:25,1632,0,,0.5270655270655271,0,1,XinZhao,Nocturne,Akshan,Velkoz,Nami,Renekton,Nidalee,Draven,Brand,Rell
BR1_3249710158,1780811263338,2026-06-07 02:47:43,1594,1,,0.5339635854341737,0,2,Malphite,Rengar,Orianna,Tristana,Lulu,Riven,RekSai,Xerath,Katarina,Milio
BR1_3248859243,1780619129247,2026-06-04 21:25:29,962,0,,0.5192582025677603,0,1,Shen,Talon,Garen,Ezreal,Janna,XinZhao,Skarner,Diana,Jhin,Bard
BR1_3249045475,1780676169373,2026-06-05 13:16:09,1836,1,,0.5797101449275363,0,1,Malphite,XinZhao,Leblanc,Lucian,Rakan,Akali,Pantheon,Naafiri,KogMaw,Senna
BR1_3249024359,1780670960344,2026-06-05 11:49:20,2314,1,0.5735735735735735,0.5562913907284768,1,1,Gangplank,Nasus,Zed,Lucian,Sona,Sion,Diana,Ambessa,Ezreal,Bard
BR1_3248262556,1780506994071,2026-06-03 14:16:34,1827,0,0.5631868131868132,,1,0,Akali,Taliyah,Seraphine,Caitlyn,Camille,Jax,Rengar,Vladimir,Smolder,Bard
BR1_3248538738,1780553375281,2026-06-04 03:09:35,1515,1,0.5670342293210152,0.5335655104893742,3,2,Yasuo,Sylas,Vayne,Kaisa,Braum,Malphite,Gragas,Rumble,Ezreal,Nautilus
BR1_3249957565,1780872333496,2026-06-07 19:45:33,1541,0,0.5619012863789801,0.5748565121412803,2,2,Malphite,Rengar,Malzahar,Tristana,Janna,Sion,Jax,Veigar,Lucian,Milio
BR1_3247918167,1780411077838,2026-06-02 11:37:57,1502,1,0.5363128491620112,0.5514950166112956,1,1,Yasuo,Hecarim,Anivia,Zyra,Nautilus,Darius,Sylas,Fizz,Varus,Blitzcrank
BR1_3247694586,1780348265976,2026-06-01 18:11:05,1845,0,0.6102564102564103,0.5421940928270043,1,1,Vayne,Kayn,Annie,Lucian,Braum,Akali,Talon,Zed,Yunara,Leona
BR1_3248259270,1780505565300,2026-06-03 13:52:45,2120,1,0.5280748663101604,0.5644028103044496,1,1,Katarina,Aatrox,Leblanc,Seraphine,Braum,Gragas,Rengar,Taliyah,Mel,Nami
BR1_3249365028,1780745686085,2026-06-06 08:34:46,910,1,0.5485074626865671,,1,0,Mel,Hecarim,RekSai,Lucian,Milio,Gangplank,LeeSin,AurelionSol,Draven,DrMundo
BR1_3247891415,1780395095687,2026-06-02 07:11:35,2057,0,0.5328227571115973,,1,0,Gnar,Naafiri,Mel,Ezreal,Soraka,Camille,LeeSin,Diana,Sivir,Nami
BR1_3248078166,1780444544592,2026-06-02 20:55:44,1329,0,0.5654678194156533,0.6166558704453442,2,2,Sion,Kayn,Katarina,Zeri,Seraphine,Jayce,LeeSin,TwistedFate,Lucian,Sona
BR1_3248289215,1780513643545,2026-06-03 16:07:23,2060,1,0.5736731758453399,0.5566758142796487,2,3,Yasuo,Rengar,Kassadin,Vayne,Ashe,Poppy,MonkeyKing,Kayle,Hwei,Bard
BR1_3249055698,1780678668439,2026-06-05 13:57:48,1692,0,,0.5431841831425598,0,1,Quinn,XinZhao,Zed,Twitch,Karma,Ornn,Jax,Zoe,Aphelios,Sona
BR1_3248250862,1780503975331,2026-06-03 13:26:15,1679,0,0.5205091937765205,,1,0,Rumble,Quinn,Skarner,Lucian,Leona,Vayne,Ekko,Lux,Xayah,Rell
BR1_3248853033,1780618408919,2026-06-04 21:13:28,1941,0,0.5508284144545151,0.5808393305626938,2,3,Yone,Viego,TwistedFate,Ezreal,Nautilus,Jax,Ekko,LeeSin,Brand,Senna
BR1_3247677584,1780344455793,2026-06-01 17:07:35,1647,0,0.5243328100470958,,1,0,Ryze,MasterYi,Zed,Ashe,Shaco,Aatrox,Taliyah,Anivia,Jinx,Sona
BR1_3248190475,1780463268290,2026-06-03 02:07:48,1498,0,,0.6201701323251418,0,2,Sion,MasterYi,Sylas,Seraphine,Alistar,Nasus,JarvanIV,Cassiopeia,Vladimir,Nami
BR1_3247956521,1780422845969,2026-06-02 14:54:05,1966,0,,0.5321637426900585,0,1,Irelia,Kayn,Sylas,Xayah,Thresh,Rumble,Talon,Yasuo,Kaisa,Nautilus
BR1_3248550287,1780561335165,2026-06-04 05:22:15,1772,0,0.5509356911376281,0.538312411049885,2,2,Quinn,Khazix,Zed,Veigar,Nautilus,Olaf,Hecarim,Annie,Vladimir,Ashe
BR1_3248335372,1780523091308,2026-06-03 18:44:51,1104,1,,0.5531914893617021,0,1,Yone,Nunu,Katarina,Varus,Nautilus,Yorick,Rengar,Aurora,Karthus,Senna
BR1_3249537168,1780781869663,2026-06-06 18:37:49,1478,0,,0.5511363636363636,0,1,Garen,Nunu,Riven,Ezreal,Bard,Shen,Quinn,Ryze,Aphelios,Rakan
BR1_3247568185,1780291569485,2026-06-01 02:26:09,925,1,0.5818384835035141,0.5512429955778818,3,3,Swain,Talon,Ahri,Samira,Rell,Kayle,Kindred,Quinn,Mel,Sona
BR1_3247480714,1780275170071,2026-05-31 21:52:50,1348,0,0.5531914893617021,,1,0,Soraka,XinZhao,Karthus,Lucian,Rell,Vladimir,Viego,Fizz,Varus,Thresh
BR1_3248957492,1780632321041,2026-06-05 01:05:21,1987,0,0.6121414782129068,0.5449678800856531,2,1,Vladimir,Taliyah,Xerath,Smolder,Lulu,Jax,Briar,Twitch,Draven,Sona
BR1_3248395900,1780531955034,2026-06-03 21:12:35,1535,0,0.5688524590163935,,2,0,Camille,DrMundo,Talon,Caitlyn,Senna,Jayce,Nunu,Diana,Yunara,Lulu
BR1_3248657032,1780594823130,2026-06-04 14:40:23,1811,0,0.5414012738853503,0.5795454545454546,1,1,DrMundo,Jayce,Lissandra,Varus,Nami,Ivern,Ambessa,Ryze,Ezreal,Velkoz
BR1_3248973521,1780637084162,2026-06-05 02:24:44,2021,0,0.504907306434024,0.5666666666666667,1,1,Heimerdinger,JarvanIV,Quinn,Zyra,Milio,Kled,Talon,Xerath,MissFortune,Nami
BR1_3248588198,1780583179961,2026-06-04 11:26:19,1694,0,0.5560407569141194,0.5692511489591782,1,3,Heimerdinger,JarvanIV,Hwei,Lucian,Thresh,Yasuo,Kindred,AurelionSol,Brand,Camille
BR1_3248570249,1780578295301,2026-06-04 10:04:55,1590,0,0.572289156626506,0.5547616649459874,1,2,Malphite,Naafiri,Zed,Jhin,Seraphine,Mordekaiser,Taliyah,Kassadin,Sivir,Senna
BR1_3247551294,1780285335174,2026-06-01 00:42:15,931,1,0.5885679791976226,0.5503809088419661,2,2,Zaahen,Rammus,Zac,Ashe,Seraphine,Darius,Aatrox,Zed,Cassiopeia,Senna
BR1_3249510764,1780778188899,2026-06-06 17:36:28,1446,1,0.577430261310095,0.5782848189747712,3,4,Gnar,Belveth,Ahri,Caitlyn,Thresh,Vayne,Rengar,Naafiri,Veigar,Zyra
BR1_3249873373,1780861738314,2026-06-07 16:48:58,1378,0,,0.5514950166112956,0,1,Irelia,Nocturne,Vladimir,Kaisa,TwistedFate,Ambessa,LeeSin,Katarina,Nilah,Yuumi
BR1_3248264027,1780507383011,2026-06-03 14:23:03,1581,0,,0.5779731222385862,0,2,Yasuo,Kindred,Karma,Ashe,Alistar,Zaahen,MonkeyKing,Taliyah,Samira,Zoe
BR1_3247724947,1780353443410,2026-06-01 19:37:23,1443,1,0.5478686513017499,,2,0,Yone,MasterYi,Annie,Smolder,Rakan,Warwick,Khazix,Lissandra,Jinx,Leona
BR1_3249096252,1780686313628,2026-06-05 16:05:13,1797,1,0.515625,,1,0,Yorick,Rengar,Xerath,Sivir,Janna,Aatrox,Hecarim,Malzahar,Ezreal,Alistar
BR1_3247564023,1780289343446,2026-06-01 01:49:03,1996,0,0.545816733067729,0.5281173594132029,1,1,Renekton,Shaco,Ekko,Yasuo,Rakan,KSante,MasterYi,Qiyana,Vladimir,Senna
BR1_3248195969,1780467153668,2026-06-03 03:12:33,1633,0,0.5658747300215983,0.5442227411023846,1,2,Anivia,Kindred,Syndra,Jhin,Sona,Jayce,Rammus,Riven,Kaisa,Senna
BR1_3247914198,1780409682087,2026-06-02 11:14:42,1771,1,0.5522128389479998,0.5966373943353099,3,3,Ornn,Warwick,Annie,Hwei,Leona,DrMundo,Hecarim,Leblanc,Varus,Camille
BR1_3248264340,1780507698621,2026-06-03 14:28:18,1608,1,0.5529707243957045,0.5657067059305274,2,2,DrMundo,Kayn,KSante,Senna,Nami,Zed,Shaco,Gnar,Tristana,Rakan
BR1_3249483344,1780773769597,2026-06-06 16:22:49,1564,0,0.5981308411214953,0.5524966301353806,1,2,Sion,Zed,Orianna,Caitlyn,Nami,Swain,XinZhao,Qiyana,Veigar,Sona
BR1_3248217392,1780491758421,2026-06-03 10:02:38,1413,1,,0.5263929618768328,0,1,Udyr,Rammus,Kassadin,Ezreal,Soraka,Vayne,Diana,Viktor,Ashe,Maokai
BR1_3247714893,1780352036644,2026-06-01 19:13:56,913,0,,0.5562913907284768,0,1,Zaahen,Khazix,Katarina,Vayne,Xerath,Gragas,Jayce,Fizz,Sivir,Bard
BR1_3247592691,1780319605015,2026-06-01 10:13:25,1125,1,0.5399769545169589,0.558667676003028,3,1,KSante,Naafiri,Taliyah,Ashe,Alistar,Gragas,LeeSin,Yasuo,Sivir,Rell
BR1_3247632663,1780333640155,2026-06-01 14:07:20,1421,1,,0.5243328100470958,0,1,Aatrox,Belveth,Irelia,Jinx,Milio,Olaf,Shaco,Kassadin,Yunara,Lulu
BR1_3248204952,1780484790735,2026-06-03 08:06:30,1494,1,,0.554639175257732,0,1,Varus,Trundle,Diana,Vayne,Milio,Irelia,Sejuani,Malzahar,Sivir,Zyra
BR1_3248928417,1780627331268,2026-06-04 23:42:11,1773,0,0.5193905817174516,0.5672592579726256,1,2,Riven,Fizz,Zed,Jhin,Anivia,Kayle,Khazix,Xerath,Caitlyn,Bard
BR1_3247619176,1780328796586,2026-06-01 12:46:36,1747,1,0.5415658477334208,,3,0,Ornn,Graves,Aurora,Velkoz,Bard,Vladimir,Quinn,Talon,Nilah,Leona
BR1_3248640855,1780592900027,2026-06-04 14:08:20,1108,1,0.572289156626506,,1,0,Jayce,Kayn,Sylas,Jhin,Janna,KSante,Shen,Diana,Veigar,Senna
BR1_3247611718,1780326845990,2026-06-01 12:14:05,1620,0,0.5403973509933775,,1,0,Gangplank,Diana,Zed,Jhin,Leona,Trundle,Talon,Yasuo,Syndra,Xerath
BR1_3249910935,1780866626618,2026-06-07 18:10:26,1485,0,0.504907306434024,0.5360021051939081,1,2,Camille,Elise,Mel,Jinx,Soraka,Malphite,Graves,Viktor,Ezreal,Skarner
BR1_3247900681,1780404730961,2026-06-02 09:52:10,1827,1,0.5363128491620112,0.5446009389671361,1,1,Sion,Rengar,Cassiopeia,Corki,Nautilus,Olaf,LeeSin,Ryze,Kaisa,Braum
BR1_3248769232,1780608937580,2026-06-04 18:35:37,1158,1,,0.5631868131868132,0,1,Gwen,Sejuani,Ryze,Caitlyn,Yuumi,Poppy,JarvanIV,Sylas,Vayne,Milio
BR1_3247976614,1780427563878,2026-06-02 16:12:43,1375,0,0.5521002118908139,0.570230607966457,2,1,Malphite,Rengar,Viktor,Corki,Rell,Yorick,XinZhao,Qiyana,Seraphine,Sona
BR1_3248575958,1780580518525,2026-06-04 10:41:58,1847,0,,0.5527831094049904,0,1,Jax,Vi,Gragas,Smolder,Velkoz,XinZhao,Sejuani,Yone,Vayne,Seraphine
BR1_3249280136,1780712802675,2026-06-05 23:26:42,1502,0,0.5562913907284768,0.5473848298832322,1,2,Malzahar,Zaahen,Vladimir,Ezreal,Soraka,Ryze,Rengar,Yasuo,Velkoz,Seraphine
BR1_3249356928,1780738949013,2026-06-06 06:42:29,1286,0,0.5981012658227848,,1,0,Camille,Fizz,Quinn,Vladimir,Karma,Ryze,LeeSin,Katarina,Kaisa,Nautilus
BR1_3247884460,1780383862063,2026-06-02 04:04:22,1357,1,0.6244343891402715,,1,0,Gangplank,MasterYi,Ahri,Ezreal,Bard,Malphite,Khazix,Qiyana,Kaisa,Poppy
BR1_3249054922,1780678411394,2026-06-05 13:53:31,934,0,,0.5797101449275363,0,1,Akali,Rengar,Kayle,Smolder,Milio,Riven,MonkeyKing,Viktor,Kaisa,Nautilus
BR1_3247844271,1780368424994,2026-06-01 23:47:04,1927,1,,0.5450819672131147,0,1,Zaahen,Hecarim,Akali,Yasuo,Maokai,Anivia,MasterYi,Galio,Ezreal,Pyke
BR1_3249132931,1780693170076,2026-06-05 17:59:30,1274,1,0.5618556701030928,0.5507936507936508,1,1,Jayce,Udyr,Ekko,Sivir,Janna,Riven,Diana,Qiyana,Brand,Thresh
BR1_3249467893,1780771562315,2026-06-06 15:46:02,1743,0,,0.5426944971537002,0,1,Gwen,Graves,Nasus,Lucian,Thresh,DrMundo,Lillia,Zed,Brand,Nami
BR1_3249046331,1780676048142,2026-06-05 13:14:08,2098,0,,0.511686143572621,0,1,Singed,LeeSin,Ahri,Draven,Pyke,Vayne,Vi,Lux,Ezreal,Braum
BR1_3247625559,1780331190744,2026-06-01 13:26:30,2110,1,0.5325342465753424,,1,0,Talon,LeeSin,Zed,Caitlyn,Lux,Ryze,Ambessa,Kassadin,KogMaw,Lulu
BR1_3248678080,1780597592802,2026-06-04 15:26:32,2038,0,,0.572829131652661,0,1,Shen,Quinn,Leblanc,Aphelios,Maokai,Mordekaiser,Evelynn,Talon,Varus,Zilean
BR1_3247890272,1780392969270,2026-06-02 06:36:09,1609,0,0.5328227571115973,0.558667676003028,1,1,Rumble,Quinn,Mel,Kaisa,Taric,Darius,Pantheon,Ahri,Jhin,Leona
BR1_3249411013,1780760697313,2026-06-06 12:44:57,1702,1,0.5437956204379562,0.5198647506339814,1,1,Akali,Talon,Aurora,Hwei,Nami,Cassiopeia,Viego,Yasuo,Lucian,Malzahar
BR1_3248454743,1780538788703,2026-06-03 23:06:28,1659,1,0.5808272456296204,0.5715493606035742,4,2,Rumble,Graves,Zed,Jhin,Sylas,Yone,Naafiri,Diana,Senna,Rell
BR1_3247500314,1780277274584,2026-05-31 22:27:54,1109,0,,0.5646673516568199,0,2,Viego,XinZhao,Diana,Jhin,Pyke,Darius,Naafiri,Yasuo,Heimerdinger,Nami
BR1_3249303703,1780716379600,2026-06-06 00:26:19,1861,0,0.5424678364927396,0.5812954557322001,3,3,Jax,LeeSin,Ahri,Karthus,Nautilus,Udyr,XinZhao,Yone,KogMaw,TwistedFate
BR1_3247846743,1780369133799,2026-06-01 23:58:53,1894,1,,0.5531914893617021,0,1,Renekton,Jax,Vladimir,Caitlyn,Janna,Mordekaiser,Talon,Fizz,Karthus,Nami
BR1_3247588616,1780317234407,2026-06-01 09:33:54,1985,1,0.522154648132059,0.5403973509933775,1,1,Aatrox,Elise,Zed,Yunara,Nami,Ornn,Ekko,Aurora,Vayne,Zoe
BR1_3247947064,1780419727550,2026-06-02 14:02:07,1629,0,,0.554639175257732,0,1,Malphite,LeeSin,AurelionSol,Kaisa,Senna,Gangplank,Sylas,Fizz,Ezreal,Karma
BR1_3247709832,1780351040070,2026-06-01 18:57:20,1445,0,0.5618556701030928,0.5598610375749812,1,3,Yone,JarvanIV,Fizz,KogMaw,Sona,Renekton,Khazix,Brand,Smolder,Camille
BR1_3249105997,1780688369154,2026-06-05 16:39:29,1456,1,0.5534682080924855,0.5354963690715273,1,2,Lissandra,Viego,Diana,Ezreal,Braum,Olaf,Kayn,TwistedFate,Sivir,Thresh
BR1_3247962826,1780424444613,2026-06-02 15:20:44,2325,1,,0.5450819672131147,0,1,Yorick,Diana,Heimerdinger,Kaisa,Skarner,Irelia,Aatrox,Viktor,Xayah,Nami
BR1_3248694626,1780599902358,2026-06-04 16:05:02,1394,0,0.5372167342536971,0.5544030392282409,2,2,Malphite,Graves,Kassadin,Yunara,Zilean,Sett,LeeSin,Ahri,Yasuo,Janna
BR1_3247700620,1780349440267,2026-06-01 18:30:40,1436,1,,0.5198647506339814,0,1,Yorick,Khazix,Ahri,Ezreal,Braum,Fiora,Viego,Brand,Yunara,Leona
BR1_3248222780,1780494435789,2026-06-03 10:47:15,1861,1,,0.5363128491620112,0,1,DrMundo,Pantheon,Quinn,Viktor,Leona,Nasus,Aatrox,Ekko,Ezreal,Nautilus
BR1_3249088194,1780684860951,2026-06-05 15:41:00,1810,0,,0.5107741420590582,0,1,Shen,Vayne,Zilean,Varus,Braum,Olaf,Viego,Ahri,Senna,Rell
BR1_3249189584,1780701520562,2026-06-05 20:18:40,1928,0,0.5507936507936508,0.5417664127675009,1,2,Garen,Shaco,Talon,Lux,Thresh,Darius,DrMundo,Singed,Zeri,Lulu
BR1_3247721955,1780353020494,2026-06-01 19:30:20,911,0,,0.5205091937765205,0,1,TahmKench,MonkeyKing,Akali,Jinx,Thresh,Illaoi,Talon,Syndra,Ashe,Seraphine
BR1_3249813469,1780853435642,2026-06-07 14:30:35,1531,0,,0.5680851063829787,0,1,Nasus,Diana,Annie,Ezreal,Yuumi,Irelia,Khazix,Cassiopeia,Jinx,Zac
BR1_3247681061,1780344889141,2026-06-01 17:14:49,1564,0,0.5238095238095238,0.5393637341443513,1,2,Darius,Evelynn,Riven,Jinx,Thresh,Rumble,Skarner,Yone,Lucian,Sona
BR1_3249783554,1780848314400,2026-06-07 13:05:14,1806,1,0.5622224911439195,0.5528875700726847,2,3,Fiora,Nocturne,Ahri,Kaisa,Lulu,Gwen,Vi,Hwei,Yunara,Maokai
BR1_3248744146,1780605869529,2026-06-04 17:44:29,2077,0,,0.5449678800856531,0,1,Vayne,Talon,Mel,Senna,Braum,Twitch,Maokai,Yasuo,Kaisa,Darius
BR1_3248155085,1780453993130,2026-06-02 23:33:13,1850,1,0.5393567920520024,,2,0,Jayce,Kayn,Cassiopeia,Aphelios,Soraka,Quinn,Aatrox,Zoe,Ezreal,Galio
BR1_3248291101,1780513684626,2026-06-03 16:08:04,2056,1,,0.5259259259259259,0,1,Zaahen,Nocturne,Zoe,Caitlyn,Nautilus,Olaf,Lillia,Riven,Yasuo,Morgana
BR1_3248265124,1780507478437,2026-06-03 14:24:38,1441,0,0.5484353717636192,0.5463182462892797,2,2,Sion,Nunu,Zoe,Ezreal,Sona,Irelia,Hecarim,Quinn,Sivir,Neeko
BR1_3247503920,1780277828288,2026-05-31 22:37:08,1626,1,0.5710382513661202,,1,0,Jax,Khazix,Xerath,Kaisa,Rell,Gragas,MasterYi,Corki,Sivir,TwistedFate
BR1_3248909575,1780624979503,2026-06-04 23:02:59,752,1,0.5189504373177842,,1,0,XinZhao,Briar,Azir,Jhin,Neeko,Vayne,Ekko,Yone,Samira,Renata
BR1_3247595252,1780320063548,2026-06-01 10:21:03,1781,0,,0.5304054054054054,0,1,Sett,Qiyana,Lux,Samira,Pyke,Gwen,Talon,Xerath,Sivir,Bard
BR1_3248207497,1780483199768,2026-06-03 07:39:59,1636,1,,0.572289156626506,0,1,Vayne,Pantheon,Annie,Veigar,Pyke,Zeri,LeeSin,Ahri,Ziggs,Karma
BR1_3249327747,1780720744032,2026-06-06 01:39:04,1484,0,0.6358695652173914,0.5710382513661202,1,1,Garen,JarvanIV,Tristana,Mel,Hwei,Tryndamere,Taliyah,Talon,Ashe,Milio
BR1_3247689969,1780347470005,2026-06-01 17:57:50,1691,1,0.5710382513661202,,1,0,Yasuo,Hecarim,Talon,Xayah,Thresh,Malphite,Rengar,Annie,Ezreal,Rakan
BR1_3248445986,1780537897034,2026-06-03 22:51:37,1561,0,,0.5270655270655271,0,1,Yone,Ivern,Quinn,Lux,Sona,Ornn,Nocturne,Ahri,Yunara,Karma
BR1_3249738784,1780837224676,2026-06-07 10:00:24,1933,0,,0.5562913907284768,0,1,Garen,Hecarim,Syndra,Senna,Soraka,Teemo,MasterYi,Aurora,Vayne,Karma
BR1_3248979898,1780641148840,2026-06-05 03:32:28,1640,1,,0.5631868131868132,0,1,Garen,Karthus,Irelia,Tristana,Senna,Ryze,JarvanIV,Mel,Smolder,Pyke
BR1_3248050967,1780441373078,2026-06-02 20:02:53,1173,1,0.5205091937765205,,1,0,Rumble,Shaco,Taliyah,Lucian,Milio,Jayce,LeeSin,Kassadin,Ashe,Sona
BR1_3247491058,1780275980049,2026-05-31 22:06:20,1123,1,0.515625,0.5532319391634981,1,1,Singed,Hecarim,Yasuo,Ashe,Zilean,Darius,Lillia,Lissandra,Kalista,Pyke
BR1_3247642676,1780335964234,2026-06-01 14:46:04,1544,1,0.5532319391634981,,1,0,Ambessa,Hecarim,Ahri,Aphelios,Velkoz,Chogath,Talon,Zed,Lucian,Nami
BR1_3248985503,1780644631681,2026-06-05 04:30:31,97,0,0.5631868131868132,,1,0,Gwen,Viego,Sion,Jhin,Bard,Yone,JarvanIV,XinZhao,Ashe,Seraphine
BR1_3247829887,1780366423997,2026-06-01 23:13:43,1672,0,0.5531914893617021,,1,0,Karthus,MasterYi,Ahri,Sivir,Lulu,Teemo,Naafiri,Anivia,Jhin,Thresh
BR1_3249722831,1780821937024,2026-06-07 05:45:37,1314,1,0.5193905817174516,0.5631868131868132,1,1,Yone,Lillia,Yasuo,Ashe,Seraphine,Akali,Talon,Mel,Tristana,Yuumi
BR1_3249425238,1780763771721,2026-06-06 13:36:11,1716,0,,0.5631868131868132,0,1,Kayle,Rengar,Ahri,Tristana,Pantheon,Illaoi,Vi,Kassadin,Ziggs,Mel
BR1_3248921042,1780626222965,2026-06-04 23:23:42,1679,1,0.6093117408906883,0.541343669250646,1,1,Yasuo,Kayn,Fizz,Nilah,Rakan,Akali,MonkeyKing,Ezreal,Karthus,Karma
BR1_3248905560,1780624496312,2026-06-04 22:54:56,2494,0,,0.5417984473835538,0,2,Vayne,Camille,Brand,Mel,Karma,Riven,Quinn,Leblanc,Swain,Zilean
BR1_3248438171,1780536748784,2026-06-03 22:32:28,1598,0,,0.5531914893617021,0,1,Teemo,Ekko,Mel,Vayne,Bard,Garen,Tryndamere,Karthus,Jhin,Lulu
BR1_3248019569,1780436188300,2026-06-02 18:36:28,1568,0,0.527998296825472,0.582007749566636,2,2,Draven,Kayn,Kassadin,Jinx,Lulu,Nasus,Quinn,Veigar,Caitlyn,Karma
BR1_3248669689,1780596826608,2026-06-04 15:13:46,1634,1,0.5634757202458273,0.5534705025883855,3,4,Gangplank,Talon,Anivia,Lux,Thresh,Aatrox,Fizz,Ekko,Nilah,Rell
BR1_3248231996,1780497782403,2026-06-03 11:43:02,1639,0,0.5270655270655271,0.5403973509933775,1,1,Garen,Skarner,Vladimir,Brand,Zilean,Ornn,MasterYi,Galio,Varus,Senna
BR1_3247954385,1780421926482,2026-06-02 14:38:46,1421,0,0.5522788203753352,0.5430861723446894,1,1,Ambessa,Viego,Diana,Lux,Velkoz,Olaf,Shaco,Akshan,AurelionSol,Skarner
BR1_3248003598,1780433102808,2026-06-02 17:45:02,1478,1,,0.6689655172413793,0,1,Jayce,Khazix,Aurora,Kaisa,Karma,Ambessa,Naafiri,Vladimir,Caitlyn,Nami
BR1_3249406573,1780759994451,2026-06-06 12:33:14,1797,1,,0.6199387755102042,0,2,Darius,Kayn,Nasus,Varus,Seraphine,Garen,Khazix,Ekko,Ezreal,Sona
BR1_3247659633,1780340359498,2026-06-01 15:59:19,1436,1,0.5446009389671361,0.5980392156862745,1,1,Anivia,Karthus,Irelia,Draven,Nautilus,Poppy,Rengar,TwistedFate,Jinx,Senna
BR1_3248081370,1780445085750,2026-06-02 21:04:45,70,1,,0.5478424015009381,0,1,Fiora,RekSai,Skarner,Jinx,Senna,DrMundo,XinZhao,Chogath,Caitlyn,Morgana
BR1_3249111807,1780689443739,2026-06-05 16:57:23,1708,0,0.5786225739589221,0.5263929618768328,2,1,Veigar,Talon,Garen,Velkoz,Swain,Kassadin,Naafiri,Orianna,Smolder,Rell
BR1_3247570965,1780294445271,2026-06-01 03:14:05,204,0,0.5710382513661202,,1,0,Yasuo,Kayn,Akshan,Sivir,Bard,Jax,LeeSin,Fizz,Varus,Senna
BR1_3247931274,1780415328323,2026-06-02 12:48:48,1929,1,0.547174573562651,0.5467776242685591,4,3,Rumble,Khazix,Qiyana,Seraphine,Zoe,Diana,LeeSin,Akshan,Lux,Soraka
BR1_3249129628,1780692258132,2026-06-05 17:44:18,1945,1,0.5444992220377646,0.5539021894454036,3,2,Gnar,Taliyah,Zed,Kaisa,Rakan,Yasuo,Talon,Diana,Ezreal,Karma
BR1_3247823702,1780365429596,2026-06-01 22:57:09,930,1,,0.5107741420590582,0,1,Ambessa,Ekko,Vi,TahmKench,Senna,Zaahen,Nunu,Kassadin,Nilah,Braum
BR1_3249405406,1780759709818,2026-06-06 12:28:29,944,0,0.5438914027149321,0.5467916097803152,1,2,Yasuo,Nasus,Anivia,Draven,Nautilus,Riven,Karthus,Yone,Yunara,Braum
BR1_3249528406,1780780765374,2026-06-06 18:19:25,2188,0,,0.5824634655532359,0,1,Ambessa,Nunu,Singed,Kaisa,Pantheon,Yasuo,Hecarim,Qiyana,Ahri,Sona
BR1_3247780569,1780360266588,2026-06-01 21:31:06,1417,0,0.5421940928270043,0.5569875268616276,1,2,Ambessa,Shaco,TwistedFate,Ashe,Alistar,Nasus,Naafiri,Sylas,Tristana,Pyke
BR1_3248479741,1780541609389,2026-06-03 23:53:29,1775,0,0.5543859649122806,0.5449678800856531,1,1,Nasus,Naafiri,Leblanc,Ezreal,Nautilus,Twitch,Khazix,Kassadin,Ashe,Braum
BR1_3248901496,1780623957545,2026-06-04 22:45:57,1325,1,,0.5853994490358126,0,1,Darius,MasterYi,Vladimir,Sivir,Pyke,Malphite,MonkeyKing,Yasuo,Cassiopeia,Alistar
BR1_3249196908,1780702769152,2026-06-05 20:39:29,1727,0,,0.5260361317747078,0,1,Pantheon,Ekko,TwistedFate,Ashe,Seraphine,Gangplank,Viego,Lux,Lucian,Braum
BR1_3248160212,1780455184999,2026-06-02 23:53:04,1319,1,0.5798657718120805,,1,0,KSante,Viego,Cassiopeia,Yunara,Pantheon,Ambessa,XinZhao,Katarina,Vladimir,Nautilus
BR1_3247508602,1780278382611,2026-05-31 22:46:22,1762,1,,0.543450064850843,0,1,Gragas,Kindred,Lissandra,Kalista,Swain,Malphite,JarvanIV,Xerath,Lucian,Nami
BR1_3247696706,1780348739604,2026-06-01 18:18:59,1263,0,0.5685358255451713,0.5449678800856531,1,1,Fiora,Talon,Katarina,Nilah,Soraka,Riven,Rammus,Vladimir,Anivia,Rakan
BR1_3247757666,1780357462862,2026-06-01 20:44:22,960,1,,0.5661375661375662,0,1,Urgot,LeeSin,Ekko,Sivir,Bard,Warwick,Belveth,Viktor,Lucian,Milio
BR1_3247835011,1780366695428,2026-06-01 23:18:15,1476,1,,0.554639175257732,0,1,Ambessa,Lillia,Kassadin,Varus,Nautilus,Karma,Evelynn,Talon,Sivir,Velkoz
BR1_3248584907,1780582894795,2026-06-04 11:21:34,918,0,,0.5527831094049904,0,1,Smolder,XinZhao,Akali,Ezreal,Bard,Yone,LeeSin,Katarina,Jhin,Zyra
BR1_3248370134,1780528446438,2026-06-03 20:14:06,1650,0,,0.554639175257732,0,1,LeeSin,Hecarim,Orianna,Caitlyn,Bard,TahmKench,Kayn,Kayle,Sivir,Zilean
BR1_3247970995,1780426183797,2026-06-02 15:49:43,1684,1,,0.5631783414892819,0,2,Kennen,LeeSin,Lux,Jhin,Camille,Zed,Skarner,Yone,Caitlyn,Yuumi
BR1_3249307154,1780716655696,2026-06-06 00:30:55,1688,1,,0.5564344354793207,0,2,Vayne,Talon,Yasuo,Mel,Blitzcrank,Lux,Aatrox,TwistedFate,Xayah,Lulu
BR1_3247747486,1780356235958,2026-06-01 20:23:55,1587,0,0.5168661588683352,0.5504488680718189,1,3,Anivia,Briar,Jayce,Kaisa,Rell,Shen,Nocturne,Viktor,Corki,Sona
BR1_3248550562,1780562913846,2026-06-04 05:48:33,1927,0,0.6244343891402715,0.5328227571115973,1,1,Gangplank,Quinn,Yorick,AurelionSol,Rakan,Rumble,MasterYi,Lissandra,Smolder,Alistar
BR1_3247584262,1780312961758,2026-06-01 08:22:41,1994,0,0.504907306434024,0.5198647506339814,1,1,Aatrox,Elise,Smolder,Ezreal,Karma,Gangplank,Viego,Vladimir,Kassadin,Seraphine
BR1_3247647318,1780337090659,2026-06-01 15:04:50,1379,1,0.5492724559276188,0.5766423357664233,2,1,Akali,MonkeyKing,Ryze,Tristana,Seraphine,Heimerdinger,Udyr,Jayce,Lucian,Sona
BR1_3249250981,1780709500538,2026-06-05 22:31:40,1712,0,0.5710382513661202,,1,0,Kennen,LeeSin,Xerath,Singed,Senna,Kayle,Nocturne,Syndra,Vayne,Pyke
BR1_3249034794,1780673584082,2026-06-05 12:33:04,2140,1,0.5426298585730973,0.6083343746095213,2,2,Rumble,Zed,TwistedFate,Zeri,Lulu,Malphite,Lillia,Yone,Brand,Rell
BR1_3249431847,1780765382612,2026-06-06 14:03:02,1322,0,,0.5198647506339814,0,1,Ornn,Graves,TwistedFate,Ezreal,Rakan,Yone,Viego,Cassiopeia,AurelionSol,Senna
BR1_3249685851,1780805364430,2026-06-07 01:09:24,1352,0,0.5238095238095238,0.5344295991778006,1,1,Aatrox,Rammus,Riven,Smolder,Seraphine,Renekton,Nocturne,Orianna,Lucian,Rell
BR1_3249112157,1780689123752,2026-06-05 16:52:03,1417,1,0.5543766578249337,0.5563537891418774,1,2,Aatrox,Diana,Yasuo,Tristana,DrMundo,Zaahen,Kayn,Yone,Lucian,Milio
BR1_3249767247,1780844751640,2026-06-07 12:05:51,1978,0,0.5437956204379562,0.5348360655737705,1,1,Gwen,Jayce,Nasus,Hwei,Blitzcrank,Poppy,Kayn,Ryze,Jinx,Sona
BR1_3248668143,1780596369992,2026-06-04 15:06:09,1371,1,0.5691699604743083,0.5394045534150613,1,1,Riven,Rammus,Ekko,Viktor,Karma,Yasuo,MonkeyKing,Irelia,Mel,Rakan
BR1_3247747029,1780355954791,2026-06-01 20:19:14,2812,1,0.5260361317747078,,1,0,Lux,Khazix,Irelia,Ezreal,Nami,Akali,Zed,Heimerdinger,Jhin,Soraka
BR1_3248742469,1780605768928,2026-06-04 17:42:48,1871,0,0.546,,1,0,Qiyana,LeeSin,Sylas,Caitlyn,Senna,Riven,Rengar,Pyke,KogMaw,Milio
BR1_3249821878,1780854905408,2026-06-07 14:55:05,1515,0,,0.5313541337093017,0,2,Illaoi,MonkeyKing,Viktor,Tristana,Nami,Sion,Udyr,Talon,Yunara,Bard
BR1_3248323278,1780520805942,2026-06-03 18:06:45,531,0,0.5367513636766793,0.5611313762955243,2,2,Poppy,Trundle,Leblanc,Caitlyn,Karma,XinZhao,JarvanIV,Kayle,Lucian,Nami
BR1_3248830738,1780616160620,2026-06-04 20:36:00,2055,1,0.5713945755609108,0.5562226702426645,4,4,Quinn,Naafiri,Fizz,Kaisa,Poppy,Olaf,Qiyana,Cassiopeia,Xayah,Camille
BR1_3249371809,1780750667440,2026-06-06 09:57:47,1731,1,0.5281173594132029,0.522154648132059,1,1,TahmKench,XinZhao,Sylas,Sivir,Yuumi,Sejuani,Graves,Katarina,Yunara,Nautilus
BR1_3248608244,1780587195035,2026-06-04 12:33:15,1783,0,0.5562913907284768,0.6065802339477782,1,2,Akali,Khazix,Tryndamere,Kaisa,Alistar,Sion,Kayn,Yone,Ezreal,Zoe
BR1_3249924645,1780868293506,2026-06-07 18:38:13,1642,0,0.5385658113878558,0.5742174811866433,2,4,Aatrox,Kindred,Viktor,KogMaw,Zilean,Poppy,Khazix,Ryze,Ezreal,Camille
BR1_3249799315,1780851151750,2026-06-07 13:52:31,2176,1,0.5238095238095238,0.5766423357664233,1,1,Darius,Khazix,TwistedFate,Senna,Bard,Cassiopeia,Pantheon,Yasuo,Jinx,Soraka
BR1_3249300011,1780715473833,2026-06-06 00:11:13,1971,0,0.5344295991778006,0.5192582025677603,1,1,Camille,LeeSin,Galio,Ziggs,Seraphine,Gangplank,Quinn,Corki,Veigar,TwistedFate
BR1_3248095450,1780446582658,2026-06-02 21:29:42,74,0,,0.5320565699509812,0,2,Nasus,Hecarim,Diana,Jinx,Thresh,Quinn,Khazix,Lux,Caitlyn,Sona
BR1_3247599119,1780321607947,2026-06-01 10:46:47,2132,1,0.5563598759048604,0.558667676003028,1,1,Anivia,Ivern,Akali,Smolder,Fizz,Akshan,LeeSin,Heimerdinger,KogMaw,Poppy
BR1_3249817219,1780853908704,2026-06-07 14:38:28,2189,1,0.5334165478607884,0.5388081068942285,2,2,Kassadin,Kayn,Lux,Senna,Nautilus,Ornn,Talon,Aurora,Jhin,Bard
BR1_3248622085,1780589291064,2026-06-04 13:08:11,917,0,,0.6190476190476191,0,1,Ambessa,Viego,Malphite,Aphelios,Sona,Gragas,LeeSin,Zed,Vayne,Thresh
BR1_3249867346,1780861005482,2026-06-07 16:36:45,1783,1,,0.5318860244233379,0,1,Rengar,LeeSin,Mel,Nilah,Sona,Maokai,XinZhao,Ahri,Smolder,Soraka
BR1_3249570738,1780788269400,2026-06-06 20:24:29,2038,1,,0.5328227571115973,0,1,Caitlyn,LeeSin,Lux,Seraphine,Milio,Ornn,Nocturne,Viktor,Lucian,Zoe
BR1_3247715095,1780351541547,2026-06-01 19:05:41,1728,0,,0.5168661588683352,0,1,Jax,Ekko,Syndra,Seraphine,Sona,Garen,LeeSin,Ahri,Varus,Ashe
BR1_3249561833,1780786799261,2026-06-06 19:59:59,1767,1,,0.5627009646302251,0,1,Gnar,Rengar,Akali,Yunara,Lulu,Malphite,JarvanIV,Yone,Ezreal,Bard
BR1_3247609732,1780326180796,2026-06-01 12:03:00,1717,1,,0.6066666666666667,0,1,TahmKench,XinZhao,Ahri,Lucian,Braum,Rumble,Karthus,Sylas,Ziggs,Alistar
BR1_3247883193,1780381006170,2026-06-02 03:16:46,1551,1,0.545425407925408,0.5432607874500944,2,3,Cassiopeia,Ambessa,Ezreal,Lux,Seraphine,Kassadin,Hecarim,Orianna,Caitlyn,Bard
BR1_3247992420,1780431100997,2026-06-02 17:11:40,1512,0,,0.6144200626959248,0,1,Gragas,Skarner,Sylas,Jhin,Katarina,Yone,Brand,Akali,Aphelios,Bard
BR1_3249246508,1780708785668,2026-06-05 22:19:45,1569,1,0.5328227571115973,,1,0,Rumble,Kayn,Vex,Lucian,Nami,Sylas,Khazix,Leblanc,Caitlyn,Bard
BR1_3248886018,1780621969455,2026-06-04 22:12:49,963,1,0.5684679338257215,,2,0,Gnar,LeeSin,Pantheon,MissFortune,Shaco,Urgot,Qiyana,Zoe,Karthus,Rell
BR1_3249632816,1780797439499,2026-06-06 22:57:19,1726,0,0.5563598759048604,0.54296875,1,1,Renekton,Ekko,Ornn,Caitlyn,Karma,KSante,Sylas,Irelia,Ezreal,Seraphine
BR1_3248914099,1780625261152,2026-06-04 23:07:41,1516,0,0.560793959765202,0.6164623467600701,4,1,Jayce,Udyr,Yasuo,Yunara,Rakan,Jax,Olaf,Pantheon,Caitlyn,TwistedFate
BR1_3249524193,1780780034655,2026-06-06 18:07:14,2153,0,0.5663322185061316,0.5718984312336369,1,3,Hwei,Khazix,Zed,Ezreal,Ashe,Veigar,LeeSin,Ahri,MissFortune,Sona
BR1_3249599574,1780792929643,2026-06-06 21:42:09,2373,1,0.5507936507936508,0.5619469026548672,1,1,Jayce,Kayn,Riven,Veigar,Blitzcrank,Ornn,Rengar,Kayle,Caitlyn,Morgana
BR1_3247542269,1780283366998,2026-06-01 00:09:26,1381,0,0.5531914893617021,,1,0,Gangplank,Ekko,Talon,Smolder,Zilean,Anivia,Tryndamere,Orianna,Ziggs,Senna
BR1_3249491256,1780774956295,2026-06-06 16:42:36,1612,0,0.5712630359212051,0.5782663799062908,1,2,Akali,LeeSin,Aurora,Lucian,Rakan,Renekton,Talon,TwistedFate,Sivir,Lulu
BR1_3249198639,1780702788219,2026-06-05 20:39:48,1472,0,0.5620000051491144,0.623084565827153,5,3,Riven,MasterYi,Syndra,Karthus,Xerath,Jayce,Khazix,Aurora,Caitlyn,Alistar
BR1_3248233535,1780498309138,2026-06-03 11:51:49,2005,1,0.5263929618768328,,1,0,Aatrox,Zed,Viktor,Yunara,Pyke,Jayce,Shaco,TwistedFate,Caitlyn,Leblanc
BR1_3248424547,1780535432435,2026-06-03 22:10:32,1493,0,0.5629770992366412,0.5540339702760084,1,2,Zac,Lillia,Jayce,Ashe,Sona,Zoe,Talon,TwistedFate,Varus,Nautilus
BR1_3249180271,1780700211302,2026-06-05 19:56:51,2045,0,,0.5304054054054054,0,1,Nasus,Taliyah,Riven,Brand,Zilean,Gangplank,MasterYi,TwistedFate,Ashe,Milio
BR1_3248725862,1780603890651,2026-06-04 17:11:30,1578,0,,0.5394045534150613,0,1,Chogath,Evelynn,Diana,KogMaw,Alistar,Gragas,Graves,Irelia,Brand,Nami
BR1_3247449552,1780271740546,2026-05-31 20:55:40,1943,1,0.5524861453604223,0.5363386481078414,3,2,Jayce,Sylas,Malzahar,Sivir,Nami,Gragas,Riven,Ekko,Ezreal,Nautilus
BR1_3248092157,1780446335782,2026-06-02 21:25:35,2476,0,0.5648091250178111,0.56935091727968,4,4,Gnar,LeeSin,Viktor,Lucian,Bard,Vayne,Kayn,Galio,Ezreal,Nami
BR1_3248814021,1780614047967,2026-06-04 20:00:47,1743,1,0.5866365548728373,0.5405928295762545,3,5,Jax,Khazix,TwistedFate,Jhin,Soraka,Varus,Shaco,Yone,Ezreal,Neeko
BR1_3248279312,1780510962891,2026-06-03 15:22:42,1762,0,0.5486322188449848,0.5853994490358126,1,1,Ryze,LeeSin,TahmKench,Draven,Leona,Zed,Nunu,Akali,Vayne,Sona
BR1_3248664183,1780595891654,2026-06-04 14:58:11,1724,1,0.5712630359212051,0.558667676003028,1,1,Urgot,LeeSin,Lissandra,Senna,Rakan,Yasuo,Diana,Riven,Lucian,Poppy
BR1_3248866500,1780619975037,2026-06-04 21:39:35,1533,1,0.6420824295010846,0.5650580321125579,1,3,Volibear,Taliyah,Anivia,MissFortune,Senna,Kayle,Khazix,Riven,Kaisa,Seraphine
BR1_3248987016,1780645307387,2026-06-05 04:41:47,1542,0,,0.5631868131868132,0,1,Naafiri,Graves,Diana,Kaisa,Bard,Darius,MonkeyKing,Xerath,Cassiopeia,Pyke
BR1_3248825938,1780615716661,2026-06-04 20:28:36,2255,0,0.5291049140594906,0.6434172749768361,2,3,Aurora,Talon,Ekko,Caitlyn,Zoe,Gangplank,Aatrox,Leblanc,Jhin,Shaco
BR1_3248381463,1780530225218,2026-06-03 20:43:45,2068,0,0.5373699148533586,,1,0,Renekton,Briar,Cassiopeia,Ezreal,Renata,Gnar,Jax,Zoe,Tristana,Rell
BR1_3247893259,1780397708945,2026-06-02 07:55:08,1682,0,,0.5735735735735735,0,1,Singed,Ekko,Qiyana,Vayne,Lulu,Garen,Hecarim,Zed,Ziggs,Rell
BR1_3248391666,1780531366012,2026-06-03 21:02:46,2127,1,,0.5798657718120805,0,1,Olaf,Zed,Yasuo,Aphelios,Soraka,Malphite,Naafiri,Katarina,Smolder,Taliyah
BR1_3249921696,1780867965895,2026-06-07 18:32:45,2183,0,,0.5107741420590582,0,1,Varus,Karthus,Kled,Kaisa,Nami,Ezreal,Khazix,Viktor,Mel,Soraka
BR1_3249405277,1780759591653,2026-06-06 12:26:31,1867,0,,0.5532319391634981,0,1,Quinn,Kayn,Diana,Ezreal,DrMundo,Vayne,Hecarim,Ekko,Jinx,Lulu
BR1_3249075711,1780682848272,2026-06-05 15:07:28,923,1,,0.5884476534296029,0,1,Cassiopeia,RekSai,TwistedFate,Sivir,Janna,Malphite,LeeSin,Akali,Varus,Xerath
BR1_3248355279,1780526245699,2026-06-03 19:37:25,1696,0,0.5583298729591315,0.5586082486126783,2,3,AurelionSol,Talon,Yasuo,Smolder,Nami,Kayle,Kayn,Briar,Karthus,Sona
BR1_3248299433,1780515762966,2026-06-03 16:42:42,1595,1,0.5485769020251778,0.5576387709480851,3,4,Garen,RekSai,Kassadin,Ziggs,Karma,Ambessa,LeeSin,Irelia,Senna,Rell
BR1_3249733092,1780832571153,2026-06-07 08:42:51,1836,0,,0.5631868131868132,0,1,Shen,Tryndamere,Zoe,Lux,Seraphine,Ambessa,JarvanIV,Veigar,Yasuo,Velkoz
BR1_3249153388,1780696047793,2026-06-05 18:47:27,1407,1,0.5627009646302251,0.5601503759398496,1,1,KSante,Rengar,Swain,Xayah,Bard,Rumble,Briar,Vladimir,Ashe,Janna
BR1_3248685529,1780598744880,2026-06-04 15:45:44,1652,0,0.5408450704225352,0.5543766578249337,1,1,Gangplank,Talon,Anivia,Lux,Lulu,Irelia,Brand,Naafiri,Riven,Nautilus
BR1_3247672292,1780343258993,2026-06-01 16:47:38,1874,1,,0.5680851063829787,0,1,Aurora,Kayn,Kayle,Ashe,Zilean,Vayne,Nunu,Ryze,Jhin,Seraphine
BR1_3248957468,1780632320956,2026-06-05 01:05:20,67,1,0.6102564102564103,0.591765145078654,1,2,Pantheon,Ivern,Annie,Varus,Karma,Sion,LeeSin,Lux,Aphelios,Camille
BR1_3248844691,1780617682548,2026-06-04 21:01:22,1450,0,,0.5531914893617021,0,1,Riven,Taliyah,Lux,Zeri,Yuumi,Karthus,Vi,Ahri,Jinx,Senna
BR1_3248753642,1780607234855,2026-06-04 18:07:14,1406,1,,0.5769678791617076,0,3,Singed,Shaco,Viktor,AurelionSol,Bard,Vladimir,Rengar,Taliyah,Jinx,Nautilus
BR1_3248282388,1780512000475,2026-06-03 15:40:00,1835,1,,0.5446009389671361,0,1,Rumble,Evelynn,Ahri,Kaisa,Blitzcrank,Ambessa,MasterYi,Taliyah,Corki,Yuumi
BR1_3249942563,1780870454716,2026-06-07 19:14:14,1092,0,,0.5661375661375662,0,1,Malphite,XinZhao,Zoe,Senna,Milio,Sylas,LeeSin,Anivia,Zeri,Lulu
BR1_3248991020,1780651540522,2026-06-05 06:25:40,2014,0,0.5344295991778006,0.5193905817174516,1,1,Jayce,Ekko,Orianna,Xerath,Annie,Malphite,Graves,Ryze,Senna,Seraphine
BR1_3247903666,1780405768822,2026-06-02 10:09:28,1655,0,,0.558667676003028,0,1,Gangplank,LeeSin,Yasuo,Hwei,Mel,Olaf,Shaco,TahmKench,Caitlyn,Milio
BR1_3247984081,1780428933320,2026-06-02 16:35:33,1528,0,0.5260361317747078,0.5532319391634981,1,1,Rumble,Qiyana,Lux,Kaisa,Nautilus,Yorick,Hecarim,Fizz,Yunara,Rakan
BR1_3249432396,1780765323105,2026-06-06 14:02:03,1705,0,,0.5576131687242798,0,1,Anivia,Ivern,Lissandra,MissFortune,Nautilus,Jayce,Nocturne,Mel,KogMaw,Lulu
BR1_3249169314,1780698502492,2026-06-05 19:28:22,1768,1,0.5238095238095238,,1,0,Yasuo,Shaco,Riven,Kaisa,Soraka,Rumble,Qiyana,Ahri,Smolder,Senna
BR1_3247834927,1780367223973,2026-06-01 23:27:03,1856,0,0.6938775510204082,,1,0,Zed,Zaahen,Malzahar,Ezreal,Nautilus,Urgot,Nidalee,Leblanc,Veigar,Senna
BR1_3249202684,1780703398649,2026-06-05 20:49:58,939,1,0.5562913907284768,0.660377358490566,1,1,Yorick,Diana,Riven,Jinx,LeeSin,Malphite,Poppy,Yasuo,Varus,Soraka
BR1_3249800315,1780851205273,2026-06-07 13:53:25,1407,0,0.5328227571115973,0.5352846966847223,1,3,Gnar,Graves,Vladimir,Ziggs,Trundle,Sylas,Qiyana,Ahri,Senna,Leona
BR1_3247723883,1780353170008,2026-06-01 19:32:50,1849,0,0.6093117408906883,0.5505226480836237,1,1,Shen,Jayce,Katarina,Velkoz,Rakan,Ambessa,MasterYi,Syndra,Ashe,Janna
BR1_3247796183,1780361937348,2026-06-01 21:58:57,2634,1,0.5388646288209606,0.6096911108330205,1,2,Anivia,Shaco,Zed,Ezreal,Bard,Yasuo,Jayce,Viktor,Xayah,Seraphine
BR1_3247735152,1780354445284,2026-06-01 19:54:05,1664,1,0.5458861148488627,0.5734072022160664,2,1,Kayle,Vi,Vex,Kaisa,Thresh,Garen,Hecarim,Sylas,Ezreal,Mel
BR1_3248546909,1780559326215,2026-06-04 04:48:46,2149,1,0.5243328100470958,,1,0,Malphite,Trundle,Xerath,Yunara,Lulu,Sion,Naafiri,Fizz,Ashe,XinZhao
BR1_3247729143,1780353611623,2026-06-01 19:40:11,1991,1,0.5607398656204688,0.5692680658873539,3,2,KSante,LeeSin,Yone,Tristana,Anivia,Gnar,Evelynn,Lux,Smolder,Sona
BR1_3248987806,1780650029112,2026-06-05 06:00:29,1388,0,0.5576641925326136,0.5813925100657465,2,3,Aatrox,Nocturne,Kayle,Kaisa,Gragas,Renekton,LeeSin,Viktor,Jhin,Bard
BR1_3247610236,1780325701173,2026-06-01 11:55:01,928,0,0.5562913907284768,0.5296610169491526,1,1,Gangplank,Ekko,Tryndamere,Varus,Alistar,Yorick,Udyr,Sylas,Ashe,Seraphine
BR1_3249481311,1780773522489,2026-06-06 16:18:42,1791,1,0.5387204043628624,0.5497051025897179,2,2,Lucian,Ekko,Viktor,Varus,Karma,XinZhao,Evelynn,Viego,Jhin,Sona
BR1_3249213653,1780704786682,2026-06-05 21:13:06,1943,0,0.5618556701030928,0.5260361317747078,1,1,Warwick,Kayn,Ryze,Corki,Nautilus,Jax,Talon,Lux,Varus,Braum
BR1_3248555740,1780571102778,2026-06-04 08:05:02,2228,1,,0.5488029465930019,0,1,Gnar,Vi,Ahri,Caitlyn,Bard,Ambessa,Lillia,Azir,Sivir,Milio
BR1_3249826263,1780855234544,2026-06-07 15:00:34,2141,1,0.5663322185061316,0.5619493212132014,1,2,Teemo,Khazix,TwistedFate,Kalista,Rell,Ambessa,Taliyah,Viktor,Kaisa,Blitzcrank
BR1_3248278437,1780511026005,2026-06-03 15:23:46,1974,0,0.5935483870967742,0.5522788203753352,1,1,Teemo,Graves,Aurora,Caitlyn,Neeko,Annie,LeeSin,Anivia,Twitch,Nami
BR1_3248288883,1780514150870,2026-06-03 16:15:50,911,1,0.5573911123892842,0.585578158932766,3,3,Sion,MasterYi,Akali,Veigar,Seraphine,Gwen,Talon,Katarina,Jinx,Thresh
BR1_3248245170,1780501785316,2026-06-03 12:49:45,1720,0,0.5259259259259259,,1,0,Naafiri,Sylas,AurelionSol,Yasuo,Lulu,Poppy,Quinn,Zed,Ezreal,Yuumi
BR1_3248317602,1780520185432,2026-06-03 17:56:25,2017,0,0.5238095238095238,0.5601194242362076,1,3,Varus,JarvanIV,Riven,Jhin,Rakan,Heimerdinger,LeeSin,Qiyana,Aphelios,Thresh
BR1_3248737700,1780605275695,2026-06-04 17:34:35,2380,0,0.515625,0.5373699148533586,1,1,Rumble,Talon,Chogath,Varus,Milio,Darius,Graves,Cassiopeia,Naafiri,Yuumi
BR1_3248991589,1780655408196,2026-06-05 07:30:08,1852,1,,0.5986238532110092,0,1,Rumble,Talon,Qiyana,Syndra,Pantheon,DrMundo,Diana,Zed,Draven,Nautilus
BR1_3248564784,1780577171107,2026-06-04 09:46:11,1784,0,0.5251360037726309,0.5528552087614534,2,3,Yasuo,Quinn,Ahri,Draven,Nautilus,KSante,Talon,Zed,Caitlyn,Anivia
BR1_3249113883,1780689665307,2026-06-05 17:01:05,1645,0,,0.5351351351351351,0,1,Garen,Gwen,Mel,Lux,Janna,Sett,Twitch,Nasus,Lucian,Milio
BR1_3249925035,1780868166728,2026-06-07 18:36:06,1907,0,,0.5357142857142857,0,1,Malphite,Evelynn,Lucian,Brand,Rakan,Teemo,Shyvana,Anivia,Jinx,Soraka
BR1_3249569739,1780788043222,2026-06-06 20:20:43,1616,1,0.5618556701030928,0.5463610708647795,1,2,Warwick,Viego,Syndra,Twitch,Thresh,Zac,LeeSin,Ryze,Xayah,Nami
BR1_3249722638,1780820822464,2026-06-07 05:27:02,1697,1,,0.5441176470588235,0,1,Yasuo,LeeSin,Diana,Yunara,Lulu,Riven,Khazix,Katarina,Senna,Mel
BR1_3249838210,1780856854990,2026-06-07 15:27:34,917,1,0.5325342465753424,0.5426298585730973,1,2,Jax,Kayn,Yasuo,Mel,Brand,Riven,Taliyah,Zed,Ezreal,Soraka
BR1_3248393606,1780531716417,2026-06-03 21:08:36,1580,0,0.5478424015009381,0.5238095238095238,1,1,Akshan,Shaco,Vladimir,Varus,Janna,Riven,Zyra,Zed,Brand,Senna
BR1_3247916105,1780410531436,2026-06-02 11:28:51,1367,0,,0.5450819672131147,0,1,Anivia,Udyr,Qiyana,MissFortune,Seraphine,Tryndamere,Viego,Viktor,Jhin,Karma
BR1_3249912575,1780866807827,2026-06-07 18:13:27,956,0,0.5451198772575189,0.5441505683779564,2,4,Riven,Kayn,Annie,Yunara,Zilean,Rumble,RekSai,Qiyana,KogMaw,Soraka
BR1_3249023861,1780671086071,2026-06-05 11:51:26,1618,1,0.5296610169491526,,1,0,Teemo,Skarner,Ahri,Lucian,Nami,Malphite,MasterYi,Talon,Mel,Bard
BR1_3249619481,1780795628382,2026-06-06 22:27:08,1692,0,,0.5373699148533586,0,1,Mordekaiser,Talon,Naafiri,Ezreal,Soraka,Quinn,Qiyana,Ryze,Lucian,Rell
BR1_3247519826,1780279879373,2026-05-31 23:11:19,1437,0,,0.5806451612903226,0,1,Chogath,Hecarim,Aurora,Senna,Nautilus,Heimerdinger,FiddleSticks,Yasuo,Xayah,Pyke
BR1_3247859376,1780371350819,2026-06-02 00:35:50,2364,1,,0.5373699148533586,0,1,Sion,Talon,Sylas,Lucian,Qiyana,Jayce,MasterYi,Leblanc,Ezreal,Zilean
BR1_3248014420,1780435332989,2026-06-02 18:22:12,1775,0,,0.504907306434024,0,1,Ambessa,Kayn,Anivia,Varus,TahmKench,Poppy,JarvanIV,Vladimir,Smolder,Elise
BR1_3247658434,1780339795305,2026-06-01 15:49:55,1517,1,0.554639175257732,0.5254470426409904,1,1,Ambessa,LeeSin,Nunu,Caitlyn,Velkoz,Shen,Shaco,Xerath,Ziggs,Bard
BR1_3248088039,1780445777062,2026-06-02 21:16:17,1890,1,0.5393547339360147,,2,0,Vladimir,Graves,TwistedFate,Samira,Alistar,Ornn,Lillia,Ryze,Zeri,Nami
BR1_3247951215,1780420936991,2026-06-02 14:22:16,2316,0,,0.5446009389671361,0,1,Irelia,RekSai,Vladimir,MissFortune,Milio,Sion,MasterYi,Viktor,Morgana,Brand
BR1_3249616711,1780795307892,2026-06-06 22:21:47,1316,0,,0.546,0,1,Illaoi,Nocturne,Zed,Seraphine,Leona,Kayle,Belveth,Yone,Hwei,Bard
BR1_3248482303,1780541880605,2026-06-03 23:58:00,1858,1,,0.5531914893617021,0,1,XinZhao,Talon,Lissandra,Vayne,Pyke,Aurora,Shyvana,Veigar,Ezreal,Zyra
BR1_3249048514,1780677063469,2026-06-05 13:31:03,168,1,,0.5198647506339814,0,1,Shen,Naafiri,Ahri,Ashe,Seraphine,Akali,Viego,Qiyana,TahmKench,Elise
BR1_3249282543,1780713324738,2026-06-05 23:35:24,755,0,0.5982341972066827,0.5669061577484105,2,3,Jax,Kayn,Cassiopeia,Ashe,Nami,Gragas,MasterYi,Ahri,Caitlyn,TwistedFate
BR1_3249141639,1780694293894,2026-06-05 18:18:13,1724,1,0.5711676376490888,0.5423778788698245,3,4,Jax,LeeSin,Garen,Karthus,Rell,Darius,Nocturne,Yone,Lucian,Sona
BR1_3248130382,1780450833236,2026-06-02 22:40:33,1852,0,0.6152650414653438,0.5865146514726084,2,3,Aurora,LeeSin,Orianna,Ezreal,Pantheon,Riven,Quinn,Ryze,Samira,Leona
BR1_3248340463,1780524312413,2026-06-03 19:05:12,1361,0,,0.5409166894104803,0,2,Taric,MasterYi,Katarina,Xayah,Rakan,Jax,Nocturne,Galio,Kalista,Pantheon
BR1_3249701740,1780808973740,2026-06-07 02:09:33,1732,0,0.541343669250646,0.624,1,1,Gnar,XinZhao,Malzahar,Varus,Senna,Malphite,JarvanIV,Tryndamere,Smolder,Lux
BR1_3247950842,1780421376128,2026-06-02 14:29:36,2414,1,0.5357142857142857,0.5862068965517241,1,1,Varus,MasterYi,Kassadin,Jinx,Thresh,Nasus,LeeSin,Aurora,Smolder,Seraphine
BR1_3248900949,1780624070291,2026-06-04 22:47:50,913,0,0.5685358255451713,0.6235547450919532,1,2,Renekton,Ambessa,Ahri,AurelionSol,Nami,Vladimir,Hecarim,Yasuo,Varus,Nautilus
BR1_3248935834,1780628634097,2026-06-05 00:03:54,1683,1,0.5501618122977346,0.5531914893617021,1,1,Yasuo,Naafiri,Akali,Caitlyn,Janna,Darius,Viego,Ryze,Veigar,Heimerdinger
BR1_3247693652,1780348052731,2026-06-01 18:07:32,910,0,,0.5501618122977346,0,1,Ahri,LeeSin,Vi,Ezreal,Morgana,Diana,Viego,Zed,Kaisa,Nautilus
BR1_3248591356,1780583624392,2026-06-04 11:33:44,1565,1,0.5631868131868132,,1,0,KogMaw,Naafiri,Aatrox,Xayah,Velkoz,Sion,Nocturne,Kassadin,Ezreal,Zyra
BR1_3249603605,1780793508679,2026-06-06 21:51:48,1851,0,,0.5501618122977346,0,1,Malphite,Talon,Yasuo,Velkoz,Rakan,Jayce,Viego,Leblanc,Seraphine,Nami
BR1_3249540908,1780783021446,2026-06-06 18:57:01,1783,1,0.5270655270655271,,1,0,Sett,XinZhao,TwistedFate,Smolder,Lulu,Jax,Shaco,Diana,Ezreal,Rakan
BR1_3249924718,1780868354080,2026-06-07 18:39:14,912,1,0.543450064850843,0.5363128491620112,1,1,Aatrox,Viego,Kassadin,Vladimir,Pyke,Mordekaiser,LeeSin,Nasus,Varus,Maokai
BR1_3247635349,1780333837090,2026-06-01 14:10:37,1418,0,,0.5325342465753424,0,1,Chogath,Naafiri,Viktor,Jinx,Neeko,Quinn,Kayn,Mel,Sion,Rakan
BR1_3249901920,1780865587194,2026-06-07 17:53:07,1490,0,0.5450819672131147,0.5497729654208872,1,2,Sion,XinZhao,Orianna,Lux,Seraphine,Syndra,Nocturne,Aurora,Ashe,Janna
BR1_3247619224,1780328878076,2026-06-01 12:47:58,1421,0,,0.5243328100470958,0,1,KSante,JarvanIV,Zoe,AurelionSol,Yorick,Yone,Kayn,Leblanc,Viktor,Mel
BR1_3249315753,1780718361558,2026-06-06 00:59:21,1734,1,0.6498516320474778,0.5995281892021023,1,2,Gangplank,Graves,Vladimir,Jhin,Hwei,Jayce,LeeSin,Sylas,Zeri,Soraka
BR1_3248738114,1780605124283,2026-06-04 17:32:04,1344,0,,0.522154648132059,0,1,Aurora,LeeSin,AurelionSol,Kaisa,Leona,Galio,Nidalee,Ekko,Yunara,Thresh
BR1_3248638462,1780592148087,2026-06-04 13:55:48,2115,0,0.533627884143348,0.5795454545454546,2,1,Riven,MonkeyKing,Fizz,Kaisa,Bard,Gragas,Shyvana,Anivia,Jhin,Thresh
BR1_3249250339,1780709178512,2026-06-05 22:26:18,932,1,,0.5441176470588235,0,1,Gnar,Diana,Yasuo,Ezreal,Leona,Olaf,Sylas,Xerath,Twitch,Thresh
BR1_3247709050,1780350493902,2026-06-01 18:48:13,1606,0,,0.5375741845171262,0,2,Volibear,LeeSin,Quinn,Caitlyn,Velkoz,FiddleSticks,MasterYi,Qiyana,Mel,Brand
BR1_3248986574,1780646166449,2026-06-05 04:56:06,1993,1,,0.5588870550359639,0,2,Yorick,Kayn,Viktor,Varus,Bard,Zed,Riven,Malzahar,Ezreal,Seraphine
BR1_3247448497,1780271550540,2026-05-31 20:52:30,2276,1,0.5518477779759663,0.5828270373486913,3,3,Quinn,Lillia,Kassadin,Lucian,Sona,Malphite,Vayne,Galio,Ezreal,Annie
BR1_3249737578,1780836241970,2026-06-07 09:44:01,1762,0,0.522154648132059,,1,0,Olaf,Khazix,Kassadin,Yunara,Thresh,Vladimir,Nidalee,Riven,Kaisa,Braum
BR1_3249085187,1780684178942,2026-06-05 15:29:38,1114,0,,0.5514950166112956,0,1,Zaahen,MasterYi,Aurora,Jhin,Nautilus,Malphite,Talon,Vladimir,Ezreal,Janna
BR1_3249047663,1780676855342,2026-06-05 13:27:35,1700,1,0.6096866096866097,0.540796963946869,1,1,Vayne,Ivern,Katarina,Caitlyn,Seraphine,Zed,JarvanIV,Brand,Varus,Yuumi
BR1_3248020957,1780437074445,2026-06-02 18:51:14,1980,0,0.5348360655737705,0.5344295991778006,1,1,Renekton,Sylas,Katarina,Corki,Sona,Darius,Taliyah,Qiyana,Ashe,Seraphine
BR1_3249819687,1780854606860,2026-06-07 14:50:06,919,0,0.5482093663911846,0.5707762557077626,1,1,Heimerdinger,Diana,Katarina,Draven,Soraka,Malphite,RekSai,Aurora,Lucian,Pyke
BR1_3248034578,1780438911174,2026-06-02 19:21:51,2000,1,0.5543766578249337,0.5271013354281225,1,1,Volibear,Sejuani,Ryze,Ezreal,Thresh,Aurora,Naafiri,Cassiopeia,Tryndamere,Karma
BR1_3249753825,1780841887049,2026-06-07 11:18:07,1685,1,0.5198647506339814,,1,0,Teemo,Viego,Cassiopeia,MissFortune,Nautilus,Irelia,Lillia,Talon,Mel,Trundle
BR1_3248726867,1780604028661,2026-06-04 17:13:48,2830,1,0.5883573178199633,0.541343669250646,2,1,Ryze,Naafiri,Aurora,Jhin,Nami,Sylas,RekSai,Akshan,Singed,Nautilus
BR1_3249833153,1780856261262,2026-06-07 15:17:41,1538,1,0.5198647506339814,0.5259259259259259,1,1,Anivia,Viego,TwistedFate,MissFortune,Soraka,Gangplank,Ekko,Kassadin,Ezreal,Bard
BR1_3248013579,1780435463651,2026-06-02 18:24:23,1740,0,,0.5522788203753352,0,1,Fiora,Rengar,Sylas,Jinx,Milio,Singed,XinZhao,Zed,Jhin,Lux
BR1_3249596765,1780792667306,2026-06-06 21:37:47,1525,1,0.5442089724682481,0.6008884417645728,2,3,Irelia,Udyr,Lux,Ezreal,Karma,Jax,Nidalee,Zed,Jhin,Ambessa
BR1_3249009533,1780666402113,2026-06-05 10:33:22,1682,0,0.5649792798338504,0.6088357361293142,3,2,Yasuo,Kayn,Lux,Yunara,Lulu,Jayce,Quinn,Ekko,Veigar,Poppy
BR1_3248521776,1780548535408,2026-06-04 01:48:55,1693,0,0.5824634655532359,0.5480769230769231,1,1,Darius,MasterYi,Vladimir,Lux,Seraphine,Aatrox,Ekko,Kayle,Jinx,Milio
BR1_3247621033,1780329287953,2026-06-01 12:54:47,1741,1,0.6164623467600701,0.6013619696176009,1,2,Vayne,MonkeyKing,Hwei,Ezreal,TwistedFate,Riven,Khazix,Ryze,Aphelios,Lulu
BR1_3247478317,1780274776125,2026-05-31 21:46:16,913,0,0.5418480034816668,0.5945945945945946,2,1,Varus,Jayce,AurelionSol,Jhin,Janna,Olaf,Nidalee,Katarina,Sivir,Lulu
BR1_3249380171,1780753199755,2026-06-06 10:39:59,1786,0,0.6498516320474778,,1,0,Vayne,Evelynn,Zoe,KogMaw,Leona,Ahri,Khazix,Lux,Kaisa,TahmKench
BR1_3248654592,1780594623271,2026-06-04 14:37:03,1933,1,0.5438914027149321,0.537193554101423,1,2,Quinn,LeeSin,Anivia,Varus,Soraka,Rumble,RekSai,Lux,Ezreal,Karma
BR1_3247599052,1780321542254,2026-06-01 10:45:42,2008,1,0.5798657718120805,,1,0,Ornn,Viego,Syndra,Vayne,Braum,DrMundo,Kayn,Taliyah,Varus,Leona
BR1_3249807979,1780852949388,2026-06-07 14:22:29,915,0,,0.5622710622710623,0,1,Illaoi,Naafiri,Vladimir,Draven,Braum,Aatrox,LeeSin,Fizz,Xayah,Soraka
BR1_3247913528,1780409786775,2026-06-02 11:16:26,1622,1,,0.5562913907284768,0,1,XinZhao,Amumu,Katarina,Nilah,Sona,KSante,Briar,Irelia,Kaisa,Bard
BR1_3247927223,1780414042875,2026-06-02 12:27:22,2088,0,0.5923057895026346,0.5942212365298501,4,4,Zeri,LeeSin,Viktor,Ezreal,Pyke,Irelia,MasterYi,Orianna,Cassiopeia,Rell
BR1_3248532705,1780551311140,2026-06-04 02:35:11,1389,1,0.6142863764168104,0.5592197888687921,4,3,Riven,MasterYi,Mel,Brand,Pyke,Ryze,XinZhao,Irelia,Velkoz,Gangplank
BR1_3249106122,1780687857460,2026-06-05 16:30:57,1719,0,0.5666486567215655,0.5680684798437239,3,3,Rumble,Rammus,Yasuo,Corki,Pyke,Anivia,Shyvana,Qiyana,Lux,Senna
BR1_3248390062,1780531011114,2026-06-03 20:56:51,1621,0,0.5361328125,,1,0,Poppy,Talon,Lux,Lucian,Milio,Malphite,JarvanIV,Hwei,Caitlyn,Nami
BR1_3247574635,1780296922851,2026-06-01 03:55:22,1635,1,0.5765050542883072,0.560205389757061,3,4,Shen,Nasus,Zed,Syndra,Soraka,Chogath,Talon,Annie,Caitlyn,Maokai
BR1_3249929888,1780869063457,2026-06-07 18:51:03,1114,0,,0.5821573432482676,0,2,Olaf,LeeSin,Ekko,Yunara,Lulu,Swain,Jax,Viktor,Aphelios,Nautilus
BR1_3249116621,1780690143230,2026-06-05 17:09:03,890,0,0.5627009646302251,,1,0,Pantheon,XinZhao,Viktor,Yasuo,Senna,KSante,Lillia,Ekko,Jhin,Alistar
BR1_3247596519,1780321170481,2026-06-01 10:39:30,1615,1,0.5259259259259259,,1,0,Briar,MasterYi,Leblanc,Jayce,Karma,Kled,Ekko,Velkoz,Corki,Lulu
BR1_3248502813,1780544908935,2026-06-04 00:48:28,1400,1,0.5467048949353857,0.6015831134564644,2,1,Gangplank,Viego,Annie,Kaisa,Neeko,Irelia,Diana,Taliyah,Lucian,Rell
BR1_3249485077,1780773995190,2026-06-06 16:26:35,1241,0,,0.549086139131445,0,2,Fiora,JarvanIV,Aurora,KogMaw,Morgana,Sett,Graves,Riven,Hwei,Karma
BR1_3249221330,1780705585482,2026-06-05 21:26:25,1163,0,,0.5531914893617021,0,1,Sett,Nunu,Akali,Kaisa,Bard,Gangplank,Karthus,Yasuo,Xayah,Milio
BR1_3247596781,1780321658019,2026-06-01 10:47:38,2170,0,,0.5480769230769231,0,1,Renekton,Khazix,Diana,Ezreal,Lulu,Fiora,Naafiri,Kayle,Lux,Seraphine
BR1_3247626277,1780330966153,2026-06-01 13:22:46,1559,0,,0.554639175257732,0,1,Naafiri,Vi,Veigar,Xayah,Rakan,Illaoi,Khazix,Ahri,Caitlyn,Velkoz
BR1_3249157347,1780696657024,2026-06-05 18:57:37,1523,1,0.5862068965517241,0.6190476190476191,1,1,Teemo,Kayn,Garen,Senna,Braum,Qiyana,Talon,Malzahar,Singed,Lux
BR1_3248363320,1780527478183,2026-06-03 19:57:58,2039,0,0.5441176470588235,0.6144565920178686,1,2,Jayce,Darius,Seraphine,Samira,Lissandra,Anivia,Talon,Sylas,Jinx,Milio
BR1_3249687778,1780806059620,2026-06-07 01:20:59,1656,1,0.5259259259259259,0.5543859649122806,1,1,Rumble,Hecarim,Taliyah,Zeri,Nami,Graves,Viego,Aurora,Xayah,Rakan
BR1_3248205898,1780484554523,2026-06-03 08:02:34,1543,1,,0.5357142857142857,0,1,Karthus,Trundle,Corki,Ashe,Seraphine,TahmKench,Sejuani,Kassadin,Lucian,Milio
BR1_3248234157,1780497914898,2026-06-03 11:45:14,1891,0,0.5512203163365349,0.54252478860322,2,3,Katarina,XinZhao,Malzahar,Seraphine,TahmKench,Gwen,Rengar,Zed,Yasuo,Nautilus
BR1_3248974816,1780637896407,2026-06-05 02:38:16,1899,1,,0.5712630359212051,0,1,Zed,MonkeyKing,AurelionSol,Karthus,Morgana,Urgot,Hecarim,Lux,Veigar,JarvanIV
BR1_3247578436,1780301440462,2026-06-01 05:10:40,2517,1,0.5672514619883041,0.5505226480836237,1,1,Sion,Quinn,Brand,Ezreal,Karma,Malphite,Zed,Xerath,Syndra,Pantheon
BR1_3248625562,1780590278732,2026-06-04 13:24:38,1801,1,0.546003005164153,,3,0,XinZhao,Zed,Aurora,Vayne,Leona,Yasuo,Naafiri,Akshan,AurelionSol,Zyra
BR1_3248077863,1780444860938,2026-06-02 21:01:00,2385,0,,0.5710382513661202,0,1,Teemo,Kayn,Syndra,KogMaw,Anivia,Yorick,Karthus,Talon,AurelionSol,Soraka
BR1_3248106283,1780447905146,2026-06-02 21:51:45,2134,1,0.5955805798355237,0.5772182073381512,3,3,Irelia,Naafiri,Ekko,Jhin,Leona,Lucian,Graves,Zeri,Cassiopeia,Chogath
BR1_3249719100,1780816317131,2026-06-07 04:11:57,1753,1,0.5567582785239829,0.5424595141700406,2,2,Shen,Hecarim,Ryze,Lucian,Nami,Olaf,Evelynn,Kayle,MissFortune,Janna
BR1_3247935552,1780416919680,2026-06-02 13:15:19,1949,0,,0.5735735735735735,0,1,Kled,LeeSin,Ahri,Seraphine,Rakan,Poppy,Diana,Zed,Ziggs,Elise
BR1_3249357938,1780740041439,2026-06-06 07:00:41,2746,1,0.5658747300215983,0.5281173594132029,1,1,Gangplank,Kindred,Yasuo,Sivir,Hwei,Belveth,RekSai,Zed,Karthus,Sona
BR1_3249030077,1780671851318,2026-06-05 12:04:11,1629,0,,0.5327014218009478,0,1,Shen,Naafiri,Yasuo,Vayne,Bard,Anivia,LeeSin,Zed,Karthus,Nautilus
BR1_3248988780,1780651705639,2026-06-05 06:28:25,1494,1,0.5480769230769231,,1,0,Olaf,Gwen,Kayle,Zyra,Senna,Fiora,Quinn,Chogath,Aphelios,Bard
BR1_3249547783,1780784227127,2026-06-06 19:17:07,1326,0,0.562278317366659,0.57333577016596,2,3,Camille,LeeSin,Talon,Kaisa,Shen,Gnar,Kayn,Fizz,Ezreal,Leona
BR1_3247460613,1780272948365,2026-05-31 21:15:48,1639,1,0.5488962141644191,,2,0,Garen,Qiyana,Karthus,Ashe,Lulu,Aatrox,Shyvana,Fizz,Yunara,Janna
BR1_3249470239,1780771637817,2026-06-06 15:47:17,1557,1,0.5107741420590582,0.5430182166106974,1,2,Darius,Quinn,Pantheon,Lucian,Braum,Ornn,Talon,Viktor,Kaisa,Nautilus
BR1_3249084620,1780684451885,2026-06-05 15:34:11,2005,1,0.5639751156992536,0.5710382513661202,2,1,Nasus,Jax,Irelia,Ziggs,Neeko,Renekton,RekSai,Xerath,Brand,Lux
BR1_3248508951,1780546011575,2026-06-04 01:06:51,1439,1,0.5858522073475344,0.5986238532110092,2,1,Akali,Zaahen,Zed,Ezreal,Karma,Renekton,MasterYi,Ekko,Yunara,Pantheon
BR1_3247593664,1780319742808,2026-06-01 10:15:42,1571,0,0.5563598759048604,0.5596330275229358,1,1,Vayne,Ekko,Akshan,Ezreal,Karma,Ornn,Graves,Viktor,MissFortune,Senna
BR1_3248986085,1780643850951,2026-06-05 04:17:30,1788,1,0.5480769230769231,,1,0,Irelia,Hecarim,Kayle,Jinx,Milio,Warwick,Karthus,Katarina,Draven,Senna
BR1_3249369553,1780749466222,2026-06-06 09:37:46,1968,0,,0.5198647506339814,0,1,Shen,Viego,Kassadin,Samira,Pyke,Vladimir,MonkeyKing,Katarina,Twitch,Sona
BR1_3247952371,1780421632177,2026-06-02 14:33:52,1587,0,,0.5680851063829787,0,1,KSante,Karthus,Hwei,Vayne,Janna,Gangplank,Naafiri,Xerath,Jinx,Thresh
BR1_3249855832,1780859728753,2026-06-07 16:15:28,1660,1,0.5284677338980727,0.5650827748053863,3,3,Varus,Warwick,Ryze,Zeri,TahmKench,Anivia,Khazix,Ahri,Lucian,Nami
BR1_3249750795,1780841116212,2026-06-07 11:05:16,1546,0,0.5874128090189996,0.5587122978729887,4,5,Varus,Viego,Vladimir,Kaisa,Nautilus,KogMaw,JarvanIV,Viktor,Ezreal,Sona
BR1_3248874487,1780620829012,2026-06-04 21:53:49,1730,0,0.5710382513661202,0.5514950166112956,1,1,Rumble,Kayn,Talon,Kaisa,Nautilus,Sion,Karthus,Ziggs,Ezreal,Braum
BR1_3249810685,1780853051345,2026-06-07 14:24:11,1445,0,,0.5175879396984925,0,1,Illaoi,XinZhao,Kassadin,Lucian,Seraphine,Singed,MonkeyKing,AurelionSol,Tristana,Amumu
BR1_3248341653,1780524555525,2026-06-03 19:09:15,1160,1,,0.5531914893617021,0,1,Olaf,Vi,Sylas,Fiora,Seraphine,Tryndamere,LeeSin,Karthus,Sivir,Sona
BR1_3247668087,1780342133894,2026-06-01 16:28:53,1509,1,0.5118343195266272,,1,0,Trundle,Lillia,Sylas,Kalista,Leona,Poppy,Rammus,Vladimir,Caitlyn,Evelynn
BR1_3248207311,1780481961571,2026-06-03 07:19:21,917,1,,0.5735735735735735,0,1,Jayce,Kayn,Kayle,Caitlyn,Brand,Irelia,Pantheon,TwistedFate,Ashe,Bard
BR1_3249491640,1780775215182,2026-06-06 16:46:55,1350,0,0.6304347826086957,0.5822092308649754,1,2,Vayne,Sylas,Pantheon,Kaisa,Soraka,Naafiri,JarvanIV,Lissandra,Zeri,Zilean
BR1_3249108571,1780688699391,2026-06-05 16:44:59,1375,1,0.5580230844160874,0.5507020425933291,4,4,Akali,Hecarim,Aphelios,Yunara,TwistedFate,Olaf,Pantheon,Kassadin,Kaisa,Zilean
BR1_3248201250,1780472644144,2026-06-03 04:44:04,1484,0,0.5646359583952452,0.538097141245063,1,2,Talon,Qiyana,Vex,Jinx,Karma,Kayle,Fizz,Jayce,Varus,Nautilus
BR1_3247460381,1780272851177,2026-05-31 21:14:11,1998,0,0.5380851711776146,0.5368421052631579,2,1,DrMundo,Elise,Vladimir,Lucian,Twitch,Jax,Tryndamere,Syndra,Cassiopeia,Bard
BR1_3248268986,1780509371375,2026-06-03 14:56:11,2298,1,0.5394045534150613,0.5497435006956458,1,2,Anivia,MasterYi,Irelia,Zeri,Lulu,Ekko,Ambessa,Hwei,Ezreal,Sona
BR1_3249112442,1780689309698,2026-06-05 16:55:09,2371,1,0.5735735735735735,0.5328227571115973,1,1,Jax,Evelynn,Zed,Kaisa,Nautilus,Malphite,Vi,Akshan,Sivir,Nami
BR1_3249256092,1780709800190,2026-06-05 22:36:40,2287,0,0.6066666666666667,0.5545119826001965,1,3,Anivia,Zed,Cassiopeia,Brand,Camille,Pantheon,Udyr,Viktor,Jhin,Rakan
BR1_3249601691,1780793154576,2026-06-06 21:45:54,2153,0,0.5641971786336979,0.5440459952663161,3,4,Varus,Talon,TwistedFate,Caitlyn,Zoe,Jax,Kayn,Riven,Jinx,Soraka
BR1_3248532552,1780551105043,2026-06-04 02:31:45,2105,1,0.5663322185061316,0.5853994490358126,1,1,TahmKench,RekSai,Yasuo,Seraphine,Nami,Rumble,Talon,Viktor,Tristana,Camille
BR1_3248425958,1780535712120,2026-06-03 22:15:12,1587,1,,0.5373699148533586,0,1,Ornn,Talon,Ryze,Draven,Leona,Darius,Graves,Viktor,Yunara,Pantheon
BR1_3249291562,1780714523161,2026-06-05 23:55:23,1306,0,0.5531914893617021,,1,0,Poppy,Zaahen,Karthus,Yunara,Nami,Singed,JarvanIV,Ahri,Zeri,Twitch
BR1_3249398485,1780758184961,2026-06-06 12:03:04,1384,1,0.5850340136054422,,1,0,Yasuo,Rammus,Nasus,Yunara,Lulu,Jayce,Kindred,Cassiopeia,Twitch,Lissandra
BR1_3248826065,1780615381461,2026-06-04 20:23:01,1568,1,0.558667676003028,0.577376311089871,1,2,Riven,LeeSin,Viktor,Corki,Milio,TwistedFate,Briar,Zoe,Lucian,Nami
BR1_3249428572,1780764701499,2026-06-06 13:51:41,1519,0,0.5862068965517241,0.617288584520159,1,2,Warwick,Naafiri,Diana,Lucian,Yuumi,Ornn,Nocturne,Kassadin,Ezreal,Bard
BR1_3248229424,1780496733962,2026-06-03 11:25:33,911,0,0.545816733067729,0.5691699604743083,1,1,DrMundo,XinZhao,Yasuo,Seraphine,Kayn,Gwen,Talon,Riven,Zeri,Alistar
BR1_3247573683,1780296641319,2026-06-01 03:50:41,1934,1,,0.5198647506339814,0,1,Ornn,Talon,Ahri,Caitlyn,Rell,Elise,Shaco,Viego,Sivir,Janna
BR1_3249182685,1780700638410,2026-06-05 20:03:58,2032,0,,0.5531914893617021,0,1,Kassadin,LeeSin,Katarina,Jhin,Rell,Yorick,Caitlyn,Hwei,Karthus,Pyke
BR1_3248580685,1780581818503,2026-06-04 11:03:38,2080,0,,0.6190476190476191,0,1,Malphite,Zyra,Naafiri,Ezreal,Soraka,Riven,Quinn,Taliyah,Vayne,Karma
BR1_3248907831,1780624847186,2026-06-04 23:00:47,1537,1,0.6268065268065268,0.5575652032419532,2,2,Naafiri,Jayce,Annie,Seraphine,Bard,Varus,Gragas,Zed,Velkoz,Thresh
BR1_3249069270,1780681194331,2026-06-05 14:39:54,1609,0,,0.5188650317728107,0,2,Udyr,Ivern,KogMaw,Varus,Sion,TwistedFate,Elise,Orianna,Ashe,Rell
BR1_3249545840,1780783722562,2026-06-06 19:08:42,1468,1,0.5511363636363636,0.5629770992366412,1,1,Renekton,Nunu,Jayce,Karthus,Hwei,Zac,LeeSin,Viktor,Senna,Shen
BR1_3248890163,1780622514972,2026-06-04 22:21:54,1739,0,0.5168661588683352,0.5335503020343493,1,2,Riven,Graves,Xerath,Ezreal,Karma,Aurora,Shaco,Akali,Senna,Seraphine
BR1_3248490108,1780542847952,2026-06-04 00:14:07,2277,0,,0.5824634655532359,0,1,Mordekaiser,Gragas,Aurora,Twitch,Lulu,Ambessa,Quinn,Qiyana,Lux,Zoe
BR1_3247929099,1780414631548,2026-06-02 12:37:11,1985,1,0.5666666666666667,,1,0,Heimerdinger,Rengar,Ekko,Ashe,Seraphine,Irelia,Shaco,TwistedFate,KogMaw,Milio
BR1_3247783295,1780360428859,2026-06-01 21:33:48,2000,0,,0.5259259259259259,0,1,Chogath,Kayn,Corki,Vayne,Sona,XinZhao,Malphite,Orianna,Yasuo,Bard
BR1_3248718050,1780602592217,2026-06-04 16:49:52,70,0,0.5424769703172978,0.5514950166112956,1,1,Ambessa,Kayn,Akali,Vayne,Lulu,Renekton,Sylas,Yasuo,Zeri,Yuumi
BR1_3248202186,1780472482994,2026-06-03 04:41:22,70,0,0.5562913907284768,,1,0,Yorick,Gwen,Sylas,Jinx,Nami,Vayne,Naafiri,Ryze,Caitlyn,Lux
BR1_3248218034,1780491333507,2026-06-03 09:55:33,1668,0,0.5446009389671361,,1,0,Shen,XinZhao,Leblanc,Lucian,Braum,Olaf,Lillia,Galio,Ezreal,Nautilus
BR1_3249905411,1780865833418,2026-06-07 17:57:13,1797,1,0.5192582025677603,,1,0,Teemo,Rengar,TwistedFate,Aphelios,Bard,Xerath,Talon,Sylas,Tristana,Lulu
BR1_3247602447,1780322988343,2026-06-01 11:09:48,1752,0,0.5596330275229358,,1,0,Riven,LeeSin,Ekko,Ashe,Brand,Yorick,Rengar,Tryndamere,Syndra,Janna
BR1_3247459161,1780272609223,2026-05-31 21:10:09,1915,0,,0.5618556701030928,0,1,Elise,Quinn,Nasus,Senna,Rakan,Gragas,Lillia,Zed,Ashe,Braum
BR1_3249967103,1780873244548,2026-06-07 20:00:44,2062,0,,0.5562913907284768,0,1,Aatrox,Ivern,Azir,Aphelios,Thresh,KSante,Udyr,Ryze,Jinx,Janna
BR1_3249037284,1780674024831,2026-06-05 12:40:24,2082,0,0.504907306434024,,1,0,Lissandra,Elise,Ahri,Smolder,Soraka,Heimerdinger,Kayn,Quinn,Jhin,Leona
BR1_3247816944,1780364759652,2026-06-01 22:45:59,1483,1,0.5993380882369951,0.5694595901126782,3,5,Riven,Zyra,Brand,Caitlyn,Bard,Pantheon,LeeSin,TwistedFate,Sivir,Soraka
BR1_3248041032,1780439715102,2026-06-02 19:35:15,951,1,0.5328227571115973,0.5344295991778006,1,1,Jax,Naafiri,Quinn,Heimerdinger,Senna,Nasus,JarvanIV,Yasuo,Jinx,Rell
BR1_3249280759,1780713129081,2026-06-05 23:32:09,1439,0,0.546,,1,0,Fiora,Evelynn,Sylas,Ezreal,Seraphine,Nasus,Quinn,Ryze,Jhin,Rakan
BR1_3249902078,1780865217900,2026-06-07 17:46:57,1870,0,,0.5175879396984925,0,1,Sion,LeeSin,Talon,Mel,Nami,Singed,Kindred,Vex,Ziggs,Zilean
BR1_3247921599,1780412747847,2026-06-02 12:05:47,1550,0,,0.5601503759398496,0,1,Poppy,Karthus,Swain,Ezreal,Rell,Gnar,Ekko,Zed,Kaisa,Pyke
BR1_3248585429,1780582648029,2026-06-04 11:17:28,2203,1,,0.5582208833341632,0,2,Jax,JarvanIV,Viktor,Brand,Nami,Urgot,Kayn,Akali,Kaisa,Seraphine
BR1_3249805330,1780852061568,2026-06-07 14:07:41,1479,1,0.5825728069561086,0.5688703237519758,3,4,Garen,Kayn,Annie,Zeri,Yuumi,Vayne,Graves,Taliyah,KogMaw,Karma
BR1_3249402522,1780759122428,2026-06-06 12:18:42,1456,1,0.6030715113879772,,2,0,Renekton,Rammus,Syndra,Caitlyn,Thresh,Teemo,MasterYi,Diana,KogMaw,Milio
BR1_3249033893,1780673656603,2026-06-05 12:34:16,1619,0,,0.5414012738853503,0,1,Mordekaiser,MasterYi,Gangplank,Xayah,Leona,Pantheon,Lillia,Evelynn,Jinx,Rakan
BR1_3248037764,1780439553592,2026-06-02 19:32:33,1554,1,,0.5259259259259259,0,1,TwistedFate,Graves,Lissandra,Ezreal,Soraka,Jayce,Shaco,Diana,Fiora,Karma
BR1_3247613333,1780327073322,2026-06-01 12:17:53,1470,1,0.554639175257732,0.5296610169491526,1,1,Malphite,Graves,TahmKench,Nilah,Braum,Ezreal,Qiyana,Sylas,Lucian,Thresh
BR1_3248318367,1780519992596,2026-06-03 17:53:12,1985,1,0.5312954876273653,,1,0,Ambessa,Taliyah,Katarina,Kaisa,Ivern,Sion,Talon,Cassiopeia,Caitlyn,Senna
BR1_3248960543,1780633152820,2026-06-05 01:19:12,1834,0,0.5630982064913408,0.5981308411214953,2,1,Draven,Kayn,Cassiopeia,Kaisa,Lulu,Sion,LeeSin,Ryze,Lucian,Thresh
BR1_3247604884,1780324939485,2026-06-01 11:42:19,1461,1,,0.522154648132059,0,1,Jax,Taliyah,Yone,Varus,Seraphine,Gangplank,JarvanIV,Swain,Yunara,Sona
BR1_3248055774,1780441849907,2026-06-02 20:10:49,1436,1,,0.5618556701030928,0,1,Illaoi,Viego,Cassiopeia,Ezreal,Leona,Sion,Graves,Yone,Samira,Nautilus
BR1_3248988774,1780651694023,2026-06-05 06:28:14,1389,0,0.5562913907284768,0.5672514619883041,1,1,Irelia,RekSai,Malzahar,Xayah,KogMaw,Olaf,Karthus,Naafiri,Jinx,Nautilus
BR1_3247998672,1780432318290,2026-06-02 17:31:58,2385,0,0.5980664062500001,0.5624208577182913,2,3,Gragas,Poppy,Irelia,Vladimir,Zilean,Teemo,XinZhao,Orianna,Heimerdinger,Seraphine
BR1_3249257675,1780710194662,2026-06-05 22:43:14,923,1,0.6057327453594503,0.6041560949024573,2,3,Rumble,MasterYi,Veigar,Kaisa,Blitzcrank,Jayce,Talon,Viktor,Brand,Nautilus
BR1_3248981598,1780641396865,2026-06-05 03:36:36,1864,1,,0.5480769230769231,0,1,Singed,Hecarim,Aurora,Ziggs,Senna,Gnar,Nocturne,Kayle,Lux,Seraphine
BR1_3249354195,1780731414006,2026-06-06 04:36:54,1723,0,,0.5121489440757379,0,2,Rumble,Hecarim,Katarina,Caitlyn,Karma,Heimerdinger,Zac,Orianna,Ezreal,Nami
BR1_3248983966,1780645065515,2026-06-05 04:37:45,1603,0,0.5344295991778006,0.6011008918617615,1,2,Renekton,Viego,Annie,Ezreal,Karma,Yasuo,JarvanIV,Vladimir,MissFortune,Camille
BR1_3249042786,1780675522538,2026-06-05 13:05:22,931,0,0.5601503759398496,0.5321637426900585,1,1,Gangplank,MonkeyKing,Cassiopeia,Seraphine,Leona,Riven,Taliyah,Ekko,Jayce,Nautilus
BR1_3249062744,1780679964399,2026-06-05 14:19:24,1741,1,0.5587817355058735,0.5652991135336659,2,3,Sejuani,Brand,Aatrox,Jhin,Seraphine,Singed,Viego,Yasuo,Ezreal,Karma
BR1_3249469017,1780771324242,2026-06-06 15:42:04,1530,0,0.5890811817741515,0.5890624937257312,3,2,Lucian,Olaf,Draven,Zeri,Yuumi,Akali,Udyr,TwistedFate,Varus,Lulu
BR1_3249432473,1780765404249,2026-06-06 14:03:24,1455,0,,0.5679184226369657,0,2,Aatrox,Talon,Ekko,Yunara,Sona,Jax,Diana,Ryze,Jinx,Neeko
BR1_3249931616,1780869150303,2026-06-07 18:52:30,1850,0,0.5260361317747078,,1,0,Irelia,LeeSin,Lux,Tristana,Leona,Gnar,Nocturne,Akali,Zeri,Nautilus
BR1_3247640948,1780336128150,2026-06-01 14:48:48,1303,0,0.5363636363636364,,1,0,Jayce,Hecarim,Mel,Zeri,Alistar,Akali,Nidalee,Irelia,Varus,Swain
BR1_3248549047,1780559825492,2026-06-04 04:57:05,1109,1,0.5218711797066015,0.5442744863499815,2,4,Ryze,MasterYi,Quinn,Vladimir,Nautilus,Singed,Kayn,Kassadin,Ezreal,Yuumi
BR1_3248007614,1780433934319,2026-06-02 17:58:54,1472,1,,0.5480769230769231,0,1,Darius,XinZhao,Yasuo,Yunara,Lulu,Rumble,LeeSin,Kayle,Nilah,Yuumi
BR1_3249428444,1780764612473,2026-06-06 13:50:12,1973,0,0.5453127256969521,0.5414012738853503,2,1,Cassiopeia,XinZhao,Talon,Ezreal,Karma,Zac,Khazix,Orianna,Jinx,Milio
BR1_3249753635,1780841666633,2026-06-07 11:14:26,1584,1,0.522154648132059,,1,0,Ornn,LeeSin,Leblanc,Yunara,Lulu,TwistedFate,Kayn,Vladimir,Varus,Leona
BR1_3248601544,1780585944833,2026-06-04 12:12:24,1659,1,0.572289156626506,,1,0,Teemo,Jax,Naafiri,Xayah,Rakan,Gangplank,XinZhao,AurelionSol,Varus,Thresh
BR1_3247955931,1780422687377,2026-06-02 14:51:27,1767,1,0.5596330275229358,,1,0,Vayne,Darius,Viktor,Jhin,Nami,Heimerdinger,Ivern,Ornn,Jinx,Thresh
BR1_3247674411,1780343624281,2026-06-01 16:53:44,1551,1,,0.5205091937765205,0,1,DrMundo,Elise,Irelia,Xayah,Leblanc,Ambessa,Ivern,Katarina,Kaisa,Pyke
BR1_3248222045,1780493216511,2026-06-03 10:26:56,987,0,,0.6358695652173914,0,1,Fiora,Ivern,Malzahar,Caitlyn,Karma,Irelia,Graves,Brand,Ezreal,Nidalee
BR1_3247936828,1780417794175,2026-06-02 13:29:54,2137,0,,0.5360389610389611,0,2,Vladimir,Elise,Yasuo,Syndra,Bard,Cassiopeia,Karthus,Kassadin,Caitlyn,Nautilus
BR1_3249074717,1780682349105,2026-06-05 14:59:09,1767,0,0.5198647506339814,,1,0,Renekton,Viego,Akali,Senna,Lux,Gragas,Ekko,Nasus,Lucian,Nami
BR1_3248283444,1780512118660,2026-06-03 15:41:58,1977,1,0.515625,0.5449678800856531,1,1,Olaf,Ekko,Syndra,Yunara,Blitzcrank,Fiora,LeeSin,Lux,Jhin,Seraphine
BR1_3248262526,1780506972904,2026-06-03 14:16:12,2032,0,,0.5546439296439296,0,2,Yone,Udyr,TwistedFate,Velkoz,Nautilus,Irelia,Taliyah,Qiyana,Ezreal,Thresh
BR1_3247715178,1780351582708,2026-06-01 19:06:22,2015,0,,0.5534682080924855,0,1,Shen,Talon,Diana,Lux,Bard,Sion,Viego,Lissandra,Lucian,Milio
BR1_3249058335,1780678818001,2026-06-05 14:00:18,1734,0,0.504907306434024,,1,0,Aatrox,Elise,Syndra,Sivir,Janna,Ambessa,Naafiri,Viktor,Ezreal,Senna
BR1_3247650657,1780338041446,2026-06-01 15:20:41,2029,0,0.522154648132059,,1,0,Darius,Evelynn,Gwen,Varus,Senna,Camille,FiddleSticks,Zed,Ashe,Seraphine
BR1_3249299493,1780715678905,2026-06-06 00:14:38,920,0,0.6093117408906883,0.5853423592790322,1,3,Olaf,Gragas,Yasuo,Corki,Bard,Sion,Talon,Vladimir,Lucian,Elise
BR1_3249544075,1780783130410,2026-06-06 18:58:50,1543,1,0.5525944692035607,0.5676397401358594,5,3,Poppy,Belveth,Ryze,Varus,Sona,Riven,Khazix,Ahri,Ezreal,Pantheon
BR1_3248860106,1780619191974,2026-06-04 21:26:31,1360,1,0.5891732677673446,0.5478424015009381,2,1,Garen,Kayn,Mel,Twitch,Thresh,Shen,XinZhao,Zilean,Varus,Blitzcrank
BR1_3247933138,1780415933465,2026-06-02 12:58:53,68,1,0.5862068965517241,,1,0,Garen,Aatrox,Annie,Yunara,Karma,Jayce,Hecarim,Yone,Jhin,Bard
BR1_3249687826,1780806104747,2026-06-07 01:21:44,1363,1,0.5727749124878312,0.541343669250646,2,1,Jayce,JarvanIV,Xerath,Varus,Bard,TwistedFate,Rengar,Ahri,Ashe,Pantheon
BR1_3249073820,1780682405547,2026-06-05 15:00:05,2200,1,0.5420573593220093,0.5673113795417506,2,2,Chogath,Rengar,Ahri,Caitlyn,Neeko,Vayne,Pantheon,Ryze,Ashe,Pyke
BR1_3247871629,1780375288013,2026-06-02 01:41:28,1508,0,,0.504907306434024,0,1,KSante,Shaco,Cassiopeia,Nilah,Zilean,Gnar,Elise,Katarina,Lucian,Milio
BR1_3247617082,1780328056599,2026-06-01 12:34:16,1017,0,0.5254470426409904,0.6109719125514177,1,2,Yasuo,Shaco,Sylas,Brand,Nami,Riven,Nidalee,Fizz,Ezreal,Bard
BR1_3249460954,1780770600617,2026-06-06 15:30:00,2244,1,0.5198647506339814,,1,0,Akali,Viego,Hwei,Xayah,Pantheon,Ornn,Nasus,Azir,Smolder,Lux
BR1_3247659518,1780340213772,2026-06-01 15:56:53,1194,0,,0.5532319391634981,0,1,Darius,Ekko,Zed,Lucian,Nami,Karma,Hecarim,Qiyana,Lux,Brand
BR1_3247952370,1780421639527,2026-06-02 14:33:59,1521,1,0.554639175257732,0.6027818472965145,1,2,Aatrox,Nidalee,Malzahar,Ezreal,Bard,Jayce,Khazix,TwistedFate,Jhin,Sona
BR1_3249102533,1780687441917,2026-06-05 16:24:01,1444,1,,0.5244444444444445,0,1,Trundle,Talon,Diana,Varus,Thresh,Irelia,JarvanIV,Lissandra,Caitlyn,Swain
BR1_3248326950,1780522037926,2026-06-03 18:27:17,1158,0,0.5492532843876852,0.6018339858155578,3,4,KogMaw,Talon,Zed,Jhin,Zyra,Teemo,Aatrox,Shyvana,Karthus,Xerath
BR1_3247995583,1780431422604,2026-06-02 17:17:02,1862,1,,0.5558715183873305,0,3,Renekton,Talon,Fizz,Seraphine,Bard,Kennen,XinZhao,Velkoz,Lucian,Pantheon
BR1_3248239280,1780499552595,2026-06-03 12:12:32,2292,0,,0.5847255369928401,0,1,DrMundo,LeeSin,Xerath,Kaisa,Rakan,Fiora,Naafiri,Leblanc,Ezreal,Karma
BR1_3249087669,1780684990402,2026-06-05 15:43:10,2116,0,,0.5321637426900585,0,1,Riven,Talon,Irelia,Hwei,Maokai,Renekton,LeeSin,Ekko,Ashe,Seraphine
BR1_3249126926,1780691986595,2026-06-05 17:39:46,2393,0,,0.5450819672131147,0,1,Akali,Viego,TwistedFate,Ezreal,Nautilus,Jayce,Khazix,Vex,Jinx,Gragas
BR1_3247640916,1780336060179,2026-06-01 14:47:40,1521,0,0.5983835005574136,0.5771398104881706,2,2,Riven,Khazix,Katarina,Senna,Soraka,Renekton,MonkeyKing,Pantheon,Vladimir,Alistar
BR1_3248553170,1780566526858,2026-06-04 06:48:46,2195,0,,0.5646359583952452,0,1,Aatrox,Talon,Kayle,Mel,Senna,Irelia,Rammus,Yasuo,Karthus,Xerath
BR1_3249732197,1780832476056,2026-06-07 08:41:16,1742,1,0.541343669250646,0.5449678800856531,1,1,Vayne,LeeSin,Diana,Karthus,Rell,Twitch,Darius,Annie,Singed,Bard
BR1_3249027139,1780671344327,2026-06-05 11:55:44,1534,1,0.5644028103044496,0.5503844881561489,1,3,Riven,RekSai,Taliyah,Vayne,Thresh,Kled,LeeSin,Syndra,Caitlyn,Bard
BR1_3248250599,1780503658962,2026-06-03 13:20:58,1972,1,0.5496952460273143,0.5981308411214953,2,1,Ornn,Gwen,Tryndamere,Jhin,Swain,Aatrox,Elise,Ryze,Ezreal,Pyke
BR1_3247649311,1780337533257,2026-06-01 15:12:13,1491,1,,0.5901386748844376,0,1,Tryndamere,LeeSin,Taliyah,Jinx,Senna,TahmKench,MonkeyKing,Akali,Ezreal,Karma
BR1_3247867942,1780374278631,2026-06-02 01:24:38,1477,1,,0.5446936384522922,0,2,Nasus,JarvanIV,Quinn,Lux,Rakan,DrMundo,LeeSin,Taliyah,Ashe,Seraphine
BR1_3248113197,1780448752360,2026-06-02 22:05:52,2086,0,0.5994233322270163,0.515625,2,1,Gragas,Zed,Zac,Tristana,Thresh,Olaf,Naafiri,Syndra,Zeri,Karma
BR1_3248806498,1780613358324,2026-06-04 19:49:18,1916,1,0.6024590163934426,0.541343669250646,1,1,Gnar,Kayn,Ahri,Mel,Camille,Vayne,Sylas,Syndra,Brand,Senna
BR1_3248525719,1780549415906,2026-06-04 02:03:35,1386,1,0.5900930797398775,0.5418433760449528,4,5,Vayne,LeeSin,Aurora,Ezreal,Bard,Anivia,Naafiri,Lux,Kaisa,Elise
BR1_3248035245,1780438731342,2026-06-02 19:18:51,1620,0,0.5601503759398496,0.6100151745068285,1,1,Aatrox,Talon,Sylas,KogMaw,Seraphine,Garen,Lillia,Aurora,Ashe,Zilean
BR1_3249893111,1780864127659,2026-06-07 17:28:47,2027,0,,0.5619469026548672,0,1,Gangplank,Shaco,Aurora,Xayah,Rakan,Darius,Talon,Lux,Singed,Pyke
BR1_3248946439,1780630097916,2026-06-05 00:28:17,1382,1,0.6096866096866097,,1,0,Yorick,Ivern,Malzahar,Kaisa,Lux,Zaahen,LeeSin,Smolder,Mel,Alistar
BR1_3248216599,1780492154511,2026-06-03 10:09:14,911,0,0.5462690773689484,0.5527831094049904,3,1,Akali,Kayn,AurelionSol,Tryndamere,Yuumi,KSante,Diana,Yone,Rengar,Pyke
BR1_3249674244,1780803107381,2026-06-07 00:31:47,1966,0,0.5628446901382682,0.5895703365919754,2,3,Ambessa,Lillia,Zed,Ashe,Seraphine,Kayle,Taliyah,Akshan,Ezreal,Pantheon
BR1_3248203514,1780475380830,2026-06-03 05:29:40,1447,0,,0.5363636363636364,0,1,Gnar,Vi,Diana,Heimerdinger,Senna,Yasuo,Ivern,Cassiopeia,Jhin,Thresh
BR1_3249831019,1780855947703,2026-06-07 15:12:27,1289,0,0.5544871794871795,,1,0,Olaf,JarvanIV,Ryze,Varus,Karma,Gragas,Shaco,Ekko,Yasuo,Rakan
BR1_3248212840,1780490558507,2026-06-03 09:42:38,1544,1,0.5644028103044496,,1,0,Sett,LeeSin,Lissandra,Xayah,Rakan,Gangplank,Sylas,Irelia,Diana,JarvanIV
BR1_3248928463,1780627353914,2026-06-04 23:42:33,959,0,,0.5531914893617021,0,1,XinZhao,Vi,Velkoz,Caitlyn,Karma,Olaf,Nasus,Tryndamere,Karthus,Nami
BR1_3249340327,1780723969705,2026-06-06 02:32:49,1510,1,,0.5422535211267606,0,1,Elise,MasterYi,Nasus,Swain,Yuumi,Irelia,Viego,Viktor,Ashe,Seraphine
BR1_3248717619,1780602855078,2026-06-04 16:54:15,1310,1,0.570230607966457,0.5454545454545454,1,1,Yasuo,Shyvana,Qiyana,Cassiopeia,Yuumi,Katarina,Ambessa,Chogath,Jinx,Senna
BR1_3247623130,1780330031381,2026-06-01 13:07:11,1623,1,0.5862068965517241,0.5601503759398496,1,1,Garen,XinZhao,Syndra,Ahri,Nami,Darius,LeeSin,Akshan,Caitlyn,Pantheon
BR1_3247614679,1780327592342,2026-06-01 12:26:32,1452,0,0.5193905817174516,,1,0,Skarner,Rumble,Mordekaiser,Yunara,Zilean,Ornn,Jayce,Akali,Ashe,Bard
BR1_3247489697,1780276088790,2026-05-31 22:08:08,1880,1,0.5426944971537002,,1,0,Yorick,Hecarim,KogMaw,Sivir,Rell,Gangplank,LeeSin,Cassiopeia,Kaisa,Milio
BR1_3249922730,1780868052925,2026-06-07 18:34:12,1414,1,0.5654102995585465,0.5780770542107058,3,2,Rumble,Kindred,Yone,Varus,Soraka,Teemo,RekSai,Viktor,Lucian,Milio
BR1_3249645460,1780798929277,2026-06-06 23:22:09,1440,1,,0.5259259259259259,0,1,Tryndamere,Nocturne,Ashe,Smolder,Bard,Gangplank,Talon,Azir,Caitlyn,Sona
BR1_3249717499,1780815145775,2026-06-07 03:52:25,1685,1,0.5193905817174516,,1,0,Sion,XinZhao,Ekko,Ashe,Soraka,TahmKench,MonkeyKing,Ahri,Jinx,Nautilus
BR1_3247918299,1780411236259,2026-06-02 11:40:36,1803,0,,0.5666666666666667,0,1,Shen,Diana,Orianna,Jhin,Thresh,Pantheon,Talon,Viktor,Brand,Seraphine
BR1_3249198654,1780702806781,2026-06-05 20:40:06,1934,0,0.5422535211267606,,1,0,Sion,Gragas,Leblanc,Jinx,Pyke,Syndra,Naafiri,Rumble,Jhin,Nami
BR1_3249050043,1780676703845,2026-06-05 13:25:03,1936,0,,0.5464865665257235,0,2,Fiora,LeeSin,Irelia,Tristana,Brand,Vayne,Vi,Lux,Anivia,Senna
BR1_3248256588,1780505718988,2026-06-03 13:55:18,1606,0,,0.5107741420590582,0,1,Camille,Briar,Lux,Ezreal,Sona,Pantheon,Aatrox,Ahri,Aphelios,Nami
BR1_3248264786,1780508171569,2026-06-03 14:36:11,1668,0,0.5482832764972541,0.572289156626506,2,1,Zyra,Vi,Taliyah,Yunara,Nami,Aurora,Ivern,Zed,Jhin,Karma
BR1_3247950818,1780421360787,2026-06-02 14:29:20,1966,0,,0.5118343195266272,0,1,Naafiri,Evelynn,Malzahar,Kaisa,Thresh,Camille,Aatrox,Xerath,Sivir,Neeko
BR1_3247988385,1780430157311,2026-06-02 16:55:57,1679,0,0.5503845803220372,0.5795454545454546,3,1,Irelia,Karthus,Zed,Sivir,Lissandra,Garen,Evelynn,Shen,Ezreal,Amumu
BR1_3248163459,1780455543137,2026-06-02 23:59:03,1456,1,,0.6190476190476191,0,1,Yasuo,Nunu,Zed,Kaisa,Rell,Akali,Jayce,Azir,Aphelios,Lulu
BR1_3248949319,1780630657376,2026-06-05 00:37:37,1212,0,0.5824634655532359,0.5544600938967137,1,2,Riven,Evelynn,Yone,Lucian,Milio,Renekton,Talon,Xerath,Smolder,Braum
BR1_3249348517,1780727950093,2026-06-06 03:39:10,1327,0,,0.5270655270655271,0,1,Yasuo,Nocturne,Nasus,Karthus,Nami,Tryndamere,XinZhao,AurelionSol,Ashe,Seraphine
BR1_3248032261,1780438582798,2026-06-02 19:16:22,1685,0,0.554639175257732,0.5559572560930595,1,3,Varus,Quinn,Malphite,Brand,Zoe,Gragas,LeeSin,Zed,Lux,Soraka
BR1_3247894859,1780401126720,2026-06-02 08:52:06,1550,0,,0.6938775510204082,0,1,Volibear,Quinn,Syndra,Mel,Camille,Darius,MasterYi,Ahri,Brand,Xerath
BR1_3249098931,1780687041437,2026-06-05 16:17:21,1746,0,,0.5755465708295897,0,2,Gnar,Talon,Anivia,Senna,Nautilus,Aurora,Qiyana,Zed,Naafiri,Yuumi
BR1_3248220134,1780493098924,2026-06-03 10:24:58,1777,1,0.5594449948958146,0.5275881008691414,2,2,Rumble,MasterYi,Xerath,Nilah,Sona,Varus,RekSai,Viktor,Tryndamere,Sejuani
BR1_3247911050,1780408108550,2026-06-02 10:48:28,2357,0,,0.5644028103044496,0,1,Pantheon,JarvanIV,Vex,MissFortune,Sona,Urgot,Shaco,Swain,Ezreal,Xerath
BR1_3249546092,1780783442410,2026-06-06 19:04:02,1636,0,0.5259259259259259,,1,0,XinZhao,Sylas,Swain,Yasuo,Sona,Ashe,Skarner,Orianna,KogMaw,Lulu
BR1_3249365176,1780746168074,2026-06-06 08:42:48,1318,0,,0.5691699604743083,0,1,Ambessa,Graves,Poppy,Xerath,Seraphine,Riven,Rengar,Olaf,Sona,Velkoz
BR1_3249225593,1780706191151,2026-06-05 21:36:31,920,0,0.5298713235294117,0.5630499132358242,2,3,Sejuani,Kayn,Ahri,Ezreal,Yuumi,Teemo,JarvanIV,Xerath,Aphelios,Thresh
BR1_3248008199,1780434255423,2026-06-02 18:04:15,1794,0,,0.554639175257732,0,1,Rumble,Nocturne,Yone,Ezreal,Braum,Riven,Udyr,Malzahar,Lucian,Milio
BR1_3249722398,1780819571410,2026-06-07 05:06:11,2043,0,,0.5485074626865671,0,1,Nasus,Briar,Ambessa,Syndra,Leona,Ryze,Graves,Katarina,Jinx,Senna
BR1_3249478413,1780773068207,2026-06-06 16:11:08,1865,1,0.5853994490358126,0.5327014218009478,1,1,Ornn,Taliyah,Yasuo,Ashe,Alistar,Camille,Shaco,Ahri,Karthus,Pyke
BR1_3249549171,1780784011283,2026-06-06 19:13:31,1673,1,0.5801439403287185,0.5764378067069545,5,3,Renekton,Evelynn,Quinn,Ezreal,Nautilus,Aatrox,LeeSin,Cassiopeia,Diana,Senna
BR1_3248178046,1780458624823,2026-06-03 00:50:24,1762,1,,0.554639175257732,0,1,Gragas,Nidalee,Kayle,Ezreal,Karma,Nasus,Kindred,Kassadin,Varus,Xerath
BR1_3249851200,1780858876542,2026-06-07 16:01:16,1072,0,0.5501618122977346,0.5528731383511221,1,2,Malphite,Viego,Taliyah,Sivir,Karma,Gwen,Belveth,Lux,Ezreal,Alistar
BR1_3247767667,1780358695180,2026-06-01 21:04:55,956,0,,0.5403973509933775,0,1,Renekton,Quinn,Ahri,Heimerdinger,Pyke,Riven,RekSai,Viktor,Sivir,Zyra
BR1_3249896693,1780864874507,2026-06-07 17:41:14,1375,1,0.523999496367316,0.5843956174497871,2,2,Jayce,Shyvana,Anivia,Ezreal,Karma,Swain,Jax,Yone,Lucian,Nami
BR1_3248247598,1780502461089,2026-06-03 13:01:01,928,0,0.5486322188449848,0.5339375382203733,1,2,Mordekaiser,Naafiri,Ryze,Twitch,TahmKench,Irelia,XinZhao,Hwei,Yunara,Braum
BR1_3248596058,1780584683157,2026-06-04 11:51:23,2129,0,0.5862068965517241,0.5520223169404356,1,2,Heimerdinger,Jax,Akali,AurelionSol,Nautilus,Sion,Karthus,Diana,Tristana,Lulu
BR1_3248674270,1780597144548,2026-06-04 15:19:04,933,0,,0.5304054054054054,0,1,Tryndamere,Ekko,Sylas,Jhin,Bard,Chogath,Khazix,Akali,Zeri,Karma
BR1_3249780924,1780847916108,2026-06-07 12:58:36,911,0,0.5393507109004739,0.6437346437346437,2,1,Riven,Vi,Viktor,Ziggs,Bard,Jayce,Taliyah,Nasus,Ezreal,Rakan
BR1_3248118756,1780449538919,2026-06-02 22:18:58,2054,0,0.5358515488674023,0.540796963946869,3,1,Anivia,Sejuani,Naafiri,Kaisa,Nautilus,Singed,Ekko,Gangplank,Lux,Morgana
BR1_3249797298,1780850703072,2026-06-07 13:45:03,1193,0,,0.5850340136054422,0,1,Ornn,Kindred,Ahri,Nilah,Soraka,Malphite,Graves,Orianna,Senna,Sona
BR1_3248742537,1780605834199,2026-06-04 17:43:54,1876,1,,0.5394045534150613,0,1,Lux,Quinn,Diana,Kaisa,Thresh,Malphite,Brand,Irelia,Varus,Senna
BR1_3248013033,1780435068295,2026-06-02 18:17:48,1347,1,0.5351351351351351,0.66,1,1,Olaf,Talon,Irelia,Kaisa,Neeko,Vayne,Quinn,Yasuo,Vladimir,Senna
BR1_3249535845,1780782066406,2026-06-06 18:41:06,1430,1,0.5320284697508897,0.5893059999374681,1,2,Kassadin,Naafiri,Sylas,Twitch,Yuumi,Sion,LeeSin,Ahri,Lucian,Alistar
BR1_3249062408,1780679699613,2026-06-05 14:14:59,1822,1,0.5321637426900585,,1,0,Pantheon,Talon,Vex,Hwei,Xerath,Diana,Hecarim,Yone,Seraphine,Nautilus
BR1_3248860773,1780619514696,2026-06-04 21:31:54,1746,1,0.66,,1,0,Vladimir,MasterYi,Akali,Zyra,Nautilus,XinZhao,Evelynn,Syndra,Smolder,Bard
BR1_3249329033,1780720506997,2026-06-06 01:35:06,1320,1,0.5631868131868132,,1,0,Heimerdinger,Shaco,TwistedFate,Senna,Swain,Warwick,Taliyah,Sylas,Ashe,Rell
BR1_3249000873,1780663650543,2026-06-05 09:47:30,1884,1,,0.504907306434024,0,1,Jayce,Graves,TahmKench,Diana,Lulu,Gangplank,LeeSin,Lissandra,Kaisa,Elise
BR1_3248855624,1780618859645,2026-06-04 21:20:59,1446,1,0.5710382513661202,0.515625,1,1,Gnar,Talon,Aurora,Jinx,Pyke,Kalista,LeeSin,Ryze,Kaisa,Rell
BR1_3248998291,1780660681219,2026-06-05 08:58:01,1604,1,0.5556980897889989,0.5986238532110092,2,1,Yone,RekSai,Akali,Ezreal,Seraphine,Aatrox,LeeSin,Zed,Kaisa,Lux
BR1_3247870825,1780375424175,2026-06-02 01:43:44,1891,0,0.5688794738123165,0.5822429568303159,3,3,Quinn,Rammus,Cassiopeia,Ezreal,Senna,Gnar,LeeSin,Ryze,Mel,Taric
BR1_3247607773,1780325576138,2026-06-01 11:52:56,1463,1,0.5397704788286506,0.5980392156862745,2,1,Sion,Malphite,Ryze,Yunara,Bard,Chogath,Rengar,Ekko,Lucian,Nami
BR1_3248067574,1780443313658,2026-06-02 20:35:13,2157,0,,0.541343669250646,0,1,Poppy,Graves,Orianna,Ashe,Rell,Vayne,XinZhao,Akshan,Malzahar,Rakan
BR1_3248659149,1780595011478,2026-06-04 14:43:31,1662,0,0.5107741420590582,,1,0,Aatrox,Vi,Ahri,Varus,Nautilus,Yone,Nasus,Sona,Tristana,Renata
BR1_3249011757,1780667461484,2026-06-05 10:51:01,1802,0,0.5328227571115973,0.5923501563036446,1,2,Zaahen,Kayn,Heimerdinger,Lucian,Camille,Aurora,Ambessa,Naafiri,AurelionSol,Senna
BR1_3249133618,1780692982974,2026-06-05 17:56:22,2660,1,,0.5622710622710623,0,1,Jayce,Amumu,Talon,Veigar,Zilean,Ambessa,Viego,Mel,Caitlyn,Soraka
BR1_3247874500,1780376576929,2026-06-02 02:02:56,1412,0,,0.5406838525973345,0,2,Camille,Kayn,Xerath,Jhin,Zyra,Pantheon,JarvanIV,Fizz,Kaisa,Thresh
BR1_3249728118,1780827338118,2026-06-07 07:15:38,2344,0,,0.5482093663911846,0,1,Heimerdinger,Kayn,Leblanc,Qiyana,Nautilus,Yasuo,Pantheon,Brand,Ezreal,Alistar
BR1_3247840617,1780367967776,2026-06-01 23:39:27,1761,0,,0.5501618122977346,0,1,Singed,Kayn,Kassadin,Ezreal,Gragas,Diana,Viego,Qiyana,Jhin,Seraphine
BR1_3249804673,1780852104084,2026-06-07 14:08:24,1502,1,,0.5486322188449848,0,1,Vladimir,Ambessa,Tryndamere,Lux,Sona,Renekton,Kayn,Ryze,Nilah,Bard
BR1_3247601668,1780323158581,2026-06-01 11:12:38,2283,1,0.5357142857142857,0.5259259259259259,1,1,Vayne,Talon,Kassadin,AurelionSol,Lux,DrMundo,Quinn,Velkoz,Yasuo,Soraka
BR1_3249907225,1780865982333,2026-06-07 17:59:42,1752,0,0.541343669250646,0.5805216622458003,1,2,KSante,Ekko,Yasuo,Ezreal,Mel,Aurora,Pantheon,Jayce,Ziggs,TwistedFate
BR1_3247587080,1780315063678,2026-06-01 08:57:43,1460,1,0.5296610169491526,0.5363128491620112,1,1,Ambessa,LeeSin,Leblanc,Jinx,Soraka,Yasuo,Skarner,Ahri,Smolder,Nautilus
BR1_3248446041,1780537582230,2026-06-03 22:46:22,1132,0,0.54296875,0.5629770992366412,1,1,Jayce,LeeSin,Xerath,Zeri,Sona,XinZhao,Ekko,Zac,KogMaw,Lulu
BR1_3247592914,1780320037621,2026-06-01 10:20:37,1714,1,0.5945945945945946,,1,0,Cassiopeia,Ekko,Irelia,Xayah,Rell,Quinn,Khazix,Zed,Kaisa,Poppy
BR1_3248982267,1780641052488,2026-06-05 03:30:52,1294,0,0.5193905817174516,,1,0,Ambessa,Briar,Lux,Senna,TahmKench,Illaoi,Shaco,Diana,Draven,Soraka
BR1_3249099844,1780687323083,2026-06-05 16:22:03,1992,0,0.5602607009178288,0.5511413122978979,3,3,Akali,LeeSin,Naafiri,Karthus,Alistar,Ornn,RekSai,Leblanc,Caitlyn,Senna
BR1_3249935676,1780869662475,2026-06-07 19:01:02,2086,1,0.5619469026548672,0.5748565121412803,1,2,Aurora,Rengar,Orianna,Senna,Alistar,Ambessa,Udyr,TwistedFate,Karthus,Camille
BR1_3247935335,1780416667464,2026-06-02 13:11:07,1417,0,0.5862068965517241,,1,0,Yone,JarvanIV,Garen,Varus,Pyke,Olaf,LeeSin,Lux,Karthus,Nautilus
BR1_3249741007,1780837003654,2026-06-07 09:56:43,2016,1,0.5666666666666667,,1,0,Darius,Graves,Leblanc,Ezreal,Karma,Gangplank,Qiyana,Brand,Jhin,Zyra
BR1_3249191052,1780701631869,2026-06-05 20:20:31,1270,0,0.5621158336826078,0.5779731222385862,2,2,Varus,LeeSin,Viktor,Ashe,Seraphine,Gangplank,JarvanIV,Riven,Ziggs,Senna
BR1_3247705789,1780350335403,2026-06-01 18:45:35,1909,0,0.5806451612903226,0.5850644452728077,1,3,Singed,Hecarim,Ahri,Anivia,Soraka,Fiora,Talon,Sylas,Brand,Zyra
BR1_3247863811,1780372875830,2026-06-02 01:01:15,2171,0,,0.5243328100470958,0,1,Jayce,JarvanIV,Fizz,Karthus,Nami,XinZhao,Viego,Akali,Cassiopeia,Taric
BR1_3247824612,1780365631685,2026-06-01 23:00:31,792,1,,0.5601503759398496,0,1,Nasus,Nocturne,Syndra,Jhin,Seraphine,Singed,FiddleSticks,Smolder,Ashe,Karma
BR1_3248098367,1780446916696,2026-06-02 21:35:16,1542,1,0.6727366478506296,0.5803402646502835,2,1,Gangplank,RekSai,Vladimir,Jinx,Milio,Garen,Aatrox,Heimerdinger,Ezreal,Sona
BR1_3249886910,1780863600679,2026-06-07 17:20:00,991,1,0.5622710622710623,,1,0,Malphite,Quinn,Vex,Brand,Soraka,Renekton,RekSai,Yasuo,Nilah,Rakan
BR1_3249451293,1780768540952,2026-06-06 14:55:40,1793,1,,0.5501618122977346,0,1,Ambessa,Hecarim,Heimerdinger,Zyra,Yuumi,Chogath,Viego,Quinn,Ashe,Leona
BR1_3249023111,1780670262378,2026-06-05 11:37:42,1251,0,0.546,0.5379428024717539,1,2,Shen,Rengar,Ryze,Caitlyn,Sona,Renekton,Pantheon,Zed,Karthus,Camille
BR1_3249067117,1780680708607,2026-06-05 14:31:48,1822,1,,0.5257728899362835,0,2,Riven,Rengar,Ziggs,Caitlyn,Velkoz,Fiora,Kayn,AurelionSol,Aphelios,Lulu
BR1_3248527158,1780548988588,2026-06-04 01:56:28,1371,1,,0.5135440180586908,0,1,Renekton,Sylas,Viktor,Senna,Rell,Nasus,Ekko,Yasuo,Twitch,Morgana
BR1_3249863401,1780860505167,2026-06-07 16:28:25,1407,0,0.5192582025677603,0.5272127125598426,1,3,Fiora,Naafiri,Ahri,Karthus,Bard,Ambessa,Elise,Yone,Senna,Rell
BR1_3247463200,1780273078336,2026-05-31 21:17:58,1533,1,0.5680456196502934,0.555394673335966,3,2,Gangplank,Gragas,Sylas,Kaisa,Alistar,Aatrox,LeeSin,TwistedFate,Caitlyn,Rell
BR1_3249691773,1780806864266,2026-06-07 01:34:24,1767,1,0.5714285714285714,0.5441176470588235,1,1,Renekton,Diana,Jayce,MissFortune,Karma,TwistedFate,Rengar,Kassadin,Tristana,Lulu
BR1_3249762194,1780843483958,2026-06-07 11:44:43,1367,1,,0.541343669250646,0,1,Anivia,Ekko,Nasus,Lucian,Nami,Aurora,Talon,Mordekaiser,Zeri,Yuumi
BR1_3247485916,1780275722602,2026-05-31 22:02:02,1314,1,0.5735735735735735,0.6041131105398457,1,1,Irelia,LeeSin,Zed,Draven,Xerath,Vayne,Rengar,Katarina,Caitlyn,Sona
BR1_3248353554,1780526358934,2026-06-03 19:39:18,1853,0,,0.5238095238095238,0,1,Renekton,MasterYi,Akali,Draven,Pyke,Riven,Nocturne,Anivia,Ezreal,Bard
BR1_3249941874,1780870527037,2026-06-07 19:15:27,1630,1,0.504907306434024,,1,0,DrMundo,Elise,Yasuo,Xayah,Janna,Sion,Rengar,Galio,Lucian,Nami
BR1_3248037058,1780439140401,2026-06-02 19:25:40,1958,0,,0.511686143572621,0,1,Shen,Vi,Ahri,TahmKench,Xerath,Vayne,Ivern,Lux,Jinx,Anivia
BR1_3249959145,1780872289424,2026-06-07 19:44:49,1562,0,,0.6019736842105263,0,1,Rumble,Graves,Viktor,Caitlyn,Soraka,Yone,Nidalee,Hwei,Senna,Sona
BR1_3248921688,1780626552498,2026-06-04 23:29:12,1429,0,,0.5501618122977346,0,1,Aatrox,Graves,Katarina,Brand,Nautilus,Vayne,Viego,Malzahar,Senna,Thresh
BR1_3247669299,1780342373709,2026-06-01 16:32:53,2039,0,0.54028360885157,0.5238095238095238,2,1,Kled,Viego,Akali,Xerath,Nautilus,Rumble,Khazix,Riven,Kaisa,Pyke
BR1_3248213545,1780489924318,2026-06-03 09:32:04,1434,0,0.5363128491620112,0.5493410592516694,1,2,Darius,Evelynn,Qiyana,Sivir,Sona,Yasuo,Khazix,Lissandra,Kaisa,Nami
BR1_3247607418,1780325057147,2026-06-01 11:44:17,1450,0,0.5596330275229358,,1,0,Ambessa,Hecarim,Zoe,Tristana,Rell,Zaahen,Graves,TwistedFate,Ezreal,Karma
BR1_3249019204,1780669229553,2026-06-05 11:20:29,1516,1,0.5527831094049904,0.5884476534296029,1,1,Irelia,Sejuani,Sylas,Yasuo,Sona,Akali,LeeSin,Taliyah,Jhin,Karma
BR1_3248389270,1780531110677,2026-06-03 20:58:30,979,0,0.5363636363636364,0.6031290011352172,1,3,Gnar,Evelynn,Cassiopeia,Jinx,Lulu,Darius,LeeSin,Annie,Yunara,Alistar
BR1_3249377725,1780752884419,2026-06-06 10:34:44,301,1,,0.5596330275229358,0,1,Yone,JarvanIV,Viktor,Ezreal,Zoe,Gnar,Ekko,TwistedFate,Jinx,Lulu
BR1_3248560988,1780575838960,2026-06-04 09:23:58,1933,0,0.5631868131868132,,1,0,Fiora,LeeSin,Hwei,Katarina,Thresh,Gangplank,Sylas,Qiyana,Kaisa,Maokai
BR1_3249213632,1780704750068,2026-06-05 21:12:30,1899,0,0.5403973509933775,0.5636648210472985,1,2,Ornn,Nasus,Xerath,Kaisa,Nautilus,Anivia,Lillia,Talon,Jinx,Seraphine
BR1_3249166579,1780698232039,2026-06-05 19:23:52,1696,0,0.5601503759398496,0.5714285714285714,1,1,Gnar,Zyra,Diana,Yunara,Milio,Vayne,Darius,Orianna,Yasuo,Karma
BR1_3247684899,1780346503236,2026-06-01 17:41:43,1662,1,0.5666666666666667,,1,0,TahmKench,DrMundo,Orianna,Vladimir,Shaco,Vayne,Aatrox,Viktor,Kaisa,Seraphine
BR1_3247992073,1780430788894,2026-06-02 17:06:28,805,0,,0.5199545929183937,0,2,Vayne,Shaco,XinZhao,Draven,Blitzcrank,Darius,RekSai,Katarina,Ashe,Nautilus
BR1_3248195781,1780466587859,2026-06-03 03:03:07,1633,0,0.5525769366504043,0.5475690646236041,3,4,Riven,Nidalee,Syndra,Ashe,Thresh,Varus,LeeSin,Katarina,Twitch,Mel
BR1_3249007458,1780665637014,2026-06-05 10:20:37,1835,0,0.5135440180586908,0.5271013354281225,1,1,Olaf,Graves,Viktor,Kaisa,Zoe,Akali,Kindred,Zed,Ezreal,Maokai
BR1_3249236328,1780707563194,2026-06-05 21:59:23,1023,1,0.5426771688722872,0.6031495459212931,4,3,Malphite,Kayn,KogMaw,Lucian,Camille,Yasuo,Briar,Yone,Swain,Xerath
BR1_3247740450,1780355349282,2026-06-01 20:09:09,1183,0,0.5661375661375662,0.5511904761904762,1,2,Irelia,Hecarim,Viktor,Draven,Karma,Yone,Talon,Akali,Twitch,Milio
BR1_3249665453,1780801740908,2026-06-07 00:09:00,1991,1,,0.5449678800856531,0,1,Zaahen,MasterYi,Lux,Sivir,Sona,Volibear,Qiyana,Veigar,KogMaw,Milio
BR1_3247996806,1780432317428,2026-06-02 17:31:57,1349,1,0.5192582025677603,0.511686143572621,1,1,Quinn,Ivern,Cassiopeia,Zeri,Nautilus,Rumble,Shyvana,Jayce,Lucian,Milio
BR1_3247905188,1780406036135,2026-06-02 10:13:56,2370,1,0.5325342465753424,0.5244444444444445,1,1,Darius,Kayn,Vladimir,Karthus,Camille,Akali,Vi,AurelionSol,Twitch,Katarina
BR1_3247581131,1780306560304,2026-06-01 06:36:00,2561,0,,0.5488029465930019,0,1,Gangplank,Nocturne,Akali,Karthus,Swain,Ahri,Ambessa,Leblanc,Sivir,Soraka
BR1_3248545959,1780559395618,2026-06-04 04:49:55,1431,0,,0.5482921928817451,0,2,Yasuo,LeeSin,Katarina,Xayah,Pyke,Pantheon,Hecarim,Diana,Sivir,Yuumi
BR1_3248214530,1780490285683,2026-06-03 09:38:05,1228,0,0.5479346408748399,0.5625342950924346,2,2,Akshan,Kayn,Zoe,Brand,Karma,Cassiopeia,LeeSin,Annie,Lucian,Nami
BR1_3248379597,1780529796189,2026-06-03 20:36:36,1552,0,,0.5928705440900562,0,1,Gangplank,Lillia,Vladimir,TahmKench,Senna,Aurora,Vi,Yasuo,Varus,Lulu
BR1_3247970646,1780425824170,2026-06-02 15:43:44,1771,1,0.5795454545454546,0.592100457883051,1,3,Jayce,Nasus,Ahri,MissFortune,Bard,Darius,Qiyana,Vladimir,Ezreal,TwistedFate
BR1_3249237555,1780707688971,2026-06-05 22:01:28,1729,0,0.5434462444771723,0.5107741420590582,1,1,Yasuo,Ambessa,Ekko,Yunara,Camille,Pantheon,Rengar,Singed,Samira,Janna
BR1_3248000379,1780432801733,2026-06-02 17:40:01,1725,0,0.5424769703172978,0.5282921236549298,1,2,Jax,Kayn,Yone,Jinx,Pyke,Nasus,MonkeyKing,Cassiopeia,Varus,Braum
BR1_3248005694,1780433966154,2026-06-02 17:59:26,19,0,0.5391304347826087,,1,0,Tryndamere,Aatrox,Malzahar,Singed,Karma,Kayle,Quinn,Anivia,Kaisa,Senna
BR1_3249181715,1780700503866,2026-06-05 20:01:43,1568,1,,0.5197172619047619,0,2,Yasuo,Aatrox,Heimerdinger,Jinx,Milio,Malphite,Shaco,Riven,Kalista,Soraka
BR1_3247641036,1780335177215,2026-06-01 14:32:57,2429,0,0.5616370710295291,0.5304054054054054,2,1,Gangplank,Graves,Orianna,Smolder,TahmKench,Yorick,Taliyah,Malzahar,Xayah,Braum
BR1_3249836345,1780856854141,2026-06-07 15:27:34,1883,1,0.5628491375536293,0.544775629112911,2,3,Riven,Zyra,Jayce,Ezreal,Sona,Gragas,Udyr,Hwei,KogMaw,Lulu
BR1_3247587556,1780316452782,2026-06-01 09:20:52,1364,1,0.558974358974359,0.5532319391634981,1,1,Jayce,JarvanIV,Malzahar,Ashe,Bard,Draven,Hecarim,Viktor,Ezreal,Zilean
BR1_3248289731,1780514093151,2026-06-03 16:14:53,1747,0,,0.5450819672131147,0,1,Jayce,LeeSin,Yasuo,Ashe,Nami,MasterYi,RekSai,Malphite,Varus,TwistedFate
BR1_3249129010,1780691869420,2026-06-05 17:37:49,1402,1,0.5193905817174516,,1,0,Olaf,Aatrox,Lissandra,Ezreal,Nami,Akali,Pantheon,Corki,Lucian,Braum
BR1_3249761008,1780843012640,2026-06-07 11:36:52,1672,1,0.5503962940732875,0.5603383576546823,3,2,Illaoi,DrMundo,Viktor,Draven,Nautilus,Ornn,Rammus,Hwei,Jinx,Janna
BR1_3247752070,1780356667927,2026-06-01 20:31:07,1583,0,,0.5243328100470958,0,1,Gragas,LeeSin,Zed,Lux,Seraphine,Aatrox,JarvanIV,Viktor,Smolder,Janna
BR1_3247793037,1780361424847,2026-06-01 21:50:24,1494,0,0.6530612244897959,0.5504736699433593,1,2,Urgot,Graves,Zed,Veigar,Senna,Gangplank,Kayn,Ryze,Zyra,Yuumi
BR1_3248908967,1780625060417,2026-06-04 23:04:20,111,1,0.5511363636363636,,1,0,Vayne,Khazix,Annie,Vladimir,Sona,Ambessa,LeeSin,Aurora,Jinx,Pantheon
BR1_3249065549,1780680609321,2026-06-05 14:30:09,1440,0,0.5424769703172978,,1,0,Gragas,Kayn,Galio,Varus,Seraphine,Aatrox,JarvanIV,Annie,Jhin,Lux
BR1_3248304068,1780516993642,2026-06-03 17:03:13,1955,0,0.5936240230357877,0.5552904124832194,2,2,Gangplank,Sylas,Naafiri,Caitlyn,Bard,Zed,Kindred,Akali,Ezreal,Karma
BR1_3249398037,1780757746639,2026-06-06 11:55:46,84,0,,0.546,0,1,Gangplank,Zed,Leblanc,Ezreal,Alistar,Malphite,Rengar,Ahri,Sivir,Janna
BR1_3247808751,1780363678374,2026-06-01 22:27:58,1387,1,,0.558974358974359,0,1,Swain,Hecarim,Quinn,Yunara,Nautilus,Malphite,Khazix,Nasus,Senna,Xerath
BR1_3248872304,1780620579296,2026-06-04 21:49:39,2214,1,0.5740236897769581,0.570746821943831,4,2,Ambessa,Udyr,Akali,Xayah,Neeko,Jax,Graves,Yone,Kaisa,Alistar
BR1_3248654241,1780594391647,2026-06-04 14:33:11,90,0,,0.5107741420590582,0,1,Pantheon,Nunu,Akali,Lucian,Camille,Renekton,Karthus,Yone,Kaisa,Swain
BR1_3249328837,1780721155923,2026-06-06 01:45:55,1796,0,,0.5531914893617021,0,1,Gnar,Karthus,Riven,Senna,MissFortune,Garen,Gragas,Veigar,Kaisa,Braum
BR1_3248701015,1780600587514,2026-06-04 16:16:27,944,0,,0.552333838001514,0,2,Quinn,JarvanIV,Ahri,Syndra,Alistar,Gangplank,Kayn,Leblanc,Kalista,Thresh
BR1_3248831681,1780616210309,2026-06-04 20:36:50,1892,0,0.610444941706799,,2,0,Jayce,JarvanIV,Talon,Mel,Nami,Singed,Naafiri,Cassiopeia,Jinx,Rakan
BR1_3249085957,1780684688546,2026-06-05 15:38:08,1873,0,0.5351351351351351,0.5271013354281225,1,1,Gangplank,Talon,Diana,Jhin,Bard,Jayce,Kayn,Yone,Seraphine,Rell
BR1_3248930903,1780627858828,2026-06-04 23:50:58,1771,0,0.5710382513661202,,1,0,KSante,Graves,Xerath,Ashe,Lulu,Singed,XinZhao,Zoe,Caitlyn,Thresh
BR1_3249170772,1780698936524,2026-06-05 19:35:36,1772,1,,0.5622710622710623,0,1,Yone,Ekko,Katarina,Yunara,Nami,KogMaw,Kayn,Qiyana,Sona,Seraphine
BR1_3247592442,1780319041436,2026-06-01 10:04:01,2091,1,,0.5118343195266272,0,1,Teemo,DrMundo,Quinn,Lucian,Senna,Gnar,Rengar,Gragas,Jhin,TwistedFate
BR1_3248962832,1780633859138,2026-06-05 01:30:59,1811,0,0.5424769703172978,0.5238095238095238,1,1,Renekton,Kayn,Taliyah,Mel,Pyke,Yasuo,Lillia,Riven,Caitlyn,Camille
BR1_3249891317,1780864024566,2026-06-07 17:27:04,1506,1,0.543450064850843,0.5658747300215983,1,1,Ornn,Udyr,Galio,Sivir,Renata,Nasus,RekSai,Lissandra,Cassiopeia,Nami
BR1_3248994561,1780658303786,2026-06-05 08:18:23,1964,1,0.5193905817174516,0.5722178907427621,1,2,Akali,MasterYi,Naafiri,Yunara,Velkoz,Garen,Talon,Kassadin,Varus,Lulu
BR1_3249871569,1780861618496,2026-06-07 16:46:58,1939,0,0.5875665117532161,0.552882850967651,2,3,Kayle,Taliyah,Nasus,Lucian,Leona,Yone,Udyr,Qiyana,Sivir,Karma
BR1_3249722759,1780821503496,2026-06-07 05:38:23,1832,0,0.5480769230769231,0.5663322185061316,1,1,Kayn,Naafiri,Kayle,Draven,Thresh,Vladimir,Talon,AurelionSol,Ezreal,Camille
BR1_3248430981,1780536170179,2026-06-03 22:22:50,2177,1,0.5955284552845529,,1,0,Singed,Graves,Sylas,Jhin,Nautilus,Darius,Gragas,Malphite,Nilah,Veigar
BR1_3249377699,1780752828914,2026-06-06 10:33:48,1797,1,0.522154648132059,0.5482093663911846,1,1,Darius,Graves,Vladimir,Yunara,Zilean,Sett,Hecarim,Yasuo,Varus,Velkoz
BR1_3248013799,1780435611719,2026-06-02 18:26:51,978,0,0.5426944971537002,,1,0,Ambessa,Rengar,Ahri,Brand,Nami,Kassadin,LeeSin,Sylas,Varus,Velkoz
BR1_3248106560,1780447994502,2026-06-02 21:53:14,1146,0,0.5424769703172978,0.5432702002574961,1,2,Gangplank,Sylas,Kayn,Ezreal,Sona,Ornn,Graves,Zed,Karthus,Pyke
BR1_3248155688,1780454344985,2026-06-02 23:39:04,2236,1,0.5710382513661202,,1,0,Akali,Rammus,Talon,Aphelios,Thresh,Gangplank,LeeSin,Ryze,Jhin,Taric
BR1_3247649588,1780337785050,2026-06-01 15:16:25,2072,1,0.5549686049686049,0.6100151745068285,2,1,Anivia,Elise,Zed,Sivir,Thresh,Quinn,Kindred,Sylas,Ziggs,Braum
BR1_3249560655,1780786536140,2026-06-06 19:55:36,2695,0,,0.6043894886080987,0,2,Gwen,LeeSin,Ryze,Caitlyn,Thresh,Yone,JarvanIV,Anivia,Yasuo,Alistar
BR1_3247997450,1780432050173,2026-06-02 17:27:30,1656,1,0.5327014218009478,0.5118343195266272,1,1,Aatrox,Karthus,Ahri,Xayah,Karma,Sion,XinZhao,Qiyana,Zyra,Nautilus
BR1_3249032417,1780673135618,2026-06-05 12:25:35,1967,1,0.5631868131868132,,1,0,Aatrox,Zyra,Poppy,Senna,Thresh,Irelia,LeeSin,Sylas,Sivir,Soraka
BR1_3249721741,1780819527507,2026-06-07 05:05:27,1141,1,0.5193905817174516,,1,0,Vayne,Ekko,Sion,Yunara,Vex,Gwen,XinZhao,Vladimir,Senna,Seraphine
BR1_3247932481,1780416288619,2026-06-02 13:04:48,1374,0,,0.5278485743619301,0,2,Malphite,Khazix,Ahri,Aphelios,Bard,Anivia,Rammus,Lux,Ezreal,Pyke
BR1_3248320463,1780520770558,2026-06-03 18:06:10,1546,1,,0.5450819672131147,0,1,Kennen,Malphite,Leblanc,Caitlyn,Rell,KSante,Sylas,Azir,Vayne,Thresh
BR1_3247770779,1780359139109,2026-06-01 21:12:19,2549,1,0.5531914893617021,0.5388646288209606,1,1,Akali,Kayn,Karthus,Yasuo,Taric,Jayce,LeeSin,Azir,Hwei,Seraphine
BR1_3248198550,1780469002793,2026-06-03 03:43:22,1607,0,0.5415073500741415,0.5612437076658136,3,5,Nasus,Kayn,Lissandra,MissFortune,Karma,Aatrox,Quinn,Yasuo,Brand,Leona
BR1_3247850028,1780369273804,2026-06-02 00:01:13,1799,0,0.5505226480836237,,1,0,Yorick,Shaco,Xerath,Ziggs,Lux,Chogath,Taliyah,Zed,Kalista,Rell
BR1_3247920846,1780412945714,2026-06-02 12:09:05,2271,1,0.6096866096866097,0.5318860244233379,1,1,Sion,Ivern,Diana,Ezreal,Bard,Darius,Karthus,Yone,Jhin,Sona
BR1_3247885757,1780386399791,2026-06-02 04:46:39,1091,1,0.5504744037786282,0.5368624957726993,2,3,Ornn,Zac,Yasuo,Vayne,Thresh,Jayce,Gwen,Kayle,Twitch,Lulu
BR1_3248551226,1780561952021,2026-06-04 05:32:32,974,1,,0.5562913907284768,0,1,Teemo,Ekko,Viktor,Lucian,Bard,Vayne,Viego,Cassiopeia,Kaisa,Janna
BR1_3249666546,1780802059588,2026-06-07 00:14:19,1832,1,0.5344295991778006,0.5485074626865671,1,1,Renekton,RekSai,Kayle,Vayne,Alistar,Jax,Hecarim,Yasuo,Jinx,Thresh
BR1_3249890233,1780863781329,2026-06-07 17:23:01,1770,1,0.5361328125,0.5192582025677603,1,1,Poppy,Karthus,Leblanc,Jhin,Pyke,Nasus,Udyr,Vladimir,Varus,Neeko
BR1_3249713706,1780813256594,2026-06-07 03:20:56,1697,1,0.5238095238095238,,1,0,Gnar,LeeSin,Riven,Swain,Karma,Darius,MasterYi,Irelia,Karthus,Pantheon
BR1_3248979596,1780640392839,2026-06-05 03:19:52,2324,1,0.5598852493038862,0.5595269124881493,2,3,Aatrox,Hecarim,Akali,Kaisa,Blitzcrank,Swain,Kindred,Chogath,Veigar,Pantheon
BR1_3249171987,1780699370239,2026-06-05 19:42:50,1635,1,0.5410943698365906,0.5507936507936508,2,1,Vayne,Nasus,Sylas,Lux,Nautilus,Sett,Naafiri,Singed,Katarina,Nami
BR1_3249868773,1780861343225,2026-06-07 16:42:23,1867,0,,0.5361328125,0,1,KSante,Diana,Yasuo,Ashe,Milio,Poppy,Quinn,Galio,Lux,Pyke
BR1_3249809164,1780852574711,2026-06-07 14:16:14,1388,0,,0.5707762557077626,0,1,Vayne,Malphite,Ziggs,Draven,Rakan,Ryze,Ezreal,Sylas,Ashe,Seraphine
BR1_3247807534,1780363340689,2026-06-01 22:22:20,1905,0,,0.5712630359212051,0,1,Gwen,LeeSin,Zed,Kaisa,Pyke,Anivia,Khazix,Malphite,Ashe,Seraphine
BR1_3247772844,1780359379485,2026-06-01 21:16:19,1440,0,0.5618556701030928,0.6743002544529262,1,1,Camille,JarvanIV,Zoe,Caitlyn,Bard,Gangplank,Rengar,Diana,Ezreal,Pyke
BR1_3249730289,1780830778226,2026-06-07 08:12:58,1474,0,,0.5631868131868132,0,1,Gangplank,Ekko,Ahri,Naafiri,Thresh,Ambessa,Shyvana,Orianna,Jhin,Nautilus
BR1_3249438803,1780766620039,2026-06-06 14:23:40,1694,1,0.5635019302492965,0.5431841831425598,2,1,Jayce,Kayn,Garen,Caitlyn,Bard,Illaoi,Quinn,Diana,Ezreal,Mel
BR1_3247957318,1780422792344,2026-06-02 14:53:12,2004,1,0.5590365047336976,,2,0,Anivia,JarvanIV,Yone,Mel,Thresh,Sion,Ekko,Kassadin,Sivir,Seraphine
BR1_3249127051,1780691699062,2026-06-05 17:34:59,1124,0,0.553255038751983,0.5650491496333281,2,2,TwistedFate,Skarner,Veigar,MissFortune,Rell,Malphite,Aatrox,Gwen,Sivir,Janna
BR1_3248567706,1780577800965,2026-06-04 09:56:40,1680,0,0.5514950166112956,0.6689655172413793,1,1,Qiyana,Rengar,Kassadin,Samira,Nautilus,AurelionSol,LeeSin,Aurora,Ezreal,Bard
BR1_3247949952,1780421285183,2026-06-02 14:28:05,2732,1,0.543450064850843,0.5962264150943396,1,1,Kennen,Udyr,Orianna,Ashe,Seraphine,Varus,Talon,Quinn,Hwei,Bard
BR1_3249705747,1780810165116,2026-06-07 02:29:25,1415,1,0.5175879396984925,,1,0,Rumble,Viego,Yasuo,Senna,Leblanc,Ornn,XinZhao,Diana,Twitch,Milio
BR1_3248780022,1780610132675,2026-06-04 18:55:32,1513,0,0.5793174177230807,0.570381411605909,2,3,Renekton,JarvanIV,Kayle,Karthus,Alistar,Nasus,LeeSin,Vladimir,Seraphine,Sona
BR1_3248289171,1780513589725,2026-06-03 16:06:29,1504,0,,0.5168661588683352,0,1,Kled,Zed,Taliyah,Caitlyn,Nami,Jax,Viego,Malphite,Ziggs,Nautilus
BR1_3247600738,1780323224243,2026-06-01 11:13:44,1648,1,0.5118343195266272,0.5562913907284768,1,1,Akali,Graves,Riven,Kaisa,Soraka,Gragas,Ekko,Kassadin,Varus,Bard
BR1_3247713308,1780351374976,2026-06-01 19:02:54,1762,0,0.5321637426900585,0.5463240073588704,1,4,KSante,MasterYi,Akali,Ezreal,Bard,Diana,LeeSin,Viego,Senna,Sona
BR1_3249279621,1780712974283,2026-06-05 23:29:34,2221,1,,0.5803402646502835,0,1,Gangplank,JarvanIV,Vex,Naafiri,Neeko,Kennen,LeeSin,Qiyana,Jinx,Rell
BR1_3249741427,1780837689022,2026-06-07 10:08:09,1256,0,,0.6249025383349216,0,2,Cassiopeia,Quinn,KSante,Lucian,Nami,Sion,LeeSin,Zed,MissFortune,Karma
BR1_3248557719,1780573242926,2026-06-04 08:40:42,1617,0,,0.5342078537576167,0,2,Shen,Vi,Karthus,Twitch,Lulu,Trundle,Jayce,Kassadin,Veigar,Senna
BR1_3249297592,1780715386779,2026-06-06 00:09:46,2264,1,0.607867668514736,0.541343669250646,2,1,Singed,MonkeyKing,Zed,Tristana,Leona,Varus,Udyr,Ahri,Jhin,Bard
BR1_3249589387,1780791315247,2026-06-06 21:15:15,3006,1,,0.5531914893617021,0,1,Zilean,Nasus,Lux,Kaisa,Soraka,Garen,Zed,Karthus,Ashe,Lulu
BR1_3249123800,1780691522149,2026-06-05 17:32:02,1495,1,0.5263929618768328,0.6689655172413793,1,1,Sion,Shyvana,Ahri,Kaisa,Rell,Quinn,LeeSin,Xerath,Naafiri,Yuumi
BR1_3249064775,1780680677929,2026-06-05 14:31:17,1722,1,0.5263929618768328,0.5646359583952452,1,1,Shen,Graves,Viktor,Sivir,Lulu,Sett,Nocturne,Vladimir,Lucian,Milio
BR1_3249376161,1780751865351,2026-06-06 10:17:45,1842,0,,0.5601503759398496,0,1,Ambessa,Sylas,Ekko,Ashe,Seraphine,Irelia,Talon,Ryze,AurelionSol,Yuumi
BR1_3247545467,1780283908858,2026-06-01 00:18:28,1119,1,0.5884476534296029,,1,0,Mordekaiser,LeeSin,Heimerdinger,Ezreal,Seraphine,Rumble,Qiyana,Quinn,Caitlyn,Karma
BR1_3249727284,1780828150977,2026-06-07 07:29:10,1912,1,,0.5536522301228184,0,2,Sion,Talon,Akali,Brand,Velkoz,Darius,RekSai,Zoe,Smolder,Mel
BR1_3248513176,1780546467516,2026-06-04 01:14:27,2021,1,0.5685358255451713,0.5373699148533586,1,1,Illaoi,JarvanIV,TwistedFate,Mel,Lux,Nasus,Ambessa,Sylas,AurelionSol,Taliyah
BR1_3249871655,1780861690036,2026-06-07 16:48:10,2087,1,0.5671386181227894,0.5380034701270786,3,2,KSante,Shaco,Zoe,Yunara,Nautilus,Gnar,Naafiri,Ziggs,Ezreal,Sona
BR1_3249468404,1780771518631,2026-06-06 15:45:18,1917,0,0.5437956204379562,,1,0,Sion,Rengar,Annie,Mel,Pantheon,Gragas,Graves,Aatrox,KogMaw,Sona
BR1_3249138303,1780693541601,2026-06-05 18:05:41,1595,1,0.5193905817174516,0.5361328125,1,1,Cassiopeia,Rengar,Pantheon,Yunara,Karma,Poppy,Udyr,Varus,AurelionSol,Seraphine
BR1_3248556004,1780570068571,2026-06-04 07:47:48,1633,1,0.5446009389671361,,1,0,Kennen,Aatrox,Vladimir,Ashe,Seraphine,Shen,LeeSin,Malzahar,Kaisa,Leona
BR1_3247719097,1780352193713,2026-06-01 19:16:33,2403,1,0.5532319391634981,,1,0,Singed,Hecarim,Zed,Varus,Rakan,Gnar,Ekko,Orianna,Ezreal,Nami
BR1_3249274557,1780712302854,2026-06-05 23:18:22,113,0,0.5328227571115973,,1,0,Jax,Rammus,Malzahar,Sivir,Braum,Teemo,MasterYi,Irelia,Vayne,Renata
BR1_3247633142,1780333042237,2026-06-01 13:57:22,1805,0,,0.5342078537576167,0,2,Ambessa,Rengar,Akali,Vayne,Anivia,Jayce,Ekko,Kassadin,Ezreal,Sona
BR1_3248290769,1780514242473,2026-06-03 16:17:22,1247,1,0.5444031285013672,0.555970324458844,2,2,Fiora,Karthus,Riven,Tristana,Blitzcrank,Renekton,MasterYi,Aurora,Vayne,Soraka
BR1_3248232475,1780498173960,2026-06-03 11:49:33,1754,1,0.5438435556559127,,2,0,Malphite,MasterYi,Yone,Mel,AurelionSol,Sylas,LeeSin,Naafiri,Vayne,Pyke
BR1_3249773010,1780845744488,2026-06-07 12:22:24,2014,1,0.5317491586913525,,2,0,Sylas,Sion,TwistedFate,Senna,Velkoz,Malphite,Nunu,Viktor,Kaisa,Janna
BR1_3248247164,1780501920998,2026-06-03 12:52:00,1723,1,0.5425322553099695,0.5427987092904201,3,2,Anivia,Graves,Zed,Twitch,Rell,Jayce,Shaco,Yasuo,Ziggs,Skarner
BR1_3248916499,1780625812117,2026-06-04 23:16:52,1589,0,,0.5511363636363636,0,1,Gangplank,Ekko,AurelionSol,Senna,Nautilus,Ryze,LeeSin,Azir,Tristana,Lulu
BR1_3247978236,1780427369039,2026-06-02 16:09:29,1789,0,0.5361328125,0.5146370416355568,1,2,Poppy,Quinn,Kassadin,Katarina,Shaco,Rumble,Nidalee,Ambessa,Viktor,Nautilus
BR1_3247955748,1780422545405,2026-06-02 14:49:05,1132,1,0.5491626442006069,0.5492180440890693,2,2,Zeri,Karthus,Lux,Tristana,Poppy,Jax,Brand,Zilean,Kaisa,Rell
BR1_3248987738,1780649503606,2026-06-05 05:51:43,1586,0,,0.504907306434024,0,1,Jayce,Udyr,Veigar,Karthus,Senna,DrMundo,Elise,Yone,Lux,Sona
BR1_3248856065,1780618716729,2026-06-04 21:18:36,1719,1,0.5803402646502835,0.5423682365687337,1,2,Varus,Sylas,Xerath,Ezreal,Camille,Anivia,Shaco,Yasuo,Kaisa,Nautilus
BR1_3248555974,1780571940245,2026-06-04 08:19:00,1926,0,0.5556980897889989,0.5568854497207223,2,2,Jax,Aatrox,Gangplank,Lucian,Rell,Riven,MasterYi,Yasuo,Ezreal,Velkoz
BR1_3248388870,1780531362641,2026-06-03 21:02:42,2143,0,,0.5519110848295882,0,2,Shen,LeeSin,Ahri,Jinx,Lulu,Zac,Ambessa,Syndra,Draven,Pyke
BR1_3249240498,1780708137191,2026-06-05 22:08:57,1477,0,0.5683203576482772,0.6450519830573739,3,2,Yone,Sylas,Anivia,Jhin,Alistar,Darius,Talon,Vladimir,Draven,Thresh
BR1_3249308275,1780716861029,2026-06-06 00:34:21,1886,1,0.5572679127725857,0.5950564389882178,2,2,Yasuo,Qiyana,Gragas,Jhin,Rell,Nasus,Talon,Akali,Karthus,Karma
BR1_3249078805,1780683243131,2026-06-05 15:14:03,1943,0,,0.5244444444444445,0,1,Aurora,Nocturne,Zed,Ezreal,Pyke,Lissandra,Talon,Cassiopeia,Varus,Lulu
BR1_3248266335,1780507840356,2026-06-03 14:30:40,929,0,,0.5263929618768328,0,1,Poppy,Khazix,Ekko,Jinx,Lulu,Garen,Riven,Lissandra,Senna,Nautilus
BR1_3249350096,1780727969381,2026-06-06 03:39:29,1725,1,,0.5328227571115973,0,1,Jax,Talon,Katarina,Corki,Nami,Kennen,Viego,Qiyana,Lucian,Blitzcrank
BR1_3249444622,1780767726642,2026-06-06 14:42:06,1227,0,0.5486322188449848,0.5617184286301933,1,2,Teemo,Lillia,Sylas,Corki,Soraka,Malphite,Naafiri,Zoe,Ezreal,Thresh
BR1_3249023687,1780670909056,2026-06-05 11:48:29,930,0,0.5560407569141194,0.5981012658227848,1,1,LeeSin,Lillia,Hwei,Caitlyn,Blitzcrank,Chogath,Nasus,Malzahar,Sivir,Soraka
BR1_3248207000,1780485575036,2026-06-03 08:19:35,1598,0,0.572289156626506,,1,0,Malphite,Talon,Vladimir,Ezreal,Soraka,XinZhao,Quinn,TahmKench,Brand,Seraphine
BR1_3249295420,1780715070955,2026-06-06 00:04:30,1862,0,,0.5450819672131147,0,1,Malphite,MonkeyKing,Zed,Hwei,Karma,Zaahen,XinZhao,Viktor,Lucian,Milio
BR1_3249068259,1780681075143,2026-06-05 14:37:55,1495,0,,0.5296610169491526,0,1,Pantheon,Vi,Ryze,Caitlyn,Thresh,Gragas,Rengar,Orianna,Samira,Alistar
BR1_3249728601,1780830124672,2026-06-07 08:02:04,1487,1,,0.5482093663911846,0,1,Shen,Tryndamere,Katarina,Jinx,Nautilus,Sion,Graves,Sylas,Ezreal,Blitzcrank
BR1_3248431023,1780535827392,2026-06-03 22:17:07,1883,1,0.5575779492124718,0.546618803806147,2,2,Kayle,Nocturne,Xerath,MissFortune,Bard,Qiyana,Graves,Ryze,Caitlyn,Karma
BR1_3247531465,1780281427877,2026-05-31 23:37:07,1836,0,,0.5135440180586908,0,1,Sion,Viego,Ekko,MissFortune,FiddleSticks,Gwen,LeeSin,TwistedFate,Smolder,Nautilus
BR1_3248461375,1780539530958,2026-06-03 23:18:50,1703,1,,0.5422535211267606,0,1,Urgot,JarvanIV,Velkoz,Ashe,Seraphine,Vayne,Diana,Yone,Jhin,Karma
BR1_3248940851,1780629397492,2026-06-05 00:16:37,2355,1,,0.5193905817174516,0,1,Gangplank,Ekko,Galio,Smolder,Rakan,Sett,Ambessa,Lux,Senna,Soraka
BR1_3249679968,1780804651215,2026-06-07 00:57:31,1534,1,0.546,0.5422535211267606,1,1,Olaf,LeeSin,Viktor,Karthus,Alistar,KSante,Nasus,Taliyah,Varus,Rakan
BR1_3247498506,1780277094007,2026-05-31 22:24:54,1156,0,0.5884476534296029,0.6358695652173914,1,1,Gwen,Ambessa,Cassiopeia,Caitlyn,Morgana,Gangplank,Graves,Ekko,Tristana,Shen
BR1_3248294129,1780514600174,2026-06-03 16:23:20,1731,1,0.6190476190476191,,1,0,Lucian,Quinn,Akali,Velkoz,Rell,Zed,Naafiri,Kayle,Samira,Nautilus
BR1_3247807276,1780363207689,2026-06-01 22:20:07,1963,0,0.554285105551906,0.5567875167370481,2,2,Gwen,Viego,Nasus,Ezreal,Karma,Naafiri,Graves,Ryze,Caitlyn,Sona
BR1_3247710840,1780351286314,2026-06-01 19:01:26,1597,1,0.5680851063829787,,1,0,Aatrox,Shaco,Taliyah,Vayne,Rakan,Gangplank,Karthus,Ekko,Aphelios,Milio
BR1_3248803481,1780613072050,2026-06-04 19:44:32,2174,1,0.5807921874538309,0.6511239414598355,2,2,Katarina,Nocturne,Viktor,MissFortune,Senna,Renekton,Shaco,Cassiopeia,Caitlyn,TwistedFate
BR1_3248599085,1780584986453,2026-06-04 11:56:26,1817,1,0.594639113507038,0.5509506864311229,2,3,Karma,Quinn,Qiyana,Veigar,Lulu,Vayne,Volibear,Yone,Varus,Rell
BR1_3247959639,1780423483838,2026-06-02 15:04:43,1660,0,0.543046357615894,,1,0,Ornn,Ekko,Aurora,Vayne,Alistar,Camille,Talon,Ahri,Ezreal,Leona
BR1_3249931078,1780868922409,2026-06-07 18:48:42,929,0,,0.5437956204379562,0,1,Kennen,Pantheon,Aurora,Lucian,Milio,Jayce,Rengar,Viktor,Hwei,Rell
BR1_3247675827,1780344260274,2026-06-01 17:04:20,2096,0,0.5710382513661202,0.5734072022160664,1,1,Camille,Evelynn,Talon,Anivia,Poppy,Darius,Elise,Ekko,Senna,Maokai
BR1_3247852375,1780369949602,2026-06-02 00:12:29,1391,0,0.5501618122977346,0.5673631147812821,1,2,Kassadin,Viego,Zed,Cassiopeia,Sona,Sion,Sylas,Yone,Jhin,Camille
BR1_3248826952,1780615794503,2026-06-04 20:29:54,695,1,,0.5361328125,0,1,Kennen,Amumu,TwistedFate,Kaisa,Maokai,Poppy,Shaco,Fizz,Lucian,Thresh
BR1_3249282337,1780713171972,2026-06-05 23:32:51,1588,1,0.5847255369928401,0.515625,1,1,Malphite,Kaisa,Nasus,Cassiopeia,Renata,Varus,MasterYi,Malzahar,Yunara,Lulu
BR1_3248668182,1780596413030,2026-06-04 15:06:53,2024,0,,0.5519305042388587,0,2,Gangplank,Vi,Kassadin,Jhin,Karma,Rumble,Nocturne,Vladimir,Ezreal,Sona
BR1_3247620607,1780330040288,2026-06-01 13:07:20,1773,0,0.522154648132059,,1,0,Darius,Aatrox,Ahri,Lucian,Nami,Jayce,Talon,AurelionSol,Ezreal,Xerath
BR1_3249763929,1780844419501,2026-06-07 12:00:19,2048,0,,0.5198647506339814,0,1,Qiyana,Khazix,Mel,Ashe,Sona,Garen,Viego,TwistedFate,Ziggs,Seraphine
BR1_3248492463,1780543287501,2026-06-04 00:21:27,1161,1,,0.6015831134564644,0,1,Renekton,Sylas,Akshan,Caitlyn,Senna,Yasuo,Malphite,Taliyah,Lucian,Nami
BR1_3249140413,1780694111943,2026-06-05 18:15:11,1746,1,0.5773007120833208,0.5350079763027672,3,3,Gnar,Khazix,Ahri,Olaf,Camille,Qiyana,Kayn,Leblanc,Senna,Alistar
BR1_3249396543,1780757988849,2026-06-06 11:59:48,1485,1,0.5244444444444445,0.5737318153067679,1,2,Tristana,Skarner,Lissandra,Jinx,Poppy,Rumble,Kayn,Kassadin,Corki,Rakan
BR1_3249315322,1780718017795,2026-06-06 00:53:37,1909,1,0.5923131230143979,0.5536091996361221,3,2,Jayce,MasterYi,Sylas,Zeri,Soraka,Ezreal,Kindred,Ahri,Jhin,Zed
BR1_3248022537,1780436869953,2026-06-02 18:47:49,1820,1,0.5426944971537002,,1,0,Zaahen,Talon,Viktor,Xayah,Nautilus,Renekton,Evelynn,Ryze,Samira,Nami
BR1_3248217456,1780491859038,2026-06-03 10:04:19,2115,1,,0.5363128491620112,0,1,Gnar,LeeSin,Chogath,Yasuo,Alistar,XinZhao,Viego,Qiyana,Brand,Nautilus
BR1_3247945520,1780419785723,2026-06-02 14:03:05,1561,1,0.6938775510204082,,1,0,Varus,MasterYi,Anivia,Sivir,Alistar,Cassiopeia,Karthus,Annie,Jhin,Pantheon
BR1_3247950161,1780420704210,2026-06-02 14:18:24,1445,1,0.572289156626506,0.66,1,1,Zeri,Skarner,Aurora,Zyra,Zilean,Riven,Talon,Vladimir,Draven,Nami
BR1_3247842077,1780367951681,2026-06-01 23:39:11,2160,0,0.5744303797468355,0.5595625379015322,2,2,Aatrox,Evelynn,Qiyana,Jhin,Alistar,Fiora,Kindred,Ekko,Ezreal,Milio
BR1_3249090811,1780685496713,2026-06-05 15:51:36,2198,0,0.5534682080924855,0.504907306434024,1,1,Gnar,Rengar,Ahri,Lucian,Braum,Anivia,Elise,Aphelios,Ezreal,Karma
BR1_3248250327,1780503325848,2026-06-03 13:15:25,1703,0,0.5631868131868132,,1,0,Pantheon,Shyvana,Diana,Ezreal,Bard,Aatrox,Rengar,Ahri,Karthus,Zoe
BR1_3248973057,1780636406472,2026-06-05 02:13:26,1520,1,0.5309337760173747,0.6024590163934426,2,1,Aurora,Kayn,Vladimir,Zeri,Lulu,Riven,Diana,Hwei,Kaisa,Camille
BR1_3249190312,1780701574094,2026-06-05 20:19:34,1293,0,0.5562913907284768,,1,0,Ambessa,Skarner,Ekko,Jinx,Nautilus,Gnar,Elise,Xerath,KogMaw,Lulu
BR1_3249047026,1780676262714,2026-06-05 13:17:42,1699,0,0.5514950166112956,,1,0,Jayce,Ekko,TwistedFate,Ezreal,Karma,Aurora,Qiyana,Kassadin,Caitlyn,Bard
BR1_3249739372,1780837175507,2026-06-07 09:59:35,1434,0,0.5556980897889989,0.5388346509433004,2,2,Jax,Talon,Yone,Xerath,Brand,Garen,JarvanIV,Riven,Karthus,Senna
BR1_3248459304,1780539043399,2026-06-03 23:10:43,1595,0,0.5304054054054054,,1,0,Yorick,Hecarim,Lux,Ashe,Sona,Vayne,Olaf,Viktor,Singed,Nami
BR1_3248365590,1780528106818,2026-06-03 20:08:26,2113,1,0.5168661588683352,,1,0,Zaahen,Viego,Viktor,Zeri,Lulu,Gnar,Rengar,Ekko,KogMaw,Maokai
BR1_3248980225,1780639998395,2026-06-05 03:13:18,1447,0,,0.5189504373177842,0,1,Malphite,LeeSin,Katarina,Yunara,Pyke,Shen,Rengar,Vladimir,Draven,Braum
BR1_3248586305,1780582585414,2026-06-04 11:16:25,1629,0,,0.5514950166112956,0,1,Zac,Nocturne,Taliyah,Jinx,Nami,Fizz,Talon,Katarina,KogMaw,Soraka
BR1_3247853365,1780370040264,2026-06-02 00:14:00,1482,1,0.5422535211267606,0.5534682080924855,1,1,Qiyana,Ekko,Xerath,Ezreal,Thresh,Lissandra,MonkeyKing,Ahri,Ashe,Seraphine
BR1_3247598643,1780321753225,2026-06-01 10:49:13,918,1,0.5118343195266272,0.5596330275229358,1,1,Yorick,LeeSin,Ekko,Lucian,Janna,Riven,Fizz,Akali,Jhin,Nami
BR1_3247751868,1780356876692,2026-06-01 20:34:36,1574,0,0.577211115924986,0.5719584586315709,2,3,Ornn,Lillia,Quinn,Lucian,Milio,Swain,JarvanIV,Annie,Caitlyn,Rell
BR1_3249052411,1780677802330,2026-06-05 13:43:22,2040,1,0.5424769703172978,0.570230607966457,1,1,Pantheon,Kayn,Nasus,Ziggs,Rell,Darius,Ivern,Qiyana,Ezreal,Elise
BR1_3248337498,1780523780816,2026-06-03 18:56:20,2126,0,0.5359920304670945,0.5721701179993303,3,4,Nasus,Taliyah,Lux,Ezreal,Thresh,Teemo,Rengar,Kayle,AurelionSol,Senna
BR1_3249366674,1780748127786,2026-06-06 09:15:27,933,0,0.6109974552168056,0.5627306756013926,2,2,Yasuo,Khazix,Ahri,Caitlyn,Karma,Riven,Graves,Katarina,Ezreal,Nami
BR1_3247687556,1780346675550,2026-06-01 17:44:35,1461,1,0.5254470426409904,,1,0,Gragas,Shaco,Taliyah,Senna,Ornn,Anivia,Ambessa,Ekko,Aphelios,Evelynn
BR1_3248552061,1780564159077,2026-06-04 06:09:19,1588,1,,0.5485074626865671,0,1,Jax,FiddleSticks,Viktor,Twitch,Alistar,Aatrox,Darius,Sylas,Karthus,Yuumi
BR1_3249561589,1780786611130,2026-06-06 19:56:51,1685,1,0.5756217504388657,0.5512524915539904,3,3,Rumble,XinZhao,Ahri,Ezreal,Sona,Yone,Nidalee,Lux,Senna,Nautilus
BR1_3248192302,1780464714867,2026-06-03 02:31:54,2045,1,0.5175879396984925,0.5238095238095238,1,1,Renekton,MasterYi,Ahri,Ezreal,Alistar,Aatrox,Naafiri,Riven,Kaisa,Nautilus
BR1_3247446356,1780271348568,2026-05-31 20:49:08,1694,1,0.5328227571115973,0.5260361317747078,1,1,Gnar,Naafiri,Sylas,Ezreal,Lux,Irelia,Aatrox,Ahri,Kaisa,Nautilus
BR1_3247708753,1780350929840,2026-06-01 18:55:29,2186,0,,0.5446009389671361,0,1,Tryndamere,Ekko,Kassadin,Ziggs,Bard,Gnar,Khazix,Annie,Jhin,Lulu
BR1_3248697678,1780600359738,2026-06-04 16:12:39,1822,1,0.5637762732142372,0.5557603242560573,2,3,Akali,Belveth,Singed,Sivir,Blitzcrank,Irelia,Kayn,TwistedFate,Ezreal,Bard
BR1_3249067632,1780681164556,2026-06-05 14:39:24,915,0,0.540796963946869,0.6096866096866097,1,1,Chogath,Kayn,Zed,Kaisa,Nami,Yasuo,Ivern,Aurora,Senna,Nautilus
BR1_3249359567,1780740694291,2026-06-06 07:11:34,2099,1,,0.504907306434024,0,1,Kayle,Talon,Draven,Karthus,Nautilus,Illaoi,Pantheon,Kassadin,Caitlyn,Elise
BR1_3247747626,1780356269369,2026-06-01 20:24:29,1291,0,0.5693656143729875,0.5470553226724628,2,2,Kayle,Brand,Smolder,Anivia,Mel,Aurora,Rengar,Galio,Ezreal,Sona
BR1_3247623621,1780330636444,2026-06-01 13:17:16,1972,0,0.5446009389671361,0.5357142857142857,1,1,Renekton,LeeSin,Yasuo,AurelionSol,Senna,Irelia,Naafiri,Kassadin,Ashe,Seraphine
BR1_3247601046,1780322236586,2026-06-01 10:57:16,1779,1,0.5945945945945946,0.5304054054054054,1,1,TwistedFate,LeeSin,AurelionSol,Sivir,Braum,Sion,Viego,Zoe,Varus,Neeko
BR1_3248084497,1780445554267,2026-06-02 21:12:34,1220,1,,0.5426978843526633,0,2,Rumble,RekSai,Zilean,Jinx,Karma,Mordekaiser,Viego,Viktor,Ezreal,Pyke
BR1_3247788288,1780361073828,2026-06-01 21:44:33,485,1,0.6164955751217376,0.5497218689006232,3,3,Gangplank,Kindred,Akshan,Ziggs,Nunu,KSante,MasterYi,Zoe,Caitlyn,Lux
BR1_3248169675,1780457178709,2026-06-03 00:26:18,925,0,,0.6304347826086957,0,1,Yorick,Nidalee,Ahri,Kaisa,Leona,Riven,Viego,TwistedFate,Ashe,Nautilus
BR1_3247700958,1780349672648,2026-06-01 18:34:32,1955,1,0.5735735735735735,,1,0,Zed,Nocturne,Ahri,Ezreal,Nami,Garen,Shaco,TwistedFate,Jhin,Bard
BR1_3248414206,1780533992981,2026-06-03 21:46:32,924,1,0.5576279598059881,0.5740585139316131,2,4,Ambessa,Graves,Zac,Seraphine,Bard,Vayne,Talon,Vladimir,Senna,Nautilus
BR1_3248571767,1780579180994,2026-06-04 10:19:40,1516,1,0.5363128491620112,,1,0,Ambessa,Nunu,Corki,Varus,Blitzcrank,Olaf,Pantheon,Kassadin,Velkoz,Sona
BR1_3249228516,1780706647889,2026-06-05 21:44:07,1824,0,0.5847255369928401,0.5380034701270786,1,2,Sion,Khazix,Katarina,Caitlyn,Zoe,TwistedFate,Kayn,Annie,Lucian,Yuumi
BR1_3247580038,1780304801980,2026-06-01 06:06:41,2030,1,0.5566725487699127,0.5434177486228174,3,2,Sylas,Graves,Yasuo,Twitch,Alistar,Malphite,Nocturne,Aurora,MissFortune,Leona
BR1_3248900112,1780623718966,2026-06-04 22:41:58,1757,1,0.6125301976528679,0.5475852272727273,3,2,TwistedFate,LeeSin,Irelia,Karthus,Neeko,Jax,Quinn,Sylas,Jhin,Bard
BR1_3248591476,1780583725246,2026-06-04 11:35:25,2188,0,0.5270655270655271,0.6498516320474778,1,1,Quinn,Rammus,Annie,Qiyana,Galio,Gragas,Rengar,Akali,Sivir,Rell
BR1_3248134951,1780451665220,2026-06-02 22:54:25,2062,1,0.5618556701030928,0.5696573118123213,1,2,Aatrox,RekSai,Leblanc,Kaisa,Nautilus,Ryze,Viego,Viktor,Ezreal,Yuumi
BR1_3247913989,1780410465689,2026-06-02 11:27:45,1591,0,,0.5798657718120805,0,1,Shen,Sylas,Yone,Brand,Soraka,Singed,Rengar,Varus,Vladimir,Blitzcrank
BR1_3248158110,1780454600674,2026-06-02 23:43:20,1935,0,0.5420160084663442,0.6112575872534143,3,2,Kalista,Naafiri,Galio,Fiora,Camille,Zaahen,Karthus,Zoe,Ezreal,Pantheon
BR1_3248060363,1780442537572,2026-06-02 20:22:17,1643,0,0.5325342465753424,,1,0,Ambessa,Kayn,Annie,Caitlyn,Poppy,Nasus,Ekko,Tristana,Jinx,Rakan
BR1_3248012018,1780434941949,2026-06-02 18:15:41,990,0,,0.522154648132059,0,1,Aatrox,Graves,Irelia,Jhin,Zilean,XinZhao,Rammus,Talon,Varus,Lux
BR1_3248223213,1780493606798,2026-06-03 10:33:26,1877,1,0.5900071047383606,0.5430861723446894,3,1,Fiora,Kayn,Anivia,Ashe,Camille,Shen,Ambessa,AurelionSol,Vayne,Gragas
BR1_3249876252,1780862128761,2026-06-07 16:55:28,1852,1,0.5304054054054054,,1,0,Riven,Taliyah,Sion,Jinx,Thresh,Smolder,Viego,Ryze,Jhin,Nautilus
BR1_3248663359,1780595628510,2026-06-04 14:53:48,1404,1,0.6102564102564103,0.5776462986029485,1,2,Akali,Naafiri,Annie,Lucian,Nami,Zed,Nidalee,Fizz,Ezreal,Soraka
BR1_3249328180,1780720535479,2026-06-06 01:35:35,2408,1,,0.5193905817174516,0,1,Kennen,Evelynn,Zoe,Twitch,Seraphine,Jax,Warwick,Xerath,Yunara,Thresh
BR1_3248051500,1780441157555,2026-06-02 19:59:17,1120,0,0.5311345793351769,0.6190476190476191,2,1,Jayce,Kindred,Chogath,Cassiopeia,Camille,Nasus,Quinn,Vladimir,Ashe,Seraphine
BR1_3248354860,1780526610182,2026-06-03 19:43:30,1819,0,,0.5627009646302251,0,1,Camille,Diana,Ahri,Jinx,Morgana,Gnar,Ekko,Singed,Caitlyn,Bard
BR1_3247879867,1780380025352,2026-06-02 03:00:25,2176,0,,0.5734072022160664,0,1,Camille,LeeSin,Aurora,Smolder,Sona,Malphite,Khazix,Lissandra,Senna,Swain
BR1_3249033094,1780672867931,2026-06-05 12:21:07,1166,1,0.5484820749022387,0.5563598759048604,2,1,Gangplank,Kayn,Orianna,Jhin,Zilean,DrMundo,Talon,Chogath,Ezreal,Janna
BR1_3248204214,1780479702964,2026-06-03 06:41:42,2010,0,,0.5340470598104186,0,2,Garen,MasterYi,Sylas,Varus,Jax,Vladimir,Zed,Aatrox,Caitlyn,Janna
BR1_3248271663,1780509287573,2026-06-03 14:54:47,919,0,0.543450064850843,,1,0,Jax,Udyr,Yone,AurelionSol,Seraphine,Fiora,XinZhao,Ahri,Ezreal,Karma
BR1_3247649077,1780337285022,2026-06-01 15:08:05,1435,0,0.5205091937765205,0.5327014218009478,1,1,Sion,Graves,Azir,Sivir,Lulu,Garen,Shaco,Ekko,Karthus,Leona
BR1_3247901093,1780403806708,2026-06-02 09:36:46,68,1,,0.6938775510204082,0,1,Kayle,Rengar,Chogath,Ezreal,Poppy,Qiyana,Zaahen,Lissandra,Senna,Rakan
BR1_3247801705,1780362695460,2026-06-01 22:11:35,77,1,0.5884476534296029,0.5449678800856531,1,1,Urgot,Graves,Katarina,Samira,Alistar,Kennen,LeeSin,Riven,Nilah,Leona
BR1_3247885293,1780383767625,2026-06-02 04:02:47,1865,1,0.5702297359095244,0.5408943066277654,3,4,Volibear,LeeSin,Ahri,Cassiopeia,Zilean,Zed,Pantheon,Lissandra,Veigar,Leona
BR1_3249412619,1780761543079,2026-06-06 12:59:03,1569,0,0.522154648132059,,1,0,Katarina,RekSai,Hwei,Yunara,Braum,Garen,Rengar,Anivia,Caitlyn,Karma
BR1_3249863049,1780860292164,2026-06-07 16:24:52,1628,0,0.5239422694448718,0.5559403634104674,3,2,Renekton,Viego,Naafiri,AurelionSol,Sona,Jayce,Ekko,Riven,Hwei,Senna
BR1_3248001242,1780432712800,2026-06-02 17:38:32,1976,0,0.504907306434024,,1,0,Irelia,Elise,Akali,Swain,Pantheon,Volibear,Malphite,Katarina,Caitlyn,Pyke
BR1_3247583708,1780313610523,2026-06-01 08:33:30,1332,0,0.572289156626506,0.5563598759048604,1,1,Aurora,Vi,Zac,Jinx,Janna,Qiyana,Ekko,Quinn,Ezreal,Zilean
BR1_3249555869,1780785812080,2026-06-06 19:43:32,1943,1,,0.5618556701030928,0,1,Sett,Ekko,Aphelios,Lucian,Rell,Varus,Gragas,Talon,Samira,Nautilus
BR1_3247506980,1780278293654,2026-05-31 22:44:53,2309,0,0.5734072022160664,0.5488029465930019,1,1,Sion,Viego,Zed,Varus,Leona,Jax,MonkeyKing,Ekko,Jhin,Braum
BR1_3248784924,1780611001053,2026-06-04 19:10:01,2085,0,0.5374505397195314,0.54806366797874,3,3,Gragas,Hecarim,Sylas,Ezreal,Karma,Chogath,Kayn,Ekko,Yunara,Neeko
BR1_3247822042,1780365009199,2026-06-01 22:50:09,1293,0,,0.5328227571115973,0,1,Singed,FiddleSticks,Diana,Ezreal,Blitzcrank,Vayne,Khazix,Ahri,Heimerdinger,Bard
BR1_3247581214,1780307148791,2026-06-01 06:45:48,1731,0,0.5463363625334358,,2,0,Ambessa,Graves,Anivia,Zeri,Janna,Irelia,Rengar,Ahri,Senna,Rell
BR1_3247543585,1780283709679,2026-06-01 00:15:09,2406,1,,0.5135440180586908,0,1,Gangplank,Quinn,Kassadin,Zac,Bard,Kled,Ekko,TwistedFate,Ezreal,Nautilus
BR1_3249308935,1780717286481,2026-06-06 00:41:26,257,1,0.5450819672131147,,1,0,Rumble,Graves,Galio,Caitlyn,Sona,TwistedFate,Diana,Zed,AurelionSol,Seraphine
BR1_3248819047,1780614685746,2026-06-04 20:11:25,1390,0,0.552952870199265,0.5994323144104803,2,2,Akali,MonkeyKing,Ryze,Smolder,Soraka,TwistedFate,Vi,Vladimir,Jhin,Rell
BR1_3249404134,1780759409808,2026-06-06 12:23:29,389,0,0.5118343195266272,0.5862068965517241,1,1,DrMundo,Nocturne,Fizz,AurelionSol,Rell,Darius,Qiyana,Nasus,KogMaw,Lulu
BR1_3249795836,1780850787650,2026-06-07 13:46:27,2279,1,0.5735735735735735,0.5443710893575335,1,2,Singed,Aatrox,Zed,Draven,Soraka,Malphite,Talon,Hwei,Karthus,Sona
BR1_3248725135,1780603569516,2026-06-04 17:06:09,1371,1,,0.5574380165289257,0,2,Aatrox,Nasus,Ryze,Kaisa,Yuumi,Shen,DrMundo,Cassiopeia,Varus,Lulu
BR1_3247624509,1780331079245,2026-06-01 13:24:39,1868,1,,0.5766423357664233,0,1,LeeSin,Brand,Lux,Quinn,Renata,Yorick,Briar,Zoe,Tristana,Nautilus
BR1_3249124869,1780691704960,2026-06-05 17:35:04,1655,0,0.5543766578249337,,1,0,Jayce,Shyvana,Anivia,Brand,Neeko,Yorick,Chogath,Katarina,MissFortune,Karma
BR1_3247572161,1780294358659,2026-06-01 03:12:38,2451,0,0.5282011615226598,0.5205091937765205,2,1,Garen,Elise,Brand,Lucian,Janna,Aatrox,Lillia,Velkoz,Senna,Alistar
BR1_3248164664,1780456336560,2026-06-03 00:12:16,912,1,,0.5368421052631579,0,1,Mordekaiser,Sylas,Irelia,Ezreal,Rell,Jax,Qiyana,Xerath,Senna,Milio
BR1_3247617739,1780328880771,2026-06-01 12:48:00,1851,0,,0.5118343195266272,0,1,Urgot,Khazix,Vladimir,Jhin,Neeko,Ambessa,Kayn,Viktor,Lucian,Nami
BR1_3249741972,1780838503823,2026-06-07 10:21:43,2012,1,,0.522154648132059,0,1,Aatrox,Lillia,Irelia,KogMaw,Senna,Jax,Shaco,Vladimir,Yunara,Janna
BR1_3249497627,1780776107063,2026-06-06 17:01:47,140,1,,0.546,0,1,Darius,XinZhao,Ahri,Jinx,Sona,Illaoi,LeeSin,Zoe,Caitlyn,Velkoz
BR1_3249132951,1780693142104,2026-06-05 17:59:02,1510,1,,0.5107741420590582,0,1,Teemo,XinZhao,Malphite,Draven,Lulu,DrMundo,Nidalee,Ahri,Ezreal,Rakan
BR1_3249121746,1780691005643,2026-06-05 17:23:25,1850,0,,0.5107741420590582,0,1,Gangplank,Karthus,Yasuo,Sivir,Lulu,Riven,Talon,Lux,Swain,Senna
BR1_3249306180,1780716460144,2026-06-06 00:27:40,1752,0,0.5712630359212051,0.607049504950495,1,2,Teemo,LeeSin,Riven,Yunara,Lulu,Kayle,RekSai,Cassiopeia,Ezreal,Poppy
BR1_3248258904,1780506252628,2026-06-03 14:04:12,1773,0,0.5346477141275634,0.5441745489611379,2,3,Tryndamere,Kayn,Syndra,Ezreal,Yuumi,Aurora,Vi,Sylas,Caitlyn,Bard
BR1_3249841370,1780857484705,2026-06-07 15:38:04,1923,1,0.5431841831425598,0.570230607966457,1,1,Renekton,LeeSin,Xerath,Yunara,Bard,Darius,Shyvana,Qiyana,Mel,Rell
BR1_3249585328,1780790620321,2026-06-06 21:03:40,1636,1,0.6024590163934426,0.535257795958185,1,2,Shen,XinZhao,TwistedFate,Caitlyn,Camille,Jax,Udyr,Irelia,Ashe,Seraphine
BR1_3249917538,1780867392443,2026-06-07 18:23:12,925,1,0.5668228215488564,0.573055631156227,2,3,KSante,Ekko,Yone,Cassiopeia,Nautilus,Ambessa,Evelynn,Talon,Vladimir,Leona
BR1_3249868389,1780861172500,2026-06-07 16:39:32,923,1,,0.515625,0,1,Singed,Vi,Lux,Zyra,Zilean,Vayne,LeeSin,Katarina,Sivir,DrMundo
BR1_3247774856,1780359684621,2026-06-01 21:21:24,1507,0,,0.5522788203753352,0,1,Urgot,Talon,Singed,Seraphine,Lulu,Rengar,LeeSin,Heimerdinger,Ziggs,Leona
BR1_3248012145,1780434994446,2026-06-02 18:16:34,94,0,0.511686143572621,0.532911419217013,1,2,Vayne,Kayn,Ekko,Lux,Thresh,Malphite,LeeSin,Yone,Swain,Zoe
BR1_3247465080,1780273243145,2026-05-31 21:20:43,925,0,0.5450819672131147,,1,0,Singed,Kayn,Mel,Varus,Alistar,Vayne,MonkeyKing,AurelionSol,Lux,Nautilus
BR1_3249014052,1780667292615,2026-06-05 10:48:12,2406,0,0.5532319391634981,,1,0,Irelia,Hecarim,Annie,Veigar,Janna,Gangplank,Graves,Chogath,Seraphine,Alistar
BR1_3248425887,1780535659428,2026-06-03 22:14:19,1919,0,,0.5901386748844376,0,1,Ambessa,Elise,Chogath,Ezreal,Rakan,Sion,MasterYi,Zoe,Lucian,Braum
BR1_3248076419,1780444552902,2026-06-02 20:55:52,1537,0,0.5399049404204044,0.5841109456378154,2,3,Riven,MasterYi,Cassiopeia,Veigar,Alistar,Kled,LeeSin,Ahri,Vladimir,Nautilus
BR1_3248419214,1780534509918,2026-06-03 21:55:09,933,0,0.5665925911228398,0.5670427142927443,2,3,Corki,Naafiri,Kayle,Karthus,Senna,Yasuo,Quinn,Ryze,Ezreal,Alistar
BR1_3248500323,1780544345656,2026-06-04 00:39:05,1617,1,0.6190476190476191,0.5435809864563287,1,2,Ornn,Quinn,Talon,Velkoz,Nami,Vayne,JarvanIV,Leblanc,Ezreal,Karma
BR1_3248755060,1780607203345,2026-06-04 18:06:43,1888,0,0.585865063265048,0.5635612845623728,3,2,Gnar,Quinn,Qiyana,Ezreal,Karma,Vayne,Diana,Annie,Kaisa,Pyke
BR1_3247715736,1780351923233,2026-06-01 19:12:03,1616,1,0.5351351351351351,,1,0,Malphite,MasterYi,Vladimir,Jhin,Thresh,Teemo,Belveth,Zed,Cassiopeia,Zoe
BR1_3249070035,1780681023368,2026-06-05 14:37:03,1727,0,0.543450064850843,0.5707762557077626,1,1,Teemo,MonkeyKing,Lux,Caitlyn,Morgana,Jayce,Nocturne,Aurora,Lucian,Nautilus
BR1_3248457005,1780538849595,2026-06-03 23:07:29,1662,0,0.5408299866131191,0.541343669250646,1,1,Jayce,Gragas,Yasuo,Soraka,Bard,Lucian,RekSai,Yone,Seraphine,Sona
BR1_3248393263,1780531589021,2026-06-03 21:06:29,1706,1,0.6055997726776652,0.5716055666325423,3,3,Renekton,MasterYi,Kayle,Viktor,Zilean,Riven,Belveth,Cassiopeia,Velkoz,Amumu
BR1_3248068242,1780443477306,2026-06-02 20:37:57,1872,0,0.5441176470588235,0.5449678800856531,1,1,LeeSin,Vi,Zoe,Velkoz,Rakan,Riven,Talon,Viktor,Xayah,Rell
BR1_3247986400,1780429418248,2026-06-02 16:43:38,1469,1,0.5660887553106622,0.5468000494653189,2,2,Jax,Talon,Qiyana,Ashe,Seraphine,Malphite,Viego,Taliyah,Zeri,Soraka
BR1_3249242990,1780708505955,2026-06-05 22:15:05,1749,1,,0.548568230575506,0,2,Volibear,LeeSin,Syndra,Jinx,Thresh,Darius,Mordekaiser,Aurora,Sivir,Pantheon
BR1_3248162138,1780455307016,2026-06-02 23:55:07,1699,0,0.5394045534150613,,1,0,Sion,Talon,Katarina,Caitlyn,Leona,Jayce,LeeSin,Pantheon,Ezreal,Camille
BR1_3248552877,1780569523908,2026-06-04 07:38:43,2315,0,,0.5362655639459383,0,3,Sion,Ambessa,Katarina,Karthus,Nami,Camille,MonkeyKing,Brand,Senna,Milio
BR1_3249527789,1780780769249,2026-06-06 18:19:29,1863,0,,0.5198647506339814,0,1,Olaf,Nidalee,Hwei,Sivir,Senna,Jax,Viego,Lissandra,Velkoz,Soraka
BR1_3249707913,1780811605129,2026-06-07 02:53:25,2012,1,,0.5379154365315755,0,2,Riven,Quinn,Annie,Lucian,Milio,Jax,Talon,Katarina,Varus,Karma
BR1_3249784333,1780848275101,2026-06-07 13:04:35,2072,0,0.5631868131868132,0.5935506677140613,1,2,XinZhao,Aatrox,Lissandra,Lux,Pyke,Volibear,Talon,Zed,Vladimir,Mel
BR1_3248323724,1780521114063,2026-06-03 18:11:54,1513,1,,0.5666666666666667,0,1,Akali,Chogath,TwistedFate,Lucian,Milio,Aatrox,Talon,Malzahar,Ezreal,Karma
BR1_3249162665,1780697696613,2026-06-05 19:14:56,347,0,0.5935483870967742,0.6187506713932753,1,2,Teemo,Kayn,Kassadin,Varus,Neeko,Malphite,Talon,Vladimir,Jinx,Sona
BR1_3249041478,1780675208238,2026-06-05 13:00:08,1880,0,,0.5624702179352669,0,2,Senna,Khazix,Fizz,Ashe,Nami,Ornn,Talon,Malzahar,Ezreal,Karma
BR1_3247694735,1780348379060,2026-06-01 18:12:59,1388,1,,0.556902276604722,0,2,Akali,Udyr,Quinn,Jinx,Karma,Renekton,Rammus,Viktor,Zeri,Lulu
BR1_3247675474,1780343931786,2026-06-01 16:58:51,925,0,,0.5532319391634981,0,1,Gangplank,Naafiri,Mel,Ashe,Seraphine,Urgot,Hecarim,Yone,Brand,Nami
BR1_3249267447,1780711385403,2026-06-05 23:03:05,1580,0,0.5403973509933775,0.5798657718120805,1,1,TahmKench,Khazix,Viktor,Jinx,Karma,Kayle,Shaco,Yasuo,Vladimir,Sona
BR1_3249321421,1780719210246,2026-06-06 01:13:30,74,1,0.5424769703172978,0.5938864628820961,1,1,Jax,Kayn,Gragas,Kaisa,Nautilus,Aurora,Naafiri,Ahri,Ezreal,Braum
BR1_3248206293,1780481568467,2026-06-03 07:12:48,1203,1,0.5884476534296029,0.5363636363636364,1,1,Shen,LeeSin,Akali,Lux,Senna,Kassadin,Graves,Mel,Jhin,Nami
BR1_3247601755,1780323317786,2026-06-01 11:15:17,2020,0,,0.5296610169491526,0,1,Camille,Gragas,Sylas,AurelionSol,Mel,Briar,FiddleSticks,Syndra,Ashe,Seraphine
BR1_3248886566,1780622211625,2026-06-04 22:16:51,920,0,0.5590130246557934,0.6108139420232697,3,2,Lucian,Hecarim,Viktor,Brand,Sona,Jayce,Belveth,Akali,Karthus,Thresh
BR1_3247940563,1780418659947,2026-06-02 13:44:19,1798,1,,0.5446009389671361,0,1,Ryze,Vi,Quinn,Varus,Neeko,Pantheon,RekSai,Anivia,Lucian,Milio
BR1_3247485445,1780275569864,2026-05-31 21:59:29,1449,0,0.5168661588683352,0.5712630359212051,1,1,Riven,Naafiri,Ahri,Ashe,Thresh,Malphite,Udyr,Aurora,Brand,Pyke
BR1_3249167265,1780698300759,2026-06-05 19:25:00,1916,1,0.5562913907284768,,1,0,KSante,Lillia,Veigar,Ashe,Sona,Kayle,Kindred,XinZhao,Tristana,Leona
BR1_3248571886,1780579332930,2026-06-04 10:22:12,2177,1,,0.5631868131868132,0,1,AurelionSol,MasterYi,Riven,Jhin,Karma,Illaoi,Quinn,Orianna,Smolder,Lulu
BR1_3248033925,1780439065695,2026-06-02 19:24:25,1703,0,0.5438914027149321,0.5363636363636364,1,1,Qiyana,Gragas,Yasuo,Ezreal,Katarina,Jayce,Nocturne,Annie,Twitch,Rell
BR1_3249143784,1780694858624,2026-06-05 18:27:38,1319,0,0.5238095238095238,0.5618556701030928,1,1,Riven,Talon,Lissandra,Yunara,Thresh,Briar,Kayn,Akshan,Kaisa,Rengar
BR1_3249881454,1780862808062,2026-06-07 17:06:48,1277,0,0.522154648132059,0.546,1,1,Warwick,Viego,Ekko,Sivir,Thresh,Jayce,Zac,Akali,Draven,Blitzcrank
BR1_3248153857,1780454334858,2026-06-02 23:38:54,1572,1,0.5450819672131147,0.5351351351351351,1,1,Jax,LeeSin,Akali,Hwei,Leona,Gangplank,Hecarim,Ahri,Kaisa,Mel
BR1_3248856235,1780618785204,2026-06-04 21:19:45,1604,0,0.6498516320474778,0.5955832066606307,1,2,Teemo,Nunu,Nasus,Sivir,Janna,Gwen,Vi,Zoe,Lucian,Camille
BR1_3248136649,1780451825517,2026-06-02 22:57:05,2054,0,0.5710382513661202,,1,0,Aatrox,Ekko,Talon,Kaisa,Heimerdinger,Renekton,Kayn,TwistedFate,Ezreal,Zilean
BR1_3247916773,1780411425159,2026-06-02 11:43:45,1473,0,,0.5446009389671361,0,1,Sion,Talon,Mel,Velkoz,Milio,Malphite,Khazix,Irelia,Jhin,Thresh
BR1_3248402967,1780532926415,2026-06-03 21:28:46,1669,0,0.6298498517443694,0.5403241593204272,2,4,Jayce,XinZhao,TwistedFate,Vayne,Rakan,Poppy,Ekko,Qiyana,Kaisa,Alistar
BR1_3249349575,1780728500867,2026-06-06 03:48:20,1481,1,0.5198647506339814,0.5853994490358126,1,1,Gangplank,Nunu,Viego,Zyra,Poppy,TahmKench,Rengar,Xerath,Sivir,Camille
BR1_3249332854,1780722192125,2026-06-06 02:03:12,1424,0,,0.6041131105398457,0,1,Smolder,Kayn,Katarina,Zeri,Nautilus,Singed,Lillia,Zed,Ashe,Blitzcrank
BR1_3248212367,1780489432824,2026-06-03 09:23:52,1557,0,,0.5446009389671361,0,1,Ambessa,RekSai,Quinn,Xerath,Karma,Anivia,MasterYi,Ahri,Olaf,Rell
BR1_3248541202,1780554198825,2026-06-04 03:23:18,1481,0,,0.5631868131868132,0,1,Yasuo,Lillia,Viktor,Lucian,Nami,Renekton,Vi,Chogath,Nilah,Rell
BR1_3249171721,1780699181974,2026-06-05 19:39:41,1467,0,0.5244444444444445,0.5486322188449848,1,1,Varus,Khazix,AurelionSol,Aphelios,Thresh,Vladimir,Naafiri,Anivia,Ashe,Milio
BR1_3248544922,1780558082005,2026-06-04 04:28:02,930,0,,0.5403057319368619,0,3,Quinn,Diana,Yasuo,Jhin,Xerath,Jax,Hecarim,Kayle,Karthus,Nautilus
BR1_3248293833,1780515147666,2026-06-03 16:32:27,1414,1,0.5423682365687337,0.5449678800856531,2,1,Gangplank,Elise,Syndra,Ezreal,Karma,Riven,Aatrox,Kassadin,Lucian,Sona
BR1_3248567494,1780577493882,2026-06-04 09:51:33,1155,0,0.5363128491620112,,1,0,Gragas,Rengar,XinZhao,Varus,Yuumi,Sion,Quinn,Kassadin,Xerath,Soraka
BR1_3249736587,1780836074380,2026-06-07 09:41:14,1333,0,0.5198647506339814,0.66,1,1,Riven,Viego,Cassiopeia,Kaisa,Maokai,Ambessa,JarvanIV,Vladimir,Varus,Seraphine
BR1_3247477057,1780274475758,2026-05-31 21:41:15,1877,0,0.5450819672131147,,1,0,Ornn,Rengar,AurelionSol,Yunara,Janna,Malphite,Hecarim,Anivia,Karthus,Nautilus
BR1_3248517851,1780547770815,2026-06-04 01:36:10,1849,0,,0.5270655270655271,0,1,Yunara,Talon,Zoe,Jhin,Lux,Yasuo,Warwick,TwistedFate,Ashe,Thresh
BR1_3247879345,1780378684587,2026-06-02 02:38:04,1851,0,0.5846099855131341,0.5445763888292435,3,3,Quinn,Graves,Xerath,Lucian,Milio,Aurora,Nocturne,Lissandra,Ashe,Seraphine
BR1_3247495931,1780276829409,2026-05-31 22:20:29,1164,0,0.5552439444740388,0.624,2,1,Anivia,Kayn,Ryze,Corki,Nautilus,Aurora,Skarner,Quinn,Lux,Leona
BR1_3247561862,1780289095363,2026-06-01 01:44:55,1824,0,0.558505546828981,0.5716472738368031,2,3,Mordekaiser,Kindred,Annie,Ezreal,Ashe,Olaf,LeeSin,Akali,Samira,Nami
BR1_3247776854,1780359924899,2026-06-01 21:25:24,1743,1,0.5724183047473893,0.6909871244635193,2,1,Zed,Naafiri,Malzahar,Aphelios,Nautilus,Irelia,LeeSin,Katarina,Caitlyn,Bard
BR1_3248242468,1780501042721,2026-06-03 12:37:22,1968,1,0.5720246734397678,0.6440065681444992,2,2,Ambessa,XinZhao,Diana,Kaisa,Nautilus,Olaf,Quinn,Akali,Ezreal,Bard
BR1_3247668494,1780342527028,2026-06-01 16:35:27,1822,0,0.5439759244246893,0.5442641058451435,4,2,Camille,Quinn,Syndra,Ezreal,Karma,Jayce,MonkeyKing,Ekko,Hwei,Velkoz
BR1_3249419914,1780763092406,2026-06-06 13:24:52,1949,0,,0.5562913907284768,0,1,Yone,Briar,Ekko,Jinx,Thresh,Jayce,Udyr,TwistedFate,Sivir,Nami
BR1_3249215724,1780705152816,2026-06-05 21:19:12,1236,1,,0.504907306434024,0,1,Camille,Kayn,Ahri,Senna,Galio,Nasus,Briar,Kayle,Ezreal,Zyra
BR1_3248198183,1780467542563,2026-06-03 03:19:02,1874,0,,0.5184678880924569,0,2,Gnar,Ivern,Talon,Samira,Nautilus,Gangplank,Elise,Anivia,Ezreal,Nami
BR1_3247888080,1780387622649,2026-06-02 05:07:02,1566,0,,0.6358695652173914,0,1,XinZhao,LeeSin,Zoe,Senna,Rakan,Karthus,Graves,Ahri,Jinx,Lulu
BR1_3247578092,1780299218037,2026-06-01 04:33:38,1989,1,0.558667676003028,,1,0,Kayle,LeeSin,Katarina,AurelionSol,Nautilus,Gangplank,Sylas,Zed,Varus,Rakan
BR1_3247935112,1780416408371,2026-06-02 13:06:48,2215,0,,0.5270655270655271,0,1,Belveth,Hecarim,Chogath,Syndra,Sona,Ambessa,Brand,Taliyah,Varus,Senna
BR1_3248937130,1780628507940,2026-06-05 00:01:47,1592,0,0.5486322188449848,0.5685358255451713,1,1,Garen,Evelynn,Ryze,Ezreal,Soraka,Jayce,Sylas,Lux,Senna,Janna
BR1_3247591253,1780318079354,2026-06-01 09:47:59,1777,1,,0.572289156626506,0,1,Gragas,Talon,Xerath,Sivir,Nautilus,Vayne,Khazix,Syndra,Nilah,Leona
BR1_3248129364,1780450766674,2026-06-02 22:39:26,1355,0,,0.5501778717261292,0,2,Singed,JarvanIV,Katarina,Jinx,Neeko,Aatrox,LeeSin,Kayle,Yunara,Sylas
BR1_3248297941,1780516089093,2026-06-03 16:48:09,914,1,0.5629026146267526,0.5453958405478997,2,3,Riven,Viego,Ahri,Karthus,Lulu,Irelia,Rengar,Zoe,Seraphine,Sona
BR1_3248097913,1780447239456,2026-06-02 21:40:39,1585,0,0.5107741420590582,0.5118343195266272,1,1,Sion,Brand,Hwei,Caitlyn,Alistar,KSante,JarvanIV,Aurora,Kaisa,Rell
BR1_3248067722,1780443379133,2026-06-02 20:36:19,1125,0,0.5373699148533586,0.5884476534296029,1,1,Teemo,JarvanIV,Viktor,Kalista,Nautilus,Aatrox,Kayn,Singed,Caitlyn,Senna
BR1_3247584525,1780313921772,2026-06-01 08:38:41,1848,0,,0.522154648132059,0,1,DrMundo,Kayn,Yasuo,Cassiopeia,Nami,Gwen,Ekko,Sylas,Yunara,Milio
BR1_3247566970,1780291702737,2026-06-01 02:28:22,1113,0,0.545816733067729,0.5569155701363382,1,2,Poppy,Nocturne,Yasuo,Varus,Rell,Riven,XinZhao,Katarina,Jinx,Lulu
BR1_3249519502,1780779365054,2026-06-06 17:56:05,922,0,,0.5441176470588235,0,1,Poppy,Ambessa,Ryze,Ashe,Leona,Gnar,LeeSin,Ahri,Syndra,Sona
BR1_3247949489,1780420809577,2026-06-02 14:20:09,1680,1,0.5519736528089352,0.5567073955545083,2,2,Garen,Aatrox,Annie,Jhin,Sona,Qiyana,JarvanIV,Katarina,Zeri,Nami
BR1_3249658232,1780800721290,2026-06-06 23:52:01,2004,1,0.515625,,1,0,Shen,Darius,Zed,Jinx,Malzahar,Zilean,MasterYi,Pantheon,Senna,Sona
BR1_3247894685,1780400515799,2026-06-02 08:41:55,1452,0,0.554639175257732,0.5357142857142857,1,1,Chogath,Ekko,Yone,Jhin,Velkoz,Jax,Ambessa,Kassadin,Ashe,Mel
BR1_3248559138,1780572532419,2026-06-04 08:28:52,1943,1,0.522154648132059,,1,0,Galio,Graves,Malphite,Yunara,Sona,Rumble,Quinn,LeeSin,Seraphine,Skarner
BR1_3248719766,1780603145170,2026-06-04 16:59:05,1569,0,0.5514950166112956,0.5862068965517241,1,1,Mordekaiser,MasterYi,Yasuo,Ezreal,Rakan,Garen,Talon,Galio,Kaisa,Yuumi
BR1_3248283488,1780512127797,2026-06-03 15:42:07,2000,1,0.5520094940428816,0.5792260862313402,3,2,Yasuo,Nocturne,Sylas,Brand,Sona,Irelia,Khazix,Zilean,Samira,Alistar
BR1_3247891269,1780393889235,2026-06-02 06:51:29,1607,0,0.6150952000912097,0.5495440592271579,2,2,Darius,MasterYi,Viktor,MissFortune,Rell,Pantheon,Evelynn,Yasuo,Caitlyn,Alistar
BR1_3248376798,1780529748632,2026-06-03 20:35:48,1376,0,0.5797101449275363,0.6103511228413648,1,3,Sion,Shaco,Orianna,Yunara,Soraka,Darius,MasterYi,Xerath,Ashe,Karthus
BR1_3249543177,1780782960380,2026-06-06 18:56:00,1395,1,,0.5458392882304395,0,2,Mordekaiser,LeeSin,AurelionSol,Viktor,Thresh,Gangplank,XinZhao,Ryze,Lucian,Milio
BR1_3247977621,1780427679646,2026-06-02 16:14:39,1520,0,0.504907306434024,0.5192582025677603,1,1,Riven,Elise,Mel,Karthus,Rakan,Renekton,JarvanIV,Ryze,Vayne,Leona
BR1_3247611999,1780327221370,2026-06-01 12:20:21,1899,1,,0.5205091937765205,0,1,Vayne,Taliyah,Kassadin,Varus,Pyke,Fiora,Udyr,Tryndamere,Ezreal,Skarner
BR1_3249965660,1780873354261,2026-06-07 20:02:34,1897,0,,0.6498516320474778,0,1,Jax,Nasus,AurelionSol,Ashe,Sona,Gangplank,Ekko,Yone,Veigar,Yuumi
BR1_3249374373,1780751270769,2026-06-06 10:07:50,1664,0,,0.5486920241860633,0,2,Irelia,Evelynn,Qiyana,Ashe,Seraphine,Vladimir,Zaahen,Yone,KogMaw,Milio
BR1_3249004240,1780664278122,2026-06-05 09:57:58,1248,1,0.6019736842105263,,1,0,Yone,Zed,Sylas,Kaisa,Kalista,Riven,Udyr,Talon,Yunara,Yuumi
BR1_3248185064,1780460907200,2026-06-03 01:28:27,933,1,0.5710382513661202,0.559111103073705,1,2,Gragas,Naafiri,Talon,Karthus,Morgana,Ryze,Viego,Nasus,Cassiopeia,Nautilus
BR1_3247943405,1780419044429,2026-06-02 13:50:44,1790,1,,0.5697493996675081,0,2,Varus,JarvanIV,Zoe,Lucian,Nami,Quinn,Vi,Kassadin,Jhin,Nautilus
BR1_3247578362,1780300940442,2026-06-01 05:02:20,2223,1,,0.5198647506339814,0,1,Malphite,LeeSin,Nasus,Ezreal,Yuumi,Teemo,Graves,Taliyah,Sivir,Zoe
BR1_3247756888,1780357531590,2026-06-01 20:45:31,1760,1,,0.5270655270655271,0,1,Rumble,Nunu,TwistedFate,Jinx,Seraphine,Malphite,LeeSin,Mel,Yunara,Milio
BR1_3248292770,1780514926267,2026-06-03 16:28:46,1415,0,,0.5824634655532359,0,1,XinZhao,Nocturne,Chogath,Varus,Sona,Darius,Nunu,AurelionSol,Jinx,Lulu
BR1_3247659970,1780340661373,2026-06-01 16:04:21,1708,0,,0.5321637426900585,0,1,Vayne,Aatrox,Singed,Mel,Leblanc,Ekko,Sion,Fizz,Sivir,Braum
BR1_3248667533,1780596298241,2026-06-04 15:04:58,1361,0,,0.5478424015009381,0,1,Gwen,Naafiri,Tristana,Yunara,Milio,Ornn,Ekko,Talon,Lucian,Nami
BR1_3248574052,1780579326959,2026-06-04 10:22:06,1432,0,0.5251360037726309,0.5781272220283138,2,4,Teemo,LeeSin,Yasuo,Yunara,Karma,Darius,Ekko,Zed,Varus,Camille
BR1_3247707407,1780350449281,2026-06-01 18:47:29,1788,1,0.511686143572621,0.5408299866131191,1,1,Rumble,Nunu,Yasuo,Ezreal,Nautilus,Jayce,Khazix,Lux,Jhin,Sona
BR1_3248541531,1780554914430,2026-06-04 03:35:14,1473,1,0.5426944971537002,,1,0,Riven,Ambessa,Zac,Brand,Nami,Irelia,Quinn,Ekko,Ziggs,Anivia
BR1_3247542134,1780283258007,2026-06-01 00:07:38,929,1,0.5532503457814661,0.5401444521643588,1,2,Fiora,Zaahen,Zed,Brand,Rell,Smolder,Amumu,Annie,Ashe,Alistar
BR1_3247576464,1780300482885,2026-06-01 04:54:42,1496,0,,0.5514950166112956,0,1,KSante,RekSai,TwistedFate,Kalista,Swain,Olaf,MasterYi,Katarina,Varus,Pyke
BR1_3248083972,1780445449598,2026-06-02 21:10:49,1119,1,0.570230607966457,0.5480769230769231,1,1,Poppy,Sejuani,Qiyana,Caitlyn,Nami,Kayle,Graves,Orianna,Zeri,Alistar
BR1_3248591340,1780583619521,2026-06-04 11:33:39,1906,1,0.5118343195266272,,1,0,Kayle,Diana,Riven,Ashe,Seraphine,Vi,Zed,Zoe,Kennen,Heimerdinger
BR1_3247697158,1780348466042,2026-06-01 18:14:26,1722,0,,0.5422535211267606,0,1,Gragas,Vi,Viktor,Kalista,Pyke,Yorick,Khazix,Aurora,Swain,Senna
BR1_3248193864,1780466420565,2026-06-03 03:00:20,1748,0,,0.545816733067729,0,1,Gragas,Viego,Katarina,Ezreal,Blitzcrank,Rumble,Sejuani,Yasuo,Zeri,Lulu
BR1_3249207612,1780704078767,2026-06-05 21:01:18,1356,1,,0.5192582025677603,0,1,Ornn,Kindred,Ekko,Lux,Nautilus,Yorick,LeeSin,TwistedFate,Ashe,Seraphine
BR1_3249746929,1780840172876,2026-06-07 10:49:32,1540,0,,0.5446009389671361,0,1,Gwen,Nidalee,Ahri,Draven,Janna,Malphite,Briar,Annie,Nilah,Braum
BR1_3247587337,1780315872838,2026-06-01 09:11:12,1355,0,0.5280748663101604,0.5376187492105142,1,4,Quinn,Naafiri,Jayce,Veigar,Milio,Renekton,Elise,Velkoz,Ezreal,Seraphine
BR1_3248465506,1780540032604,2026-06-03 23:27:12,1939,0,,0.6304347826086957,0,1,Gangplank,Taliyah,Ahri,Vayne,Braum,Riven,Viego,Katarina,Karthus,Nautilus
BR1_3247898236,1780402244736,2026-06-02 09:10:44,1613,0,0.554639175257732,0.5271013354281225,1,1,Garen,Shaco,Xerath,Vladimir,Rakan,Gnar,Viego,Zed,Seraphine,Karma
BR1_3247496226,1780276756570,2026-05-31 22:19:16,1969,0,,0.5424769703172978,0,1,Udyr,Graves,Quinn,Ezreal,Soraka,Darius,Diana,Vex,Lucian,Milio
BR1_3249265639,1780711151653,2026-06-05 22:59:11,1579,1,0.546,,1,0,Yasuo,LeeSin,Ziggs,Caitlyn,Milio,Malphite,Rengar,Katarina,Mel,Pantheon
BR1_3249721564,1780818832921,2026-06-07 04:53:52,940,1,,0.6244343891402715,0,1,Garen,JarvanIV,Akali,Yasuo,Zac,Renekton,Sejuani,Syndra,Xayah,Rakan
BR1_3248258997,1780506377867,2026-06-03 14:06:17,919,0,,0.5263929618768328,0,1,Fiora,Quinn,Kassadin,Caitlyn,Nautilus,Shen,Khazix,Katarina,Lucian,Leona
BR1_3249013498,1780667717532,2026-06-05 10:55:17,2573,0,,0.5631868131868132,0,1,Yorick,Pantheon,Zed,Katarina,Leona,Malphite,Nocturne,Akali,Karthus,Alistar
BR1_3247547148,1780284205240,2026-06-01 00:23:25,2151,0,0.5685358255451713,0.5502931786021029,1,4,Varus,Nocturne,AurelionSol,Yasuo,Nautilus,Jax,Naafiri,Cassiopeia,Xayah,Xerath
BR1_3248763290,1780608283715,2026-06-04 18:24:43,2236,0,0.5766423357664233,0.543046357615894,1,1,Varus,Shaco,Galio,Jinx,Thresh,Aatrox,Kayn,TwistedFate,Veigar,Lux
BR1_3247856991,1780371389660,2026-06-02 00:36:29,916,1,0.5328227571115973,,1,0,Ambessa,Qiyana,Sylas,Seraphine,Karma,Naafiri,Lillia,Xerath,Yunara,Lulu
BR1_3248574100,1780579417011,2026-06-04 10:23:37,2133,1,,0.546,0,1,Gangplank,Lillia,Yasuo,Brand,Thresh,Jayce,Graves,Akshan,AurelionSol,Seraphine
BR1_3247961230,1780423685384,2026-06-02 15:08:05,2139,0,0.5522788203753352,0.5606585227732384,1,2,Gangplank,Zed,Ahri,Corki,Sona,Sion,Hecarim,Azir,Aphelios,Lulu
BR1_3249787815,1780849294774,2026-06-07 13:21:34,1828,0,0.5318860244233379,,1,0,Poppy,Amumu,Nasus,Zyra,Janna,Jayce,LeeSin,Kassadin,Jhin,Taric
BR1_3247883214,1780381090963,2026-06-02 03:18:10,1453,0,0.5243328100470958,0.5884476534296029,1,1,Olaf,Vi,Xerath,Twitch,Lulu,Sett,LeeSin,Ahri,Ashe,Braum
BR1_3248322743,1780521118931,2026-06-03 18:11:58,1430,1,,0.5797101449275363,0,1,Shen,Khazix,Kayle,Jinx,Nami,Jayce,JarvanIV,Riven,Twitch,Lulu
BR1_3247529999,1780281336260,2026-05-31 23:35:36,1815,0,0.5486322188449848,0.5424769703172978,1,1,Sett,Khazix,Ryze,Twitch,Anivia,KSante,Kayn,Katarina,Lucian,Nami
BR1_3247623333,1780330285601,2026-06-01 13:11:25,1265,1,0.560261515463905,0.5724102359322485,4,3,Volibear,Kayn,Lux,Mel,Bard,Fiora,Nidalee,Qiyana,Tristana,Nautilus
BR1_3249366628,1780747987052,2026-06-06 09:13:07,1677,0,0.570230607966457,0.5631868131868132,1,1,Yorick,Briar,Vladimir,AurelionSol,Pyke,Zed,LeeSin,Akali,Singed,Brand
BR1_3249304204,1780716226774,2026-06-06 00:23:46,2186,1,,0.5118343195266272,0,1,Katarina,Nocturne,Anivia,Yunara,Nami,XinZhao,Olaf,Ahri,Varus,Lulu
BR1_3248886790,1780622337533,2026-06-04 22:18:57,1981,0,,0.5257855530029636,0,2,Yone,Taliyah,TwistedFate,Kaisa,Leona,Ryze,Kayn,Diana,Lucian,Milio
BR1_3248822425,1780615135580,2026-06-04 20:18:55,1226,1,0.5981308411214953,0.5383345479534877,1,3,Olaf,Naafiri,Akali,Ezreal,Bard,Annie,LeeSin,Ornn,Brand,Leona
BR1_3248310825,1780518734115,2026-06-03 17:32:14,1830,1,0.5666666666666667,0.5797101449275363,1,1,Ambessa,DrMundo,Riven,Twitch,Pyke,Camille,XinZhao,Yone,Hwei,Nautilus
BR1_3247640427,1780335557545,2026-06-01 14:39:17,220,0,0.5254470426409904,0.5945512293058619,1,2,Ambessa,Talon,TwistedFate,Smolder,Rakan,Riven,Aatrox,Sylas,Ashe,Leona
BR1_3249372376,1780750672681,2026-06-06 09:57:52,1795,1,,0.5596330275229358,0,1,Irelia,Hecarim,Ezreal,Draven,Brand,LeeSin,Shaco,Fizz,Varus,Senna
BR1_3249044183,1780675811055,2026-06-05 13:10:11,1981,1,0.5962264150943396,0.5516859455594709,1,2,Renekton,Talon,Syndra,Kled,Swain,Corki,Aatrox,Xerath,Lux,Sona
BR1_3247489817,1780276169566,2026-05-31 22:09:29,1713,0,0.5205091937765205,0.5533184390188282,1,2,Ornn,Sylas,Swain,Brand,Seraphine,Volibear,Khazix,Kayle,Ezreal,Karma
BR1_3247686744,1780346695967,2026-06-01 17:44:55,2135,0,,0.5285171159240218,0,2,Ambessa,Ekko,Lissandra,Vayne,Senna,Camille,Karthus,Zed,Seraphine,Nami
BR1_3249895128,1780864431145,2026-06-07 17:33:51,1812,0,,0.522154648132059,0,1,Anivia,Graves,XinZhao,Ezreal,Alistar,Aatrox,Shaco,Kassadin,Kaisa,Seraphine
BR1_3248186688,1780461927062,2026-06-03 01:45:27,1889,1,,0.5344295991778006,0,1,Illaoi,MasterYi,Zed,Ashe,Braum,Akali,Naafiri,Ambessa,Jinx,Leona
BR1_3247608021,1780325112416,2026-06-01 11:45:12,1352,0,0.5578660062889758,0.6952789699570815,3,1,Riven,Hecarim,Kayle,Lucian,Nami,Teemo,Graves,Vladimir,Ezreal,Camille
BR1_3249721938,1780820515841,2026-06-07 05:21:55,960,0,,0.5514950166112956,0,1,Yorick,Zed,Ahri,Tristana,Yuumi,Yone,Quinn,TwistedFate,Samira,Pyke
BR1_3249230904,1780706974951,2026-06-05 21:49:34,2333,0,0.5344295991778006,,1,0,Renekton,Taliyah,Galio,Caitlyn,Karma,Riven,Diana,Anivia,Jhin,Zoe
BR1_3249677214,1780803475256,2026-06-07 00:37:55,1559,1,0.542145623355557,0.5604733642154025,3,2,Riven,Kayn,Sylas,Lucian,Nami,Malphite,Shyvana,Pantheon,Brand,Senna
BR1_3248433371,1780536317475,2026-06-03 22:25:17,1794,1,0.6114654089866303,0.5516944768061983,4,3,Gnar,Udyr,Cassiopeia,Kaisa,Nautilus,Viktor,MonkeyKing,Vayne,Velkoz,Neeko
BR1_3247847757,1780369120228,2026-06-01 23:58:40,1973,0,0.5767287524579419,0.5304054054054054,2,1,KSante,Hecarim,Orianna,Kaisa,Rakan,Quinn,Vi,Ahri,Ashe,Seraphine
BR1_3247451098,1780271685487,2026-05-31 20:54:45,1778,0,,0.5403973509933775,0,1,Mordekaiser,Rengar,Syndra,Ezreal,Yuumi,Naafiri,Kayn,Viktor,Brand,Sona
BR1_3249176853,1780699953886,2026-06-05 19:52:33,1446,0,,0.5898177805291631,0,2,Ornn,Olaf,Orianna,Jhin,Maokai,Udyr,Talon,Akali,Kaisa,Bard
BR1_3247645806,1780337024352,2026-06-01 15:03:44,1660,1,0.5543766578249337,,1,0,Sion,MonkeyKing,Annie,Cassiopeia,Vex,Varus,Hecarim,Yasuo,Seraphine,Rakan
BR1_3247606248,1780324226497,2026-06-01 11:30:26,1363,0,0.5609272445949206,0.5798657718120805,2,1,Jax,LeeSin,Kassadin,Xayah,Rakan,Jayce,Naafiri,Irelia,Vladimir,Nami
BR1_3249521281,1780779492761,2026-06-06 17:58:12,1355,0,0.582635424091233,0.5584428697643389,2,2,Riven,LeeSin,Mel,Jhin,Sona,Renekton,JarvanIV,Zoe,Nilah,Nami
BR1_3249527559,1780780665015,2026-06-06 18:17:45,2347,0,,0.546,0,1,Tryndamere,RekSai,Orianna,Lucian,Milio,Kayle,Hecarim,Hwei,Draven,Nami
BR1_3249675788,1780803797680,2026-06-07 00:43:17,1530,0,0.541343669250646,0.5563598759048604,1,1,Mordekaiser,Karthus,Vladimir,Jhin,Camille,Shen,Ambessa,AurelionSol,Caitlyn,Pantheon
BR1_3247612299,1780326957973,2026-06-01 12:15:57,2118,0,,0.5735735735735735,0,1,Varus,Ivern,Tristana,Mel,Nautilus,Yasuo,JarvanIV,Briar,Viktor,Brand
BR1_3248540763,1780554786579,2026-06-04 03:33:06,2113,1,0.5401304791976226,0.5548490274621392,2,3,Renekton,Nocturne,Taliyah,Ezreal,Yuumi,Aurora,Naafiri,Riven,Kaisa,Amumu
BR1_3248656085,1780594711486,2026-06-04 14:38:31,1818,0,,0.5644028103044496,0,1,Fizz,Amumu,Katarina,Smolder,Karma,Hwei,Kindred,Lissandra,Yunara,Lulu
BR1_3247790124,1780361177925,2026-06-01 21:46:17,1511,1,0.6938775510204082,,1,0,Ornn,MasterYi,TwistedFate,AurelionSol,Skarner,Volibear,Karthus,Nasus,Senna,Thresh
BR1_3248875552,1780621057076,2026-06-04 21:57:37,989,0,,0.5323542801846366,0,2,Zaahen,Udyr,Syndra,Sivir,Rakan,Sion,Hecarim,Akali,Yunara,Thresh
BR1_3247920786,1780412870243,2026-06-02 12:07:50,942,1,0.5445033767517279,0.5296610169491526,3,1,Riven,Hecarim,Heimerdinger,Hwei,Leona,Urgot,Nunu,Ryze,Ezreal,Seraphine
BR1_3248337119,1780523565761,2026-06-03 18:52:45,1597,1,0.5259259259259259,,1,0,Malphite,Shyvana,Zed,Jinx,TahmKench,Darius,LeeSin,Lissandra,Caitlyn,Pyke
BR1_3249068156,1780681001203,2026-06-05 14:36:41,1551,1,,0.5534682080924855,0,1,Renekton,Shaco,Ambessa,Brand,Nami,Lissandra,Nidalee,Cassiopeia,Ezreal,Leona
BR1_3249247790,1780709087381,2026-06-05 22:24:47,1707,0,,0.5168661588683352,0,1,Anivia,Evelynn,Naafiri,Ezreal,Nautilus,Aurora,MonkeyKing,Irelia,Smolder,Senna
BR1_3247453102,1780271984288,2026-05-31 20:59:44,69,0,,0.5589830082283831,0,2,Smolder,MonkeyKing,Hwei,Lucian,Yuumi,Renekton,LeeSin,Viego,Lux,Velkoz
BR1_3249379159,1780752714027,2026-06-06 10:31:54,1613,0,0.5485137798007271,0.5631868131868132,2,1,Sion,Hecarim,Sylas,Senna,Sona,Vayne,Lillia,Akali,Jhin,Zilean
BR1_3249593232,1780791785323,2026-06-06 21:23:05,1299,0,0.6304347826086957,0.5547143878168124,1,2,Gwen,Hecarim,Brand,Kaisa,Maokai,Akali,Rammus,Yone,Varus,Leona
BR1_3248527620,1780549441340,2026-06-04 02:04:01,1755,0,0.5527164611710571,0.5390956262762859,2,3,Gragas,Rammus,Yasuo,Jhin,Swain,Varus,Jayce,Malzahar,Karthus,Bard
BR1_3247856088,1780370550438,2026-06-02 00:22:30,1715,0,,0.5557869865503453,0,2,Teemo,Zed,Kassadin,Chogath,Senna,Pantheon,JarvanIV,Cassiopeia,Tristana,Lulu
BR1_3249860546,1780860254474,2026-06-07 16:24:14,1520,0,0.553635144446085,0.5458392882304395,2,2,Yone,Zac,Kassadin,Kaisa,Nautilus,Riven,Khazix,Sylas,Lux,Janna
BR1_3249022425,1780670068576,2026-06-05 11:34:28,1489,0,,0.5403973509933775,0,1,LeeSin,Hecarim,Ziggs,Ashe,Seraphine,Ornn,Ambessa,Sylas,Smolder,Bard
BR1_3248991327,1780653798803,2026-06-05 07:03:18,1867,0,0.5480769230769231,,1,0,Kayle,MasterYi,Zed,Taric,Hwei,Vayne,Viego,Katarina,Kaisa,Leona
BR1_3248860296,1780619254261,2026-06-04 21:27:34,1854,1,,0.6938775510204082,0,1,Gangplank,Qiyana,Gragas,Ezreal,Zoe,Riven,MasterYi,Aurora,Lucian,Nami
BR1_3247650499,1780337853400,2026-06-01 15:17:33,1401,1,,0.5259259259259259,0,1,Aatrox,MasterYi,Akali,Draven,Pantheon,Fiora,LeeSin,Singed,Yasuo,Swain
BR1_3248218374,1780491960647,2026-06-03 10:06:00,1222,1,,0.5118343195266272,0,1,Teemo,Graves,Gangplank,Brand,Bard,Riven,Viego,Camille,Lucian,Nami
BR1_3248474582,1780541051108,2026-06-03 23:44:11,1372,1,0.5986238532110092,0.5474754694609076,1,4,LeeSin,Gragas,Ekko,Caitlyn,Karma,Renekton,Khazix,Zoe,Seraphine,Neeko
BR1_3249544180,1780783218405,2026-06-06 19:00:18,1528,1,0.5441176470588235,0.6304347826086957,1,1,Riven,Lillia,XinZhao,Velkoz,Nami,Vayne,LeeSin,Akali,Jinx,Lulu
BR1_3249557503,1780785741128,2026-06-06 19:42:21,1648,0,0.5511363636363636,,1,0,Warwick,Talon,Leblanc,Jinx,Soraka,Sion,LeeSin,Ekko,Lucian,Nami
BR1_3248573691,1780579917684,2026-06-04 10:31:57,1959,0,0.5514950166112956,0.5627009646302251,1,1,Gangplank,Graves,Akali,Brand,Bard,Malphite,RekSai,TwistedFate,Senna,Alistar
BR1_3248692579,1780599724656,2026-06-04 16:02:04,1833,0,,0.5260361317747078,0,1,Jayce,Udyr,Zed,Samira,Thresh,Qiyana,JarvanIV,Orianna,Jhin,Nami
BR1_3247565942,1780291158945,2026-06-01 02:19:18,2037,0,0.5694851507566133,0.5328963900768188,2,3,Irelia,Graves,Zoe,Caitlyn,Lulu,TahmKench,Nocturne,Anivia,Syndra,Karma
BR1_3247661533,1780340644062,2026-06-01 16:04:04,1184,1,0.5809957755547345,0.5416182733255904,3,3,Zac,Viego,Malphite,Ezreal,Bard,Vladimir,Kindred,Aurora,Jinx,Lulu
BR1_3249081028,1780683307267,2026-06-05 15:15:07,1407,0,0.543450064850843,0.5420507753934631,1,2,Fiora,Udyr,Lux,Ezreal,Senna,Ambessa,Rengar,Ahri,Yunara,Lulu
BR1_3248281179,1780511710221,2026-06-03 15:35:10,1956,0,0.5735735735735735,0.5523574973680252,1,2,Akali,Zed,Yone,Senna,Sona,Riven,XinZhao,Taliyah,Ezreal,Rell
BR1_3247686906,1780346850885,2026-06-01 17:47:30,1233,1,0.5601503759398496,0.5414106707565137,1,3,Jayce,Gragas,Ahri,Jinx,TahmKench,Yorick,Khazix,Sylas,Draven,Xerath
BR1_3249580946,1780790319598,2026-06-06 20:58:39,1576,0,,0.5297450424929179,0,1,Shen,Jayce,Lux,Vayne,Lulu,KSante,MasterYi,Mel,Sona,Velkoz
BR1_3248311652,1780518595828,2026-06-03 17:29:55,926,0,0.5937252271479969,0.570230607966457,2,1,Zoe,Aatrox,Talon,Caitlyn,Soraka,Akali,Ekko,Qiyana,Jhin,Sona
BR1_3248542713,1780555363988,2026-06-04 03:42:43,1370,0,0.5662344074320376,0.5370513478431491,2,2,Nasus,Talon,Ahri,Ezreal,Senna,Yone,Hecarim,Ryze,Varus,Anivia
BR1_3249031806,1780673115806,2026-06-05 12:25:15,1900,1,0.5756056808688388,0.5370034385086179,2,3,Lissandra,Rengar,Akali,Caitlyn,Thresh,Ekko,Hecarim,Ahri,Irelia,Taric
BR1_3249349458,1780728216686,2026-06-06 03:43:36,73,0,0.5344295991778006,,1,0,Renekton,MasterYi,Fizz,Caitlyn,Yuumi,Volibear,Ekko,Yasuo,Draven,Janna
BR1_3248353044,1780526053706,2026-06-03 19:34:13,1673,1,0.54296875,0.5408299866131191,1,1,Jax,Naafiri,Akali,Vayne,Lulu,Kayle,Evelynn,Galio,Ashe,Soraka
BR1_3247767499,1780358574083,2026-06-01 21:02:54,2885,1,0.5243328100470958,,1,0,Garen,Graves,Katarina,Ezreal,Seraphine,Gnar,Qiyana,Irelia,Jhin,Milio
BR1_3248028959,1780438416630,2026-06-02 19:13:36,1506,1,0.5270655270655271,,1,0,MasterYi,Naafiri,Zoe,Lux,Seraphine,Qiyana,RekSai,Anivia,Ezreal,Leona
BR1_3247868346,1780373967105,2026-06-02 01:19:27,1478,0,0.5579904208108125,0.5442076833402828,3,4,Ornn,Kindred,Zoe,Jhin,Brand,Gnar,MasterYi,Morgana,Xerath,Karma
BR1_3247787412,1780360936396,2026-06-01 21:42:16,1775,1,0.5980392156862745,,1,0,Riven,Sylas,Zed,Corki,Thresh,Aatrox,Volibear,Xerath,Zeri,Renata
BR1_3248840816,1780617303080,2026-06-04 20:55:03,1522,1,0.5766311352988114,0.5805539701790683,2,2,Jax,MasterYi,Syndra,Sivir,Poppy,Riven,Graves,Zac,Caitlyn,Velkoz
BR1_3248891508,1780622866406,2026-06-04 22:27:46,66,0,,0.5449678800856531,0,1,Jayce,Taliyah,Aurora,Caitlyn,Senna,Camille,Skarner,Katarina,Zeri,Leona
BR1_3247584155,1780312518248,2026-06-01 08:15:18,1690,0,0.5486322188449848,,1,0,Darius,Viego,Hwei,Jinx,Leona,Jayce,LeeSin,Anivia,Nilah,Thresh
BR1_3247638897,1780335166679,2026-06-01 14:32:46,2391,0,,0.5259259259259259,0,1,Darius,Naafiri,Malphite,Ezreal,Sona,Ivern,Ekko,Akali,Yasuo,Yuumi
BR1_3249964000,1780873194335,2026-06-07 19:59:54,1653,0,,0.5543859649122806,0,1,Ambessa,JarvanIV,Aurora,Jinx,Sona,Zilean,Poppy,Ahri,Lucian,Milio
BR1_3249877901,1780862476537,2026-06-07 17:01:16,1935,0,0.5733130940541562,0.5544045944117146,4,2,Rumble,Khazix,Viego,Sivir,Zilean,Yorick,Kayn,TwistedFate,Ezreal,Soraka
BR1_3247718660,1780352481727,2026-06-01 19:21:21,1811,1,,0.5980392156862745,0,1,Singed,LeeSin,TwistedFate,Corki,Sona,Jax,Rengar,Lux,Ashe,Bard
BR1_3248236226,1780499218523,2026-06-03 12:06:58,1953,1,0.5578368922185275,0.5601503759398496,2,1,Rengar,Graves,Hwei,Karthus,Alistar,Garen,LeeSin,Leblanc,Smolder,Nautilus
BR1_3249125262,1780691366933,2026-06-05 17:29:26,76,1,0.5450819672131147,,1,0,Jayce,Zed,Orianna,Jhin,Bard,Fiora,LeeSin,Lux,Vayne,Lulu
BR1_3249633174,1780797143109,2026-06-06 22:52:23,1427,1,0.5259259259259259,,1,0,Sion,Talon,TwistedFate,Zeri,Nautilus,Gangplank,Ambessa,Kassadin,Senna,Thresh
BR1_3247860777,1780372187942,2026-06-02 00:49:47,1306,1,0.5445455401483061,0.5500693585993528,5,4,Renekton,LeeSin,Xerath,Jhin,Camille,Malphite,Kayn,Azir,Lucian,Nami
BR1_3247541214,1780282902748,2026-06-01 00:01:42,1581,0,0.5422535211267606,,1,0,Chogath,Ekko,Yasuo,Tristana,Milio,Singed,LeeSin,Lissandra,Lucian,Braum
BR1_3248821261,1780614953206,2026-06-04 20:15:53,1632,1,0.5107741420590582,,1,0,Teemo,Viego,Irelia,Kaisa,Nautilus,Illaoi,Rengar,Aurora,Ziggs,Swain
BR1_3247532045,1780281430495,2026-05-31 23:37:10,95,0,0.5608505251191691,0.6358695652173914,2,1,JarvanIV,Diana,Seraphine,MissFortune,Leblanc,Gangplank,Graves,Karma,Cassiopeia,Nautilus
BR1_3247732885,1780354522491,2026-06-01 19:55:22,2132,0,0.5534682080924855,0.5627009646302251,1,1,Darius,Brand,Annie,Syndra,Lissandra,Yasuo,Nunu,Hwei,Velkoz,Senna
BR1_3248230158,1780496555346,2026-06-03 11:22:35,1786,0,,0.5977512963701636,0,2,Gragas,Viego,Akshan,Mel,Bard,Gnar,MonkeyKing,Xerath,Jinx,Nautilus
BR1_3248274917,1780510522829,2026-06-03 15:15:22,1689,1,0.5243328100470958,,1,0,Varus,Ivern,Katarina,Xayah,Rakan,Vayne,Nidalee,Nunu,Heimerdinger,Karma
BR1_3247579374,1780305249658,2026-06-01 06:14:09,1848,0,0.6341463414634146,0.5206354713988302,1,2,Tryndamere,Udyr,Syndra,Aphelios,Milio,Yone,Elise,Cassiopeia,Jhin,Sona
BR1_3247858623,1780371518335,2026-06-02 00:38:38,1611,1,0.6358695652173914,0.5175879396984925,1,1,Nasus,Graves,Kassadin,Kaisa,Maokai,Jayce,LeeSin,Akali,Jhin,Leona
BR1_3248642678,1780592892102,2026-06-04 14:08:12,1362,0,,0.5501842052905407,0,4,Olaf,RekSai,Diana,Ziggs,Soraka,Jax,Talon,Anivia,Caitlyn,Bard
BR1_3247556904,1780287550125,2026-06-01 01:19:10,1195,0,,0.5135440180586908,0,1,Riven,Karthus,Taliyah,Velkoz,Neeko,Nasus,Ekko,TwistedFate,Jinx,Soraka
BR1_3247966320,1780424915798,2026-06-02 15:28:35,1501,0,,0.5327014218009478,0,1,Renekton,Nunu,Lissandra,Tristana,Rakan,Jax,Karthus,Aphelios,Ashe,Milio
BR1_3248289328,1780513703333,2026-06-03 16:08:23,928,1,,0.5118343195266272,0,1,Gangplank,Kayn,Aurora,Lux,Braum,Jayce,Nocturne,Akshan,Caitlyn,Thresh
BR1_3247949609,1780420916955,2026-06-02 14:21:56,2051,0,0.5107741420590582,0.57012012012012,1,2,Pantheon,Udyr,Swain,Zeri,Karma,Olaf,DrMundo,Zed,Kaisa,Blitzcrank
BR1_3248331141,1780522206162,2026-06-03 18:30:06,1305,0,,0.5862068965517241,0,1,Irelia,XinZhao,Ryze,Ezreal,Singed,Garen,Shaco,Qiyana,Vladimir,TwistedFate
BR1_3249358964,1780742173190,2026-06-06 07:36:13,1746,1,0.5193905817174516,,1,0,Vladimir,Nocturne,Hwei,Ashe,Rakan,Lissandra,Graves,Vex,Lucian,Bard
BR1_3248210033,1780485649865,2026-06-03 08:20:49,2463,1,0.5481177437699177,0.5884476534296029,2,1,Yorick,Shaco,TwistedFate,Aphelios,Thresh,Akali,LeeSin,Morgana,Jhin,Rell
BR1_3249712643,1780812887260,2026-06-07 03:14:47,2004,1,0.5193905817174516,,1,0,Jayce,Sylas,Kassadin,Yunara,Milio,Yorick,Diana,Ryze,Yasuo,Rell
BR1_3249755386,1780842062280,2026-06-07 11:21:02,1396,0,,0.6433566433566433,0,1,Yasuo,Briar,Viktor,Brand,Sona,Anivia,Kindred,Naafiri,Draven,Milio
BR1_3248093541,1780446561887,2026-06-02 21:29:21,1916,0,0.6093117408906883,0.5795454545454546,1,1,Gragas,Yunara,TwistedFate,Aphelios,Thresh,Teemo,MasterYi,Orianna,Mel,Leona
BR1_3247878284,1780378199349,2026-06-02 02:29:59,933,1,0.5803402646502835,0.5655943136529848,1,2,Smolder,FiddleSticks,Briar,Lucian,Nami,Darius,LeeSin,Talon,Ryze,Seraphine
BR1_3249357408,1780736294893,2026-06-06 05:58:14,2093,0,0.6938775510204082,0.5493487435665978,1,2,Yasuo,Khazix,Ryze,Caitlyn,Blitzcrank,Renekton,Kindred,Quinn,Ezreal,Karma
BR1_3249074818,1780682473165,2026-06-05 15:01:13,1252,0,0.5424769703172978,,1,0,Ambessa,Zeri,Mel,Nasus,Soraka,Aatrox,Talon,Viktor,Jinx,Janna
BR1_3249811705,1780853419905,2026-06-07 14:30:19,264,1,0.5574874237294619,0.5439633906687287,2,2,Renekton,Naafiri,Zed,Brand,Soraka,Jayce,RekSai,Zoe,Ezreal,Sona
BR1_3249517660,1780779086773,2026-06-06 17:51:26,1758,1,,0.5361328125,0,1,Illaoi,Taliyah,Qiyana,Brand,Nautilus,Poppy,Briar,Sylas,Lucian,Nami
BR1_3248303920,1780517064862,2026-06-03 17:04:24,2109,0,0.5424769703172978,0.6190476190476191,1,1,Gragas,Kayn,Ahri,Vladimir,Milio,Akshan,Quinn,Swain,Lucian,Sona
BR1_3247714637,1780351818639,2026-06-01 19:10:18,1592,1,0.522154648132059,0.5348360655737705,1,1,TahmKench,Lillia,Kassadin,Varus,Thresh,Ambessa,Rammus,Akali,Jhin,Sona
BR1_3248987621,1780648636772,2026-06-05 05:37:16,925,1,0.6210403424018985,0.5501205690035552,3,3,Aatrox,JarvanIV,Vladimir,Xayah,Bard,Ambessa,Vi,Orianna,Karthus,Rakan
BR1_3249680943,1780804643136,2026-06-07 00:57:23,1675,1,,0.5328227571115973,0,1,Quinn,XinZhao,Zed,Seraphine,Sona,Irelia,Nunu,Sylas,MissFortune,Blitzcrank
BR1_3247742603,1780355672419,2026-06-01 20:14:32,1554,0,0.5391304347826087,0.5511363636363636,1,1,Riven,Hecarim,Sylas,Draven,Nami,Illaoi,Kayn,Cassiopeia,Kaisa,Velkoz
BR1_3247683295,1780345578237,2026-06-01 17:26:18,1420,1,0.6144200626959248,,1,0,KSante,LeeSin,Sylas,Twitch,Thresh,Camille,XinZhao,Swain,KogMaw,Lulu
BR1_3249382409,1780753932564,2026-06-06 10:52:12,2570,0,,0.5579622091257063,0,2,Sion,RekSai,Zoe,Varus,Pyke,Gragas,Talon,Leblanc,Kaisa,Nautilus
BR1_3247978034,1780427183249,2026-06-02 16:06:23,1735,0,0.5271870023359049,0.5449678800856531,2,1,Camille,Graves,Ryze,Yasuo,Soraka,Riven,MonkeyKing,Ekko,Olaf,Nautilus
BR1_3248996695,1780661021469,2026-06-05 09:03:41,1691,1,,0.522154648132059,0,1,Lissandra,XinZhao,Sylas,AurelionSol,Pyke,Irelia,MonkeyKing,Diana,Yunara,Lulu
BR1_3247622082,1780329481786,2026-06-01 12:58:01,1560,0,0.5378409862229642,0.5254470426409904,2,1,Yasuo,Udyr,Katarina,Sivir,Heimerdinger,Briar,Khazix,Ryze,Ezreal,Seraphine
BR1_3247646702,1780337056379,2026-06-01 15:04:16,1918,0,0.5797101449275363,0.5394045534150613,1,1,Rammus,Graves,Xerath,Katarina,Braum,Irelia,Trundle,Ahri,Smolder,Heimerdinger
BR1_3248268297,1780508665994,2026-06-03 14:44:25,1594,0,,0.5243328100470958,0,1,Sett,Sylas,Vladimir,Caitlyn,Karma,Kled,Graves,AurelionSol,Yunara,Lulu
BR1_3248998241,1780660561054,2026-06-05 08:56:01,1482,1,0.5962264150943396,0.5339490222020093,1,2,Jayce,Talon,Vladimir,Tristana,Brand,Gangplank,Khazix,AurelionSol,Ezreal,Alistar
BR1_3247563513,1780289626936,2026-06-01 01:53:46,1683,1,0.5429386887699629,0.5624478507250159,2,2,Riven,Hecarim,Yasuo,Jhin,Neeko,KSante,MonkeyKing,Vladimir,Sion,Senna
BR1_3249360990,1780744837619,2026-06-06 08:20:37,918,0,0.5535391079508727,0.5658747300215983,2,1,Ambessa,Hecarim,Lux,Ezreal,AurelionSol,Olaf,Kindred,TwistedFate,Samira,Nautilus
BR1_3249698511,1780808051606,2026-06-07 01:54:11,1260,1,0.5415991886872333,0.5381934736338333,2,3,Gangplank,Graves,Viktor,Zeri,Lulu,Riven,Talon,Anivia,Lucian,Shen
BR1_3247777806,1780359891215,2026-06-01 21:24:51,1514,0,,0.5403973509933775,0,1,Renekton,MasterYi,Yone,Lux,Seraphine,Gragas,Nocturne,Yasuo,Hwei,Zilean
BR1_3249019555,1780669658666,2026-06-05 11:27:38,1822,1,0.558974358974359,0.522154648132059,1,1,Alistar,Kayn,Orianna,Caitlyn,Jax,Pantheon,Graves,Lux,Yunara,Braum
BR1_3249199579,1780703002330,2026-06-05 20:43:22,2161,0,,0.5629770992366412,0,1,Kayle,Pantheon,Diana,Vayne,FiddleSticks,Fizz,Zac,Shen,Caitlyn,Zilean
BR1_3248202287,1780473064279,2026-06-03 04:51:04,1761,0,0.5363636363636364,,1,0,Renekton,Hecarim,Mel,MissFortune,Xerath,Mordekaiser,Talon,Akshan,Seraphine,Nami
BR1_3248863542,1780619722809,2026-06-04 21:35:22,2399,1,,0.5468660968660969,0,2,Poppy,Briar,Syndra,Ashe,Nautilus,Aatrox,Talon,Viktor,KogMaw,Milio
BR1_3247455496,1780272315151,2026-05-31 21:05:15,1687,1,0.5440684039072161,0.5606607451199895,4,4,KSante,Rengar,Orianna,Varus,Brand,Vayne,Sylas,Yasuo,Ezreal,Soraka
BR1_3249420614,1780763138900,2026-06-06 13:25:38,1568,0,,0.5327014218009478,0,1,TahmKench,Briar,Talon,Nilah,Sona,Volibear,Warwick,Lux,Karthus,Pyke
BR1_3247783036,1780360282637,2026-06-01 21:31:22,2364,0,0.6096866096866097,,1,0,Jayce,Ivern,Zoe,Lux,Nami,Vayne,Ekko,Zed,Ashe,Milio
BR1_3247982080,1780428126118,2026-06-02 16:22:06,1453,1,0.543046357615894,,1,0,Renekton,MasterYi,Xerath,Veigar,Bard,Fiora,Diana,Zed,Zeri,Lulu
BR1_3249547149,1780783729539,2026-06-06 19:08:49,1301,1,,0.5763102866132064,0,2,KSante,LeeSin,Katarina,Ezreal,Bard,Vayne,Evelynn,Ekko,Kaisa,Pyke
BR1_3249049959,1780677552005,2026-06-05 13:39:12,1976,0,0.5631868131868132,,1,0,Jax,Karthus,Akali,Ashe,Nami,Yasuo,Shyvana,Malzahar,MissFortune,Shaco
BR1_3247984033,1780428901808,2026-06-02 16:35:01,916,1,0.5806451612903226,0.515625,1,1,Jayce,Nocturne,Orianna,Jinx,Thresh,Varus,RekSai,KogMaw,Ezreal,Neeko
BR1_3248615499,1780588377566,2026-06-04 12:52:57,2353,1,,0.5867408335175226,0,2,Nasus,Kindred,Zed,Seraphine,Thresh,Illaoi,Graves,Fizz,Ashe,Zyra
BR1_3248099180,1780446955123,2026-06-02 21:35:55,1391,0,0.553213582043742,0.515625,2,1,Jax,Udyr,Zac,Ezreal,Milio,Olaf,Sejuani,Lissandra,Caitlyn,Bard
BR1_3248777120,1780609839134,2026-06-04 18:50:39,2005,0,,0.5562913907284768,0,1,Nasus,Naafiri,Mel,Swain,Lux,Yone,Hecarim,Malzahar,Jinx,Lulu
BR1_3247571022,1780292892812,2026-06-01 02:48:12,1502,1,0.5549961885402108,0.5909901493444912,2,3,Qiyana,Kindred,Sion,Cassiopeia,Rell,Varus,Jayce,Quinn,Veigar,Sona
BR1_3247600657,1780323112265,2026-06-01 11:11:52,1868,0,0.6066666666666667,0.5485074626865671,1,1,Ryze,Udyr,Singed,Tristana,Rell,Karma,Hecarim,Ekko,Senna,Rakan
BR1_3248194366,1780465115963,2026-06-03 02:38:35,1343,1,,0.5710382513661202,0,1,Rengar,Amumu,Fizz,Xayah,Rakan,Jayce,Naafiri,Talon,Caitlyn,Karma
BR1_3248934809,1780628381106,2026-06-04 23:59:41,1790,1,0.5557511264270181,0.5685694027749489,3,3,Aurora,JarvanIV,Jayce,Ziggs,Seraphine,Udyr,LeeSin,Taliyah,Zyra,Alistar
BR1_3248710548,1780601836775,2026-06-04 16:37:16,912,0,,0.5361328125,0,1,Qiyana,Talon,Diana,Smolder,Poppy,Yorick,Nunu,Leblanc,Vayne,Nami
BR1_3249440140,1780766613123,2026-06-06 14:23:33,1642,1,,0.5501618122977346,0,1,Gwen,Kayn,Hwei,Yunara,Rakan,Zac,Viego,Quinn,Twitch,Nautilus
BR1_3248957641,1780632487364,2026-06-05 01:08:07,1653,0,0.5666666666666667,0.6091665153853136,1,2,Malphite,Talon,Annie,Senna,Alistar,Chogath,Hecarim,Syndra,Samira,Rell
BR1_3247642419,1780335751800,2026-06-01 14:42:31,1245,0,0.5205091937765205,,1,0,Urgot,JarvanIV,Ekko,Draven,Morgana,Pantheon,XinZhao,Ryze,Caitlyn,Bard
BR1_3247671241,1780342812266,2026-06-01 16:40:12,922,0,0.5712630359212051,0.5734072022160664,1,1,Darius,Talon,Lux,Caitlyn,Bard,Mordekaiser,JarvanIV,Ekko,Zeri,Lulu
BR1_3247879638,1780379405916,2026-06-02 02:50:05,1228,0,0.5993924287272161,0.5325648869969823,2,2,Fiora,Elise,Ahri,Lucian,Karma,Jax,Kayn,Diana,Caitlyn,Braum
BR1_3249581493,1780790064160,2026-06-06 20:54:24,1622,0,0.6003458779438836,0.5878582122193922,2,3,TwistedFate,Pantheon,Ahri,Varus,Blitzcrank,Yone,Khazix,Zed,Aphelios,Zac
BR1_3248177320,1780458811298,2026-06-03 00:53:31,1072,0,0.5505226480836237,0.5332153113812502,1,2,Renekton,Nocturne,Kassadin,Caitlyn,Braum,Quinn,MonkeyKing,Diana,Olaf,Nautilus
BR1_3248477366,1780541429046,2026-06-03 23:50:29,2274,1,,0.5414012738853503,0,1,Gnar,Sylas,Yone,Kaisa,Blitzcrank,Varus,Aatrox,Lux,MissFortune,Brand
BR1_3248352016,1780525938347,2026-06-03 19:32:18,1984,0,,0.5522788203753352,0,1,Leblanc,Qiyana,Talon,Draven,Nami,Nasus,Graves,Zed,Zeri,Lulu
BR1_3248333094,1780522869483,2026-06-03 18:41:09,1323,0,0.5450819672131147,,1,0,Jayce,Nunu,Xerath,Jhin,Bard,Yorick,LeeSin,TwistedFate,Sivir,Thresh
BR1_3248567910,1780578088910,2026-06-04 10:01:28,919,1,,0.5631868131868132,0,1,Illaoi,Gragas,Mordekaiser,Ashe,Senna,Sylas,Morgana,Quinn,Varus,Thresh
BR1_3247654868,1780339255872,2026-06-01 15:40:55,1730,1,0.5327014218009478,,1,0,Volibear,RekSai,Yasuo,Karthus,Skarner,KSante,Hecarim,Katarina,Ashe,Seraphine
BR1_3248546077,1780556365496,2026-06-04 03:59:25,1142,1,0.5480769230769231,,1,0,Sion,Khazix,Kayle,Xayah,Milio,Malphite,Talon,Xerath,Varus,Alistar
BR1_3248228690,1780497113273,2026-06-03 11:31:53,2226,1,0.5808625336927223,0.5192582025677603,1,1,Kayle,Kayn,Malzahar,Yasuo,Pantheon,Jax,Rengar,TwistedFate,Ezreal,Karma
BR1_3248556616,1780572405059,2026-06-04 08:26:45,1957,1,,0.5193905817174516,0,1,Gnar,LeeSin,Mel,Jinx,Lulu,Renekton,Warwick,Ahri,Senna,Braum
BR1_3247576966,1780304176970,2026-06-01 05:56:16,1718,0,,0.5198647506339814,0,1,Aatrox,Viego,Nasus,Yasuo,Sona,Gangplank,MonkeyKing,Briar,Galio,Rell
BR1_3247967128,1780424979015,2026-06-02 15:29:39,1367,0,0.5563093622795116,0.572289156626506,1,1,Shen,Nocturne,Vex,Zeri,Yuumi,Darius,Briar,Malzahar,Varus,Zilean
BR1_3248144829,1780453063963,2026-06-02 23:17:43,1582,1,0.5664165860190689,0.6190476190476191,2,1,Zaahen,Khazix,Ryze,Vladimir,Soraka,Irelia,Rengar,Katarina,Twitch,Yuumi
BR1_3248676312,1780597522514,2026-06-04 15:25:22,1656,1,,0.5357142857142857,0,1,Sylas,Malphite,Veigar,Zeri,Thresh,Akali,Talon,Yasuo,Sivir,Lulu
BR1_3249406882,1780760315052,2026-06-06 12:38:35,2066,0,0.5486322188449848,0.5118343195266272,1,1,Riven,Rammus,Cassiopeia,Velkoz,Karma,XinZhao,Trundle,Yasuo,Lucian,Yuumi
BR1_3248204351,1780480897910,2026-06-03 07:01:37,2397,1,,0.5281173594132029,0,1,Singed,Khazix,Lissandra,Yunara,Rell,Jayce,Vayne,Diana,Ezreal,Soraka
BR1_3247455646,1780272390281,2026-05-31 21:06:30,1471,0,,0.5710382513661202,0,1,Yone,Quinn,Yasuo,Ezreal,Karma,Malphite,JarvanIV,Gragas,Zeri,Janna
BR1_3249097639,1780686714092,2026-06-05 16:11:54,1494,1,0.5665837913746432,0.5508742916677947,4,5,Poppy,Kayn,Taliyah,Brand,Soraka,TwistedFate,MonkeyKing,Twitch,Yunara,Nautilus
BR1_3248291389,1780513962724,2026-06-03 16:12:42,2046,0,0.5254470426409904,0.5426944971537002,1,1,Aatrox,Shaco,Swain,Samira,Nautilus,Renekton,LeeSin,Brand,Sivir,Rell
BR1_3249766835,1780844934512,2026-06-07 12:08:54,2292,0,0.5679183135704875,0.5488255609166655,2,3,Riven,Talon,Ahri,Veigar,Janna,Jayce,Ekko,Hwei,Senna,Heimerdinger
BR1_3248402196,1780532542973,2026-06-03 21:22:22,1491,0,0.5363636363636364,0.5486322188449848,1,1,Gnar,LeeSin,Annie,Kaisa,Sylas,Yasuo,Diana,Cassiopeia,Jhin,Alistar
BR1_3247698330,1780348827161,2026-06-01 18:20:27,1549,0,,0.5446009389671361,0,1,Teemo,Nasus,Lux,Swain,Bard,Aatrox,Graves,Taliyah,Vayne,Soraka
BR1_3249117217,1780689913325,2026-06-05 17:05:13,1798,1,0.5528683859605965,0.5151771745375072,2,2,TahmKench,RekSai,Irelia,Corki,Nami,Zed,Shaco,Anivia,Ezreal,Zyra
BR1_3249013155,1780667231310,2026-06-05 10:47:11,1615,1,0.5962264150943396,0.5884476534296029,1,1,Anivia,Talon,Yasuo,Kaisa,Nautilus,Shen,Graves,Katarina,Ezreal,Leona
BR1_3249179776,1780700422028,2026-06-05 20:00:22,1006,1,,0.504907306434024,0,1,Gangplank,Kindred,Ahri,Aphelios,Nautilus,Riven,Elise,Malzahar,Vayne,Rell
BR1_3249427572,1780764391164,2026-06-06 13:46:31,2406,0,0.5482093663911846,0.5666666666666667,1,1,Warwick,Nocturne,Anivia,Ezreal,Thresh,XinZhao,Talon,Lux,Draven,Nautilus
BR1_3248790083,1780611319401,2026-06-04 19:15:19,1819,0,,0.651595744680851,0,1,Gangplank,Nocturne,Ahri,Velkoz,Nautilus,Gragas,Rengar,Ziggs,Lucian,Yuumi
BR1_3248609512,1780587411094,2026-06-04 12:36:51,1145,0,0.5782187522590905,0.5755448708315428,2,3,Jayce,Shaco,Qiyana,Nilah,Rell,Aurora,Belveth,Lissandra,Twitch,Sona
BR1_3247495327,1780276572809,2026-05-31 22:16:12,929,0,0.5710382513661202,0.5807952806330117,1,2,Rumble,MasterYi,Talon,Lucian,Braum,Heimerdinger,LeeSin,Lissandra,Ezreal,Rakan
BR1_3248730368,1780604272784,2026-06-04 17:17:52,1821,0,,0.5107741420590582,0,1,TwistedFate,LeeSin,Viktor,AurelionSol,Karma,KSante,Belveth,Zoe,Lucian,Sona
BR1_3248793100,1780611724097,2026-06-04 19:22:04,1573,0,,0.5270655270655271,0,1,Olaf,MasterYi,Anivia,KogMaw,Lulu,Tryndamere,LeeSin,Diana,Yunara,Rell
BR1_3248579265,1780580844684,2026-06-04 10:47:24,1733,1,0.5560407569141194,0.5244444444444445,1,1,Jayce,XinZhao,Hwei,Ashe,Seraphine,Malphite,JarvanIV,Lissandra,Yunara,Karma
BR1_3249121019,1780690475948,2026-06-05 17:14:35,1241,0,0.5304054054054054,0.5514950166112956,1,1,KSante,Jayce,Yone,Lucian,Nami,Malphite,Quinn,Malzahar,Zeri,Lulu
BR1_3248545248,1780556848162,2026-06-04 04:07:28,1887,0,0.6938775510204082,0.5485851088244817,1,2,Trundle,Gwen,Ekko,Jinx,Hwei,Darius,Kindred,Mel,Ashe,Seraphine
BR1_3249778648,1780847277291,2026-06-07 12:47:57,1594,0,,0.5198647506339814,0,1,Malphite,Graves,Zyra,Vayne,Thresh,Maokai,Viego,Annie,Smolder,Blitzcrank
BR1_3247957735,1780423156264,2026-06-02 14:59:16,2236,0,0.5297450424929179,0.6197727272727274,1,2,Yasuo,RekSai,Katarina,MissFortune,Bard,Kayle,Briar,Vladimir,Vayne,Rakan
BR1_3249119555,1780690652185,2026-06-05 17:17:32,2636,1,0.5505117837113843,0.5538215003742235,5,3,Jayce,Graves,Tristana,Karthus,TwistedFate,Cassiopeia,LeeSin,Kassadin,Velkoz,Nami
BR1_3249344430,1780725787675,2026-06-06 03:03:07,1375,1,0.5477832623237426,0.6419882804606991,3,2,Jax,Naafiri,Annie,Jinx,Amumu,KSante,MasterYi,Kayle,Samira,Soraka
BR1_3248428470,1780535827987,2026-06-03 22:17:07,946,1,0.581688575050789,0.5758098036943813,3,4,Olaf,Kayn,Sylas,Ashe,Seraphine,Fiora,LeeSin,TwistedFate,Jhin,Soraka
BR1_3249361868,1780745081740,2026-06-06 08:24:41,1446,0,0.6015831134564644,0.5210096993830202,1,2,Kled,Rammus,Taliyah,Draven,Pyke,Garen,Viego,Kassadin,Yunara,Milio
BR1_3249533427,1780781404908,2026-06-06 18:30:04,1714,1,0.5680851063829787,0.5754301224646818,1,2,Jayce,Elise,Riven,Samira,Blitzcrank,Ambessa,Skarner,Kassadin,Lux,Zoe
BR1_3248132476,1780451251193,2026-06-02 22:47:31,1118,1,0.5658436336063334,0.5937632499281481,3,3,Renekton,LeeSin,Annie,Xayah,Pyke,Olaf,Belveth,Taliyah,Corki,Maokai
BR1_3248492919,1780543586890,2026-06-04 00:26:26,1923,1,0.6121414782129068,0.5986238532110092,2,1,Malphite,MasterYi,Yasuo,Swain,Nami,Jayce,LeeSin,Zed,Brand,Bard
BR1_3247681082,1780344915290,2026-06-01 17:15:15,2153,0,,0.543450064850843,0,1,Teemo,LeeSin,Cassiopeia,Sivir,Senna,Viktor,DrMundo,Zoe,Jhin,Xerath
BR1_3248218748,1780492696050,2026-06-03 10:18:16,1884,0,0.5175879396984925,0.572829131652661,1,1,Warwick,MonkeyKing,Akali,MissFortune,Alistar,Mordekaiser,Rengar,Zed,Jayce,Sona
BR1_3247905530,1780406634899,2026-06-02 10:23:54,2034,0,0.554639175257732,0.5680851063829787,1,1,Urgot,Ivern,Fizz,Corki,Rell,DrMundo,JarvanIV,Yone,AurelionSol,Alistar
BR1_3248240773,1780501280903,2026-06-03 12:41:20,1867,0,0.5576368799849328,0.5562261403422634,3,3,Ambessa,RekSai,Vex,Senna,Galio,Tryndamere,JarvanIV,Katarina,Caitlyn,Velkoz
BR1_3247574390,1780295937409,2026-06-01 03:38:57,1596,1,,0.515625,0,1,Sion,JarvanIV,Orianna,Vayne,Shaco,Garen,Graves,Lux,Ezreal,Seraphine
BR1_3248522445,1780548235435,2026-06-04 01:43:55,1684,0,0.5881281207494187,0.5679339293861774,3,3,Aatrox,XinZhao,Zac,Yunara,Lulu,Anivia,Kayn,Ekko,Corki,Renata
BR1_3247549134,1780284579449,2026-06-01 00:29:39,965,0,0.6341463414634146,0.5590852130325814,1,2,Gnar,Zaahen,Xerath,Senna,Rell,Fiora,Khazix,Kayle,Syndra,Rakan
BR1_3247795005,1780361671590,2026-06-01 21:54:31,69,0,,0.5260361317747078,0,1,TahmKench,Taliyah,Singed,Ezreal,Camille,Naafiri,Nocturne,Lux,Yunara,Lulu
BR1_3247874244,1780376167734,2026-06-02 01:56:07,1606,1,,0.5622532297293028,0,2,Jayce,Kayn,Vladimir,Ashe,Seraphine,Pantheon,LeeSin,Xerath,Smolder,Zilean
BR1_3247900093,1780403435668,2026-06-02 09:30:35,2059,1,,0.5437956204379562,0,1,Darius,Graves,Lux,Kaisa,Pyke,Gnar,Skarner,Mel,Hwei,Senna
BR1_3247584995,1780315624724,2026-06-01 09:07:04,913,1,0.6015831134564644,0.5735735735735735,1,1,Kled,Talon,Kassadin,Jinx,Nautilus,Jax,Kayn,TwistedFate,Ashe,Seraphine
BR1_3249153705,1780696234361,2026-06-05 18:50:34,2282,0,0.5622710622710623,,1,0,Riven,Zed,Rakan,Lux,Sona,Gangplank,Talon,Pantheon,Veigar,Senna
BR1_3249051386,1780677477747,2026-06-05 13:37:57,2028,1,0.5666666666666667,0.572289156626506,1,1,Ryze,Talon,Malzahar,Yunara,Xerath,Gnar,Khazix,TwistedFate,Jhin,Mel
BR1_3249234442,1780707276426,2026-06-05 21:54:36,1857,0,,0.5577312758163822,0,2,Riven,Viego,TwistedFate,Jhin,Senna,Teemo,Quinn,Karthus,Vayne,Sona
BR1_3249768332,1780844955974,2026-06-07 12:09:15,1522,1,0.5735735735735735,,1,0,Rengar,Diana,Zed,Ashe,Milio,Ornn,Lillia,Riven,Lucian,Thresh
BR1_3248192144,1780464378488,2026-06-03 02:26:18,1569,0,0.5408450704225352,0.5658747300215983,1,1,Yorick,Vi,Zoe,Samira,Leona,Yone,Nasus,Ekko,Kaisa,Thresh
BR1_3249389561,1780756040080,2026-06-06 11:27:20,1910,0,0.541343669250646,,1,0,TwistedFate,MonkeyKing,Lissandra,Jhin,Neeko,Quinn,Talon,Ryze,AurelionSol,Milio
BR1_3247904439,1780406270916,2026-06-02 10:17:50,620,0,,0.5437956204379562,0,1,Kled,FiddleSticks,Irelia,Corki,Milio,Gwen,LeeSin,Xerath,Hwei,Bard
BR1_3248880977,1780621825342,2026-06-04 22:10:25,1102,1,0.5850340136054422,0.5672514619883041,1,1,Fiora,Khazix,Mel,Ashe,Zilean,Pantheon,Sylas,MissFortune,Caitlyn,Leona
BR1_3247694156,1780347912562,2026-06-01 18:05:12,2009,1,,0.5562913907284768,0,1,Kayle,FiddleSticks,Vi,Ashe,Braum,Singed,Kayn,Smolder,Tristana,Karma
BR1_3249260509,1780710510341,2026-06-05 22:48:30,1390,1,,0.5661375661375662,0,1,Kayn,Udyr,Ziggs,Seraphine,Mel,Fiora,FiddleSticks,Lux,Jinx,Senna
BR1_3249695966,1780808007035,2026-06-07 01:53:27,1933,1,0.5774918645579348,0.5672514619883041,2,1,Aatrox,Ekko,Katarina,Lucian,Lux,Pantheon,Jayce,Vladimir,Sivir,Alistar
BR1_3248904299,1780624246179,2026-06-04 22:50:46,1768,0,0.5797101449275363,0.5563598759048604,1,1,Yasuo,RekSai,Nidalee,Katarina,Rell,Pantheon,Graves,Vladimir,Caitlyn,Zilean
BR1_3248721245,1780603123836,2026-06-04 16:58:43,1642,0,0.522154648132059,,1,0,Aurora,MasterYi,Riven,Yunara,Braum,Renekton,Quinn,Singed,Aphelios,Bard
BR1_3249350546,1780729238671,2026-06-06 04:00:38,1592,0,0.5344295991778006,0.5193905817174516,1,1,Sylas,Hecarim,Kassadin,Varus,Zilean,Garen,Amumu,Gragas,Ezreal,Sona
BR1_3248847740,1780618017420,2026-06-04 21:06:57,2030,0,0.5660722960937079,0.5687976272136683,2,2,Olaf,LeeSin,Leblanc,Lucian,Milio,Anivia,Khazix,Malzahar,Draven,Nautilus
BR1_3248071594,1780443788435,2026-06-02 20:43:08,1593,0,,0.5243328100470958,0,1,Anivia,Kindred,Kassadin,Smolder,Nami,Chogath,Zed,Ambessa,Ezreal,Janna
BR1_3248019253,1780435950336,2026-06-02 18:32:30,432,0,0.5259259259259259,,1,0,Mordekaiser,Hecarim,Vladimir,Senna,Lulu,Yorick,Gragas,Yasuo,Jhin,Sona
BR1_3249351088,1780728329471,2026-06-06 03:45:29,1543,0,,0.5422535211267606,0,1,Gwen,Hecarim,Viktor,Varus,Lulu,Olaf,Viego,Ryze,Ashe,Bard
BR1_3247984336,1780429172531,2026-06-02 16:39:32,1618,0,0.5408299866131191,0.5135440180586908,1,1,Quinn,Khazix,Malzahar,Caitlyn,Soraka,KSante,LeeSin,Leblanc,Aphelios,Senna
BR1_3248539427,1780553121900,2026-06-04 03:05:21,1453,0,0.5222544503421092,0.6223356102609346,2,3,Rumble,Viego,Ekko,Ezreal,Sona,Riven,LeeSin,Vladimir,Brand,Bard
BR1_3248790823,1780611678500,2026-06-04 19:21:18,1824,0,0.522154648132059,,1,0,Sion,Lillia,Malzahar,Ezreal,Senna,Morgana,Kayn,Vladimir,Sivir,Nautilus
BR1_3249386281,1780754956037,2026-06-06 11:09:16,1488,0,,0.5437956204379562,0,1,Malphite,LeeSin,Diana,Lucian,Sona,Anivia,JarvanIV,Kennen,Hwei,Nami
BR1_3249394524,1780757289823,2026-06-06 11:48:09,1805,0,0.5862068965517241,0.5514292269480675,1,3,Darius,Jax,Leblanc,Ashe,Milio,Garen,LeeSin,Zaahen,Ziggs,DrMundo
BR1_3247574182,1780295216183,2026-06-01 03:26:56,1568,1,0.5509660601104068,0.5441176470588235,2,1,Gnar,Hecarim,Malzahar,Senna,Sona,Tristana,RekSai,Hwei,Nilah,Rell
BR1_3249332218,1780721568676,2026-06-06 01:52:48,1799,0,,0.5422535211267606,0,1,Renekton,LeeSin,Akali,Kaisa,Braum,Sion,Rengar,Sylas,Jinx,Rakan
BR1_3248540189,1780553562168,2026-06-04 03:12:42,1192,0,,0.5853994490358126,0,1,Riven,Khazix,Katarina,Jinx,Nami,Renekton,MasterYi,Lux,Caitlyn,Janna
BR1_3249909570,1780866432915,2026-06-07 18:07:12,2157,0,0.5259259259259259,0.5675555301775823,1,2,Shen,Talon,Leblanc,Zeri,Senna,Irelia,Shaco,Viktor,Karthus,Sona
BR1_3248236839,1780500075156,2026-06-03 12:21:15,1901,1,,0.5504555196101599,0,2,Gangplank,Ekko,Zoe,Jhin,Alistar,TwistedFate,Sylas,Cassiopeia,Ashe,Seraphine
BR1_3247971274,1780425528910,2026-06-02 15:38:48,915,1,0.5478424015009381,,1,0,Sion,Belveth,Viktor,Lucian,Soraka,DrMundo,Taliyah,Cassiopeia,Tristana,Taric
BR1_3248874877,1780621020399,2026-06-04 21:57:00,1604,0,0.5776300734674215,0.5423652457220292,2,2,Malphite,LeeSin,Akali,Senna,Soraka,Riven,Diana,Ryze,Ezreal,Nami
BR1_3248770047,1780608906361,2026-06-04 18:35:06,1846,1,0.5442070622814127,0.5485360360360361,2,2,Vayne,MonkeyKing,Twitch,Ashe,Soraka,Vladimir,Talon,DrMundo,Sivir,Seraphine
BR1_3249142880,1780694643801,2026-06-05 18:24:03,1346,0,,0.6498516320474778,0,1,Urgot,Lillia,Viktor,Sivir,Janna,Riven,Khazix,Sylas,Ashe,Pantheon
BR1_3248549489,1780562096121,2026-06-04 05:34:56,1695,0,,0.540796963946869,0,1,Rumble,FiddleSticks,Akshan,Smolder,Nami,Elise,Kayn,Ahri,Kaisa,Nautilus
BR1_3247448355,1780271444803,2026-05-31 20:50:44,1143,1,,0.5446009389671361,0,1,Ambessa,MasterYi,Diana,Ashe,Bard,KSante,Khazix,Kassadin,Varus,Karma
BR1_3248168230,1780456761903,2026-06-03 00:19:21,1691,1,0.5602400033614232,0.5478878997614723,3,3,Gangplank,XinZhao,Lissandra,Karthus,Sona,Aatrox,Evelynn,Ryze,Twitch,Lulu
BR1_3248846089,1780617624758,2026-06-04 21:00:24,1141,1,0.5424769703172978,0.6164623467600701,1,1,Trundle,Talon,Katarina,Caitlyn,Bard,XinZhao,MonkeyKing,Cassiopeia,Jhin,TwistedFate
BR1_3248674685,1780597369212,2026-06-04 15:22:49,1807,0,0.543450064850843,0.5824634655532359,1,1,Jax,Udyr,Vladimir,KogMaw,Lulu,Gnar,Graves,Talon,Corki,Sona
BR1_3249010873,1780667092589,2026-06-05 10:44:52,1595,0,0.5263929618768328,0.5644028103044496,1,1,Nasus,Ambessa,Kassadin,Lucian,Nami,Garen,Belveth,Swain,Caitlyn,Alistar
BR1_3249746608,1780839793670,2026-06-07 10:43:13,118,1,0.5446009389671361,,1,0,Jayce,MasterYi,Urgot,Velkoz,Thresh,Yorick,LeeSin,Irelia,Brand,Bard
BR1_3249728533,1780829772686,2026-06-07 07:56:12,966,1,0.6081456953642383,0.5712630359212051,2,1,Malphite,Briar,Vladimir,Jinx,Lulu,Yasuo,Udyr,Kassadin,Caitlyn,Bard
BR1_3248068331,1780443495266,2026-06-02 20:38:15,350,1,,0.5321637426900585,0,1,Riven,Vi,Orianna,KogMaw,Camille,DrMundo,Naafiri,Azir,Yunara,Lulu
BR1_3248323864,1780521211012,2026-06-03 18:13:31,1999,0,,0.5107741420590582,0,1,Akali,Darius,Vladimir,Aphelios,Yuumi,Aatrox,Graves,Hwei,Ezreal,Karma
BR1_3249937478,1780869876837,2026-06-07 19:04:36,1881,1,0.5622710622710623,0.5434462444771723,1,1,XinZhao,Rengar,Riven,Ziggs,Soraka,Yorick,LeeSin,Malzahar,Xerath,Rell
BR1_3249743130,1780838380207,2026-06-07 10:19:40,1850,0,0.5570131142022066,0.6479347826086956,2,2,Heimerdinger,JarvanIV,Qiyana,Senna,Blitzcrank,Malphite,Naafiri,Vladimir,Jhin,Velkoz
BR1_3248220459,1780493637220,2026-06-03 10:33:57,1909,1,,0.5522788203753352,0,1,Gragas,Rengar,Quinn,Aphelios,Taric,Vladimir,LeeSin,Fizz,Lucian,Sona
BR1_3249374247,1780751087602,2026-06-06 10:04:47,1501,0,0.5468694105975612,0.6062429394030181,3,4,Yasuo,Kayn,Annie,Ezreal,Soraka,Yone,MasterYi,Zed,Kaisa,Nautilus
BR1_3249363853,1780746520355,2026-06-06 08:48:40,1251,1,,0.5562913907284768,0,1,Aatrox,Nunu,Taliyah,Senna,Leona,Varus,Kayn,Yasuo,Kaisa,Karma
BR1_3248240448,1780500839691,2026-06-03 12:33:59,915,1,0.5600989341457641,0.5742440628956716,4,3,Irelia,Talon,Taliyah,Nilah,Hwei,Malphite,Nidalee,Ahri,Jinx,Leona
BR1_3248110223,1780448306907,2026-06-02 21:58:26,1572,0,0.5271870023359049,0.6193626072171269,2,2,Cassiopeia,Qiyana,Fizz,Smolder,Soraka,Teemo,Ambessa,Syndra,Ziggs,Azir
BR1_3249074228,1780681978184,2026-06-05 14:52:58,940,0,0.5619469026548672,0.542670730659436,1,2,Aurora,Talon,Corki,Ezreal,Karma,Yasuo,LeeSin,Ahri,Caitlyn,Bard
BR1_3248809549,1780613777064,2026-06-04 19:56:17,1373,1,0.522154648132059,0.5532319391634981,1,1,Garen,Evelynn,Riven,Yunara,Bard,DrMundo,Hecarim,Sylas,Varus,Lulu
BR1_3247910287,1780408287079,2026-06-02 10:51:27,2384,1,,0.5327014218009478,0,1,Riven,Kayn,Ryze,Velkoz,Senna,Malphite,Talon,Hwei,Jhin,Karma
BR1_3248040248,1780439734315,2026-06-02 19:35:34,1603,0,,0.5649703882430357,0,2,Teemo,LeeSin,Yone,Senna,Pyke,Ryze,Rengar,Viktor,Ezreal,Camille
BR1_3249232935,1780707329645,2026-06-05 21:55:29,1403,1,0.5260361317747078,0.5685358255451713,1,1,Gnar,MasterYi,Lux,Varus,Senna,Quinn,Sylas,Akali,Vayne,Yuumi
BR1_3249044346,1780676008917,2026-06-05 13:13:28,1562,1,0.5788253968253968,0.5574351380576407,3,4,Azir,Rengar,Ahri,Kaisa,Camille,Anivia,MonkeyKing,Qiyana,Ezreal,Morgana
BR1_3249635504,1780797710097,2026-06-06 23:01:50,1651,1,0.5619469026548672,,1,0,Irelia,Rengar,Hwei,Senna,Seraphine,Ornn,Talon,Heimerdinger,Ezreal,Rell
BR1_3249111000,1780689212149,2026-06-05 16:53:32,1527,1,0.5244444444444445,0.5107741420590582,1,1,Illaoi,MonkeyKing,Lissandra,Ashe,Soraka,Irelia,Rengar,Diana,Kaisa,Karma
BR1_3248839823,1780617220125,2026-06-04 20:53:40,1860,1,0.5483368080480798,0.5848420647149462,3,2,Renekton,LeeSin,Annie,Lux,Maokai,Yasuo,Nidalee,Zoe,Jhin,Nautilus
BR1_3249489983,1780775112362,2026-06-06 16:45:12,1611,0,0.5847255369928401,0.5340806411254448,1,2,Camille,Talon,Aurora,Ezreal,Karma,Poppy,Nocturne,Vladimir,Varus,Sona
BR1_3248294075,1780514574394,2026-06-03 16:22:54,1561,1,0.5434462444771723,,1,0,Gangplank,MasterYi,Zoe,Ashe,Zilean,Aatrox,JarvanIV,Malzahar,Smolder,Karma
BR1_3248592407,1780584170092,2026-06-04 11:42:50,2034,0,,0.5735735735735735,0,1,Swain,Naafiri,Malzahar,Senna,Lulu,Zed,LeeSin,Orianna,Twitch,Yuumi
BR1_3249137115,1780693293126,2026-06-05 18:01:33,2030,0,0.5619469026548672,0.540419689678264,1,4,Renekton,Rengar,Leblanc,Jinx,Braum,KSante,LeeSin,Ahri,Ezreal,Bard
BR1_3247651640,1780338420482,2026-06-01 15:27:00,1422,1,,0.5532319391634981,0,1,Kennen,XinZhao,Yone,Ezreal,Soraka,Nasus,Naafiri,Kassadin,Vayne,Nami
BR1_3247933696,1780416576814,2026-06-02 13:09:36,987,0,0.5327014218009478,,1,0,Gnar,Talon,Qiyana,Ezreal,Alistar,Cassiopeia,Sylas,Akali,Kaisa,Rell
BR1_3248250927,1780504066014,2026-06-03 13:27:46,1125,1,0.5482190539537484,0.5649352560680435,2,4,Jax,JarvanIV,Hwei,Jinx,Thresh,Yasuo,Talon,Diana,Jhin,Zilean
BR1_3247923868,1780413560296,2026-06-02 12:19:20,1139,1,0.5449678800856531,0.538557779799818,1,2,Aatrox,MasterYi,Leblanc,Tristana,Poppy,Yorick,Karthus,Galio,Zeri,Yuumi
BR1_3249362410,1780744211776,2026-06-06 08:10:11,2125,0,,0.5193905817174516,0,1,Yone,Quinn,Vladimir,Kaisa,Soraka,Yasuo,JarvanIV,Cassiopeia,Ashe,Karma
BR1_3248608916,1780587678757,2026-06-04 12:41:18,1607,0,,0.522154648132059,0,1,Malphite,Brand,Yone,Velkoz,Nami,Sion,Diana,Lux,Kaisa,Thresh
BR1_3248140140,1780452142363,2026-06-02 23:02:22,1254,0,0.5265889943886366,0.5701463684065176,2,2,Vayne,Diana,Yasuo,Jhin,Camille,Quinn,Graves,Ryze,Ezreal,Senna
BR1_3248938634,1780628897708,2026-06-05 00:08:17,926,0,,0.547923142693149,0,3,Yasuo,Jayce,TwistedFate,Anivia,Nautilus,Malphite,Kayn,Cassiopeia,Ashe,Zoe
BR1_3248522257,1780548078400,2026-06-04 01:41:18,2317,0,,0.569724151797586,0,2,Pantheon,Taliyah,Akali,Caitlyn,Seraphine,Irelia,Kindred,Lux,Sivir,Nami
BR1_3247519163,1780279516595,2026-05-31 23:05:16,1509,0,,0.5192582025677603,0,1,Aurora,XinZhao,Fizz,Lucian,Renata,Varus,Kayn,TahmKench,Ashe,Rell
BR1_3247751852,1780356875201,2026-06-01 20:34:35,2061,0,0.5458430039424221,0.5723351190686358,3,2,Irelia,Quinn,Anivia,Corki,Rakan,Varus,LeeSin,Ahri,Lucian,Nami
BR1_3249946205,1780870728389,2026-06-07 19:18:48,914,0,,0.5357142857142857,0,1,Camille,Evelynn,Malzahar,Ezreal,Senna,Renekton,Ekko,Kassadin,Caitlyn,Karma
BR1_3247548878,1780285230523,2026-06-01 00:40:30,1473,0,,0.545816733067729,0,1,Sion,Talon,Kassadin,Vayne,Karma,Ambessa,XinZhao,Yone,Seraphine,Sona
BR1_3248305952,1780517893140,2026-06-03 17:18:13,1360,0,0.5644506968527121,0.5238095238095238,2,1,Garen,Lillia,Jayce,Ezreal,Alistar,Kled,Elise,Riven,Sivir,Zilean
BR1_3248437229,1780536713105,2026-06-03 22:31:53,1435,0,,0.5363128491620112,0,1,KSante,Pantheon,Ahri,Jinx,Janna,Ornn,Elise,Gangplank,Xayah,Milio
BR1_3249718646,1780816544093,2026-06-07 04:15:44,1573,1,0.5270655270655271,,1,0,Galio,Diana,Yasuo,Aphelios,Soraka,Yone,Evelynn,Katarina,Jinx,Zilean
BR1_3249535311,1780781772687,2026-06-06 18:36:12,1872,0,0.5192582025677603,,1,0,KSante,Kayn,Veigar,Sivir,Bard,Garen,Pantheon,Hwei,Xayah,Rakan
BR1_3249125158,1780691265571,2026-06-05 17:27:45,2866,1,,0.5244444444444445,0,1,XinZhao,Kayn,Malzahar,Caitlyn,Bard,Shen,Talon,Lissandra,Aphelios,Thresh
BR1_3248233353,1780498027521,2026-06-03 11:47:07,1775,0,0.5492173978478441,0.6190476190476191,2,1,Malphite,Talon,Tryndamere,Hwei,Pyke,Akali,Quinn,DrMundo,Caitlyn,Elise
BR1_3248045314,1780440434839,2026-06-02 19:47:14,1894,0,0.5477011932155864,0.620231173380035,2,2,Gangplank,Karthus,Malzahar,Yunara,Rell,Rumble,Aatrox,Riven,Twitch,TwistedFate
BR1_3249790267,1780849302367,2026-06-07 13:21:42,1661,0,,0.5321637426900585,0,1,Irelia,LeeSin,Leblanc,Twitch,Blitzcrank,Kennen,Rengar,Zed,Lucian,Soraka
BR1_3248294945,1780515340032,2026-06-03 16:35:40,2041,1,0.5263929618768328,,1,0,Pantheon,RekSai,Annie,Smolder,Seraphine,Malphite,Evelynn,Yone,Ashe,Bard
BR1_3248318276,1780519936842,2026-06-03 17:52:16,1421,1,0.5569590264867937,0.52542271613217,3,3,Anivia,Talon,Syndra,Karthus,Thresh,Malphite,Elise,Qiyana,Lucian,Soraka
BR1_3249022989,1780670674573,2026-06-05 11:44:34,1848,1,0.5539314854539716,0.5767658960727466,4,4,Yone,Karthus,Zed,Smolder,Nautilus,Irelia,Hecarim,TwistedFate,Vayne,Pyke
BR1_3248654255,1780594410570,2026-06-04 14:33:30,1520,0,0.5394045534150613,,1,0,Akali,Rengar,Irelia,Nilah,Rell,Qiyana,LeeSin,Katarina,Brand,TwistedFate
BR1_3248978701,1780639617110,2026-06-05 03:06:57,1863,0,,0.5422535211267606,0,1,Fiora,Taliyah,Jayce,Hwei,Morgana,Gnar,DrMundo,Ahri,Tristana,Braum
BR1_3249170715,1780698936707,2026-06-05 19:35:36,1188,1,0.5710382513661202,0.5422535211267606,1,1,Gangplank,Aatrox,Talon,KogMaw,Leona,Akali,Kayn,Ryze,Ashe,Seraphine
BR1_3248411692,1780533810519,2026-06-03 21:43:30,1200,1,,0.5798657718120805,0,1,Aurora,Rammus,Hwei,Jhin,Renata,Leblanc,MasterYi,Ryze,Tristana,Taric
BR1_3249317777,1780718708531,2026-06-06 01:05:08,1994,1,,0.5531914893617021,0,1,Akali,Diana,Zed,Twitch,Milio,Fiora,Graves,Karthus,Kaisa,Zyra
BR1_3249611872,1780794761107,2026-06-06 22:12:41,1458,1,0.5531914893617021,,1,0,XinZhao,Vi,Karthus,Jinx,Alistar,Darius,RekSai,Katarina,Sivir,Nautilus
BR1_3248572755,1780579767367,2026-06-04 10:29:27,1838,0,,0.5862068965517241,0,1,Shen,Zac,Anivia,Sivir,Nami,Garen,LeeSin,Ahri,Kaisa,Pyke
BR1_3247613994,1780327923287,2026-06-01 12:32:03,1388,1,0.579070422302469,0.58948481013611,4,3,Kayle,Skarner,Sylas,Corki,Senna,Quinn,Viego,Ahri,Tristana,Leona
BR1_3247751957,1780356909997,2026-06-01 20:35:09,1944,0,0.5388646288209606,,1,0,TwistedFate,Ekko,Naafiri,Hwei,Nautilus,Darius,Viego,Yone,Caitlyn,Morgana
BR1_3249463484,1780770679927,2026-06-06 15:31:19,1744,1,,0.5259259259259259,0,1,Riven,Shaco,Ahri,Ashe,Seraphine,Olaf,Graves,Fizz,MissFortune,Nami
BR1_3248253162,1780504219943,2026-06-03 13:30:19,1694,0,0.5118343195266272,,1,0,Gnar,Naafiri,Lux,Jinx,Rakan,MonkeyKing,Ekko,Zed,Brand,Nami
BR1_3249427389,1780764273329,2026-06-06 13:44:33,1970,0,,0.5501618122977346,0,1,Ornn,Diana,Xerath,Varus,Braum,Riven,Viego,Nasus,AurelionSol,Senna
BR1_3249260447,1780710479717,2026-06-05 22:47:59,1508,1,0.5729526304353074,0.5441176470588235,2,1,DrMundo,JarvanIV,Orianna,Xayah,Blitzcrank,Riven,Sylas,Yasuo,Ezreal,Thresh
BR1_3247530500,1780281352932,2026-05-31 23:35:52,1604,1,0.5205091937765205,0.5531914893617021,1,1,Jax,Evelynn,Malphite,Lucian,Nami,Fiora,LeeSin,Karthus,Jhin,Pyke
BR1_3248182407,1780460137093,2026-06-03 01:15:37,1572,1,0.5523106884208313,0.5419799498746867,2,2,Yorick,Quinn,Akali,Xayah,Janna,Yone,Karthus,Riven,Caitlyn,Lux
BR1_3247881197,1780379743438,2026-06-02 02:55:43,1426,0,0.5505226480836237,0.5406838525973345,1,2,Yorick,Rengar,Corki,Karthus,Nami,Skarner,LeeSin,Vladimir,Ezreal,Seraphine
BR1_3247948140,1780420334281,2026-06-02 14:12:14,2128,1,0.5407228017883756,0.591477944120548,2,2,Fiora,Rammus,Cassiopeia,Hwei,Senna,Quinn,Trundle,TwistedFate,Ezreal,Mel
BR1_3248751216,1780606776844,2026-06-04 17:59:36,1875,1,,0.543450064850843,0,1,Vayne,Talon,Akali,Tristana,Thresh,Nasus,Udyr,Hwei,Smolder,Rakan
BR1_3247948993,1780421214600,2026-06-02 14:26:54,1526,0,,0.5532319391634981,0,1,Teemo,JarvanIV,Syndra,Ezreal,Thresh,Fiora,Hecarim,Lux,Senna,Braum
BR1_3249016122,1780668374330,2026-06-05 11:06:14,2187,0,,0.5735735735735735,0,1,Sion,Naafiri,Akali,Jinx,Seraphine,Gwen,Lillia,Zed,Caitlyn,Morgana
BR1_3249518182,1780779048840,2026-06-06 17:50:48,1771,0,0.5327014218009478,0.5324910626145514,1,3,Riven,Talon,Aurora,Karthus,Seraphine,Zoe,Zed,Anivia,Ezreal,Bard
BR1_3248150963,1780453899974,2026-06-02 23:31:39,2132,0,0.5328227571115973,0.5797101449275363,1,1,Nasus,Diana,Lissandra,Ezreal,Sona,Riven,XinZhao,Quinn,Brand,Seraphine
BR1_3247807015,1780363096643,2026-06-01 22:18:16,1951,0,0.6938775510204082,0.5438914027149321,1,1,Naafiri,Zaahen,Sylas,Seraphine,Anivia,Ezreal,LeeSin,Ahri,Kalista,Braum
BR1_3247918026,1780410845798,2026-06-02 11:34:05,1747,1,0.5430861723446894,0.5236665344389604,1,2,Jayce,Briar,Kassadin,AurelionSol,Thresh,Gangplank,Jax,Fizz,Caitlyn,Bard
BR1_3249471780,1780772128612,2026-06-06 15:55:28,1535,0,,0.540796963946869,0,1,Jayce,RekSai,Malphite,Nilah,Sona,Gangplank,Ekko,Corki,Lucian,Milio
BR1_3248241075,1780500392545,2026-06-03 12:26:32,386,1,,0.5175879396984925,0,1,Anivia,Khazix,Lux,Zeri,Nautilus,Gangplank,Aatrox,Xerath,Ezreal,Braum
BR1_3247852639,1780370224253,2026-06-02 00:17:04,1690,0,0.5398307963839148,0.5534246575342465,2,1,Akali,Ekko,Corki,Xayah,Nami,Fiora,Talon,Gragas,Caitlyn,Sona
BR1_3248997254,1780660020447,2026-06-05 08:47:00,78,1,,0.5631868131868132,0,1,Swain,Zac,Irelia,Ziggs,KogMaw,Darius,Elise,Ezreal,Lucian,Nautilus
BR1_3247972972,1780426947248,2026-06-02 16:02:27,288,0,,0.5514660148837024,0,2,Vladimir,Khazix,Sylas,Zeri,Rakan,Sion,Karthus,Qiyana,Seraphine,Pyke
BR1_3248604221,1780586410756,2026-06-04 12:20:10,1218,0,,0.6769759450171822,0,1,Renekton,MasterYi,Anivia,Caitlyn,Jax,Vayne,JarvanIV,Kassadin,Ryze,Rell
BR1_3247630801,1780332798231,2026-06-01 13:53:18,1641,1,0.5259259259259259,,1,0,Gangplank,MasterYi,Azir,Caitlyn,Thresh,Fiora,Zac,Katarina,Cassiopeia,Zilean
BR1_3248020936,1780437076601,2026-06-02 18:51:16,1351,0,,0.5422535211267606,0,1,Riven,Gwen,Talon,Sivir,Braum,Katarina,Qiyana,Viktor,Jinx,Thresh
BR1_3249972651,1780874208128,2026-06-07 20:16:48,1535,1,0.6066666666666667,0.5270655270655271,1,1,Rumble,Viego,Ekko,Twitch,Soraka,Ambessa,Khazix,Hwei,Yunara,Lulu
BR1_3249349321,1780727866317,2026-06-06 03:37:46,1402,0,,0.5631868131868132,0,1,Darius,Ekko,Sylas,Ezreal,Lulu,Jayce,Zed,Akali,Twitch,Nautilus
BR1_3247615824,1780328305974,2026-06-01 12:38:25,2033,0,,0.5446009389671361,0,1,Irelia,Rengar,Katarina,Ashe,Milio,Aurora,LeeSin,Akali,AurelionSol,Shaco
BR1_3247975499,1780426704324,2026-06-02 15:58:24,2229,1,0.5596330275229358,,1,0,Ambessa,Quinn,Anivia,Jhin,Zilean,Qiyana,Amumu,Xerath,Tristana,Nami
BR1_3249070243,1780681222438,2026-06-05 14:40:22,1944,1,0.5302053980773012,0.5718368385815226,3,3,Gangplank,Talon,Hwei,Jinx,Thresh,Sion,Jayce,Riven,Cassiopeia,Rakan
BR1_3249116741,1780690225763,2026-06-05 17:10:25,1556,0,0.5276093474206627,0.5641251143177575,2,4,Camille,Kayn,Taliyah,Kaisa,Rell,Ornn,Hecarim,Ryze,Jhin,Karma
BR1_3248607693,1780587064234,2026-06-04 12:31:04,1890,1,,0.5280748663101604,0,1,Malphite,Qiyana,Gragas,Udyr,Senna,Sylas,Jayce,Tryndamere,Seraphine,Karma
BR1_3249443103,1780767058830,2026-06-06 14:30:58,1513,0,,0.5414012738853503,0,1,Jax,Nidalee,Irelia,Jinx,Karma,Garen,Viego,Zoe,Senna,Blitzcrank
BR1_3248087513,1780445722274,2026-06-02 21:15:22,1198,0,0.5107741420590582,,1,0,Singed,Zed,Anivia,Ezreal,Bard,Nasus,Sylas,Lissandra,Yunara,Lulu
BR1_3247764325,1780358243518,2026-06-01 20:57:23,2142,1,0.5238095238095238,0.5505226480836237,1,1,Aatrox,Kayn,Riven,Brand,Bard,Akali,RekSai,Qiyana,Karthus,Camille
BR1_3248996752,1780661128081,2026-06-05 09:05:28,1367,0,0.5735735735735735,,1,0,Aatrox,Udyr,Zed,Veigar,Zilean,Kled,Taliyah,Gangplank,Vayne,Leona
BR1_3249541102,1780782532371,2026-06-06 18:48:52,620,0,0.6041131105398457,0.5485074626865671,1,1,Jayce,RekSai,Veigar,Yunara,Pyke,Sion,MasterYi,Syndra,Caitlyn,Bard
BR1_3248550217,1780560947288,2026-06-04 05:15:47,1860,1,,0.5659437101917746,0,2,Kled,XinZhao,Seraphine,Sivir,Hwei,Shen,Rammus,TwistedFate,Kaisa,Yuumi
BR1_3247935174,1780416507067,2026-06-02 13:08:27,1683,1,0.5653728336864629,0.5749489071468072,3,3,Zeri,LeeSin,Irelia,Cassiopeia,Braum,Fiora,MasterYi,Yone,Qiyana,Sylas
BR1_3248549429,1780561700827,2026-06-04 05:28:20,1648,0,0.5193905817174516,0.5488029465930019,1,1,Riven,Ekko,Yone,Xayah,Janna,Yasuo,Sylas,Leblanc,Samira,Rell
BR1_3249366527,1780747748187,2026-06-06 09:09:08,1210,1,0.5198647506339814,0.5493487435665978,1,2,Yasuo,Viego,Yone,Jinx,Lulu,Malphite,Kindred,Kassadin,KogMaw,Nautilus
BR1_3248307230,1780517326252,2026-06-03 17:08:46,2097,0,0.5476108641237345,0.566604341366372,2,3,Aatrox,LeeSin,Lux,Swain,Nautilus,Teemo,Rengar,Akshan,Heimerdinger,Sona
BR1_3249192836,1780702183924,2026-06-05 20:29:43,1924,1,0.5464865665257235,0.5320284697508897,2,1,Vayne,JarvanIV,Ryze,Xerath,Bard,Olaf,Darius,Anivia,Sivir,Zilean
BR1_3249078266,1780682821000,2026-06-05 15:07:01,1635,0,0.6498516320474778,0.5107741420590582,1,1,TahmKench,Nidalee,Ryze,Varus,Rell,Vayne,Taliyah,Viktor,Ashe,Braum
BR1_3248096187,1780446761268,2026-06-02 21:32:41,921,0,,0.5424769703172978,0,1,Ambessa,JarvanIV,Ryze,Varus,Nami,Gangplank,Kayn,Lux,Mel,Sona
BR1_3248946661,1780630294038,2026-06-05 00:31:34,1752,0,0.55835195050696,0.5344295991778006,2,1,Singed,Taliyah,Cassiopeia,Ezreal,Karma,Camille,Talon,Brand,Xerath,Thresh
BR1_3248255470,1780504694315,2026-06-03 13:38:14,1906,1,0.5735735735735735,0.5321637426900585,1,1,Darius,Talon,Lux,Kaisa,Alistar,Jax,LeeSin,AurelionSol,Karthus,Nautilus
BR1_3249727314,1780828316212,2026-06-07 07:31:56,919,1,0.5514950166112956,0.5712630359212051,1,1,Renekton,Taliyah,Annie,Ezreal,Janna,Yasuo,LeeSin,Akali,Ziggs,Veigar
BR1_3248341641,1780524567499,2026-06-03 19:09:27,1275,0,0.5961570642919377,0.5596968467539815,3,3,Akali,Naafiri,Vladimir,Xayah,Soraka,Tryndamere,Nocturne,Ahri,Zeri,Bard
BR1_3249954236,1780871695048,2026-06-07 19:34:55,2154,0,0.543450064850843,0.5601394605730753,1,3,Jayce,Udyr,Yasuo,Singed,Anivia,Kayle,Kayn,Ekko,Lucian,Milio
BR1_3248604100,1780586295055,2026-06-04 12:18:15,2065,1,0.5270655270655271,0.5981012658227848,1,1,Ornn,Ekko,Yone,Tristana,Pantheon,Chogath,MasterYi,Akali,Caitlyn,Sona
BR1_3247820312,1780364969098,2026-06-01 22:49:29,1285,0,,0.5450819672131147,0,1,Ornn,Gnar,Syndra,Jhin,Blitzcrank,Kayle,Quinn,Orianna,Draven,Nautilus
BR1_3248990717,1780653884109,2026-06-05 07:04:44,1497,0,,0.5193905817174516,0,1,Garen,JarvanIV,Yasuo,Caitlyn,Senna,Sett,Karthus,Yone,Yunara,Karma
BR1_3247757499,1780357410880,2026-06-01 20:43:30,1849,0,,0.5135440180586908,0,1,Camille,LeeSin,Anivia,Senna,Nautilus,Yorick,Graves,Galio,Ezreal,Maokai
BR1_3247975367,1780426587590,2026-06-02 15:56:27,1602,0,,0.5962264150943396,0,1,Rumble,Kayn,Quinn,Vayne,Soraka,Irelia,Talon,Fizz,Yunara,Karma
BR1_3248713328,1780602238094,2026-06-04 16:43:58,1894,0,,0.5631868131868132,0,1,DrMundo,Quinn,Cassiopeia,Varus,Lux,Kayle,Hecarim,Sylas,Zeri,Lulu
BR1_3249479858,1780773463615,2026-06-06 16:17:43,1677,1,0.6060839284747611,0.5981044690972168,3,4,Rumble,Aatrox,TwistedFate,Caitlyn,Milio,Gangplank,JarvanIV,Aurora,Senna,Bard
BR1_3248026225,1780437341678,2026-06-02 18:55:41,1944,1,0.5408450704225352,0.5649703882430357,1,2,Vladimir,MonkeyKing,Syndra,Ashe,Nautilus,Ekko,Khazix,Ahri,Aphelios,Janna
BR1_3249460379,1780770289059,2026-06-06 15:24:49,911,0,0.5597800356895735,0.6025832843674208,2,3,Garen,Rengar,Kassadin,Yunara,Camille,Darius,Talon,Tristana,Ezreal,Zilean
BR1_3248558948,1780574187846,2026-06-04 08:56:27,74,1,0.552125061652652,0.5453879154701928,2,2,Tryndamere,Rammus,Hwei,Ezreal,Velkoz,Yasuo,Trundle,Kayle,Sivir,Lulu
BR1_3248347274,1780525064799,2026-06-03 19:17:44,2027,0,0.5710382513661202,0.5168661588683352,1,1,Yasuo,Taliyah,Talon,Yunara,Nami,Teemo,Nocturne,Katarina,KogMaw,Lulu
BR1_3249049777,1780677388551,2026-06-05 13:36:28,2064,0,,0.5263929618768328,0,1,Soraka,Khazix,Viktor,Twitch,Sona,Kayle,Kayn,Ahri,Caitlyn,Bard
BR1_3249858184,1780859609804,2026-06-07 16:13:29,1969,0,,0.6498516320474778,0,1,Volibear,Graves,Ekko,Velkoz,Bard,Ornn,Rammus,Riven,Ezreal,Karma
BR1_3249812392,1780853218638,2026-06-07 14:26:58,104,1,0.5328227571115973,0.5431841831425598,1,1,Ambessa,Graves,Orianna,Ezreal,Ornn,Garen,LeeSin,Ekko,Brand,Rumble
BR1_3247940886,1780418999808,2026-06-02 13:49:59,1412,1,,0.5205091937765205,0,1,Rumble,Rengar,Orianna,Lucian,Nautilus,Pantheon,Udyr,Lissandra,Caitlyn,Nami
BR1_3247768919,1780358986063,2026-06-01 21:09:46,1532,0,,0.5661375661375662,0,1,Anivia,Viego,Talon,Karthus,Soraka,Ekko,Sylas,Ambessa,Jinx,Braum
BR1_3248284914,1780513173630,2026-06-03 15:59:33,1931,1,0.5493970155713597,0.5263929618768328,2,1,Urgot,Viego,Sylas,Ashe,Rakan,Aurora,Khazix,Orianna,Smolder,Bard
BR1_3247617212,1780328205250,2026-06-01 12:36:45,1353,0,,0.5744556505020878,0,2,Vayne,Talon,Yone,Ziggs,Nami,Shen,LeeSin,Katarina,Ashe,Seraphine
BR1_3248008155,1780434245294,2026-06-02 18:04:05,1226,1,0.5712055547788807,0.5280748663101604,2,1,Mordekaiser,Nocturne,Illaoi,Ezreal,Leona,Shen,Sylas,Smolder,Zyra,Seraphine
BR1_3247823963,1780365606511,2026-06-01 23:00:06,1792,1,,0.5522788203753352,0,1,Singed,Karthus,Zed,Caitlyn,Bard,Rumble,Quinn,Yasuo,Cassiopeia,Thresh
BR1_3247559538,1780288026555,2026-06-01 01:27:06,1755,1,0.5869235512327078,0.5470044710785751,2,3,Garen,LeeSin,Viktor,Cassiopeia,Nami,Darius,Rammus,Yone,Lux,Sona
BR1_3249349253,1780727676689,2026-06-06 03:34:36,985,0,,0.5703108289923069,0,2,Vayne,Graves,Vladimir,Cassiopeia,Alistar,Kayle,Kayn,Orianna,Senna,Maokai
BR1_3249829818,1780856028847,2026-06-07 15:13:48,910,0,0.5566384827911754,0.5493130903748946,2,4,Vladimir,LeeSin,Qiyana,Veigar,Thresh,Irelia,Graves,Aurora,Senna,Soraka
BR1_3247982285,1780428331638,2026-06-02 16:25:31,1484,0,0.5630338733431517,0.5619322573476435,2,3,Garen,Poppy,Viktor,Ezreal,Bard,Shen,Naafiri,Yone,Lux,Zilean
BR1_3248116238,1780449168622,2026-06-02 22:12:48,2003,1,0.5678736939722236,0.5744380450977274,4,2,Nasus,Naafiri,Viktor,Caitlyn,Poppy,Zeri,RekSai,Syndra,Lucian,Rell
BR1_3249052657,1780678093731,2026-06-05 13:48:13,1729,1,,0.546,0,1,Yorick,Nasus,Akali,Xayah,Thresh,Trundle,Sylas,LeeSin,Smolder,Senna
BR1_3249511970,1780778462896,2026-06-06 17:41:02,1925,1,0.5198647506339814,0.5585388112275794,1,2,Olaf,Viego,TwistedFate,Ezreal,Nautilus,Jayce,Brand,Diana,Varus,Bard
BR1_3248969292,1780635397405,2026-06-05 01:56:37,1501,0,,0.5486322188449848,0,1,MonkeyKing,Ekko,Ryze,Lucian,Nami,Gangplank,Hecarim,Cassiopeia,Jhin,Mel
BR1_3248571083,1780578287772,2026-06-04 10:04:47,1817,1,,0.541343669250646,0,1,Renekton,Graves,Akshan,Jhin,Lux,KSante,Naafiri,Ahri,Ashe,Zilean
BR1_3247624767,1780331401803,2026-06-01 13:30:01,914,0,0.5932364868101322,0.5711376576601371,3,3,Vayne,Hecarim,Viktor,Veigar,TwistedFate,Zeri,JarvanIV,Zoe,Seraphine,Leona
BR1_3249036178,1780673888528,2026-06-05 12:38:08,1778,0,,0.5270655270655271,0,1,KSante,MasterYi,Lissandra,Ezreal,Leona,Zaahen,Evelynn,Zed,Kaisa,Nautilus
BR1_3249158729,1780697070022,2026-06-05 19:04:30,1815,0,,0.5441176470588235,0,1,Singed,LeeSin,Orianna,Caitlyn,Neeko,Cassiopeia,Khazix,Zoe,Vayne,Soraka
BR1_3248409479,1780533638909,2026-06-03 21:40:38,1614,1,0.5654678194156533,0.6284705841742513,2,2,Kayle,Kayn,Anivia,Caitlyn,Zilean,Kalista,Rengar,Ryze,Ashe,Seraphine
BR1_3249078059,1780682613199,2026-06-05 15:03:33,1888,0,,0.570230607966457,0,1,Jayce,Vayne,Diana,Lucian,Nautilus,Malzahar,LeeSin,Qiyana,Yunara,Pyke
BR1_3247664729,1780341785582,2026-06-01 16:23:05,2033,0,0.5327014218009478,0.5325342465753424,1,1,Zaahen,LeeSin,Xerath,Sivir,Nami,Talon,Aatrox,Annie,Kaisa,Nautilus
BR1_3249078594,1780683083827,2026-06-05 15:11:23,1706,1,0.5532319391634981,0.504907306434024,1,1,Gwen,Hecarim,Leblanc,Kalista,Renata,Yorick,Elise,Vladimir,Varus,Nami
BR1_3247555680,1780286891803,2026-06-01 01:08:11,1253,0,0.5481406587527408,0.5860536304039827,3,4,Ambessa,Vi,Sylas,Yunara,Lulu,Zaahen,Khazix,AurelionSol,Ezreal,KSante
BR1_3249355221,1780732111077,2026-06-06 04:48:31,1023,0,,0.5710382513661202,0,1,Yone,JarvanIV,Malzahar,Aphelios,Zilean,Irelia,LeeSin,Vladimir,Jinx,Janna
BR1_3249644232,1780798766060,2026-06-06 23:19:26,1606,0,,0.5590420081967213,0,2,Gangplank,Diana,Ryze,Jinx,Milio,Jax,MonkeyKing,Orianna,Varus,Pyke
BR1_3249011545,1780667185302,2026-06-05 10:46:25,1387,1,,0.6498516320474778,0,1,Garen,Talon,Katarina,Vayne,Pyke,Kayle,Evelynn,Yasuo,Twitch,Rakan
BR1_3249570703,1780788203320,2026-06-06 20:23:23,1506,1,,0.5486322188449848,0,1,KSante,LeeSin,Aphelios,Zeri,Bard,Illaoi,MonkeyKing,Cassiopeia,Jinx,Lulu
BR1_3247856746,1780371120479,2026-06-02 00:32:00,1319,0,0.6100151745068285,0.5791406085306725,1,2,Gnar,Kayn,Galio,Corki,Lissandra,KSante,Viego,Ryze,Ezreal,Taric
BR1_3249814045,1780853275200,2026-06-07 14:27:55,1723,1,,0.522154648132059,0,1,LeeSin,Graves,Velkoz,Ezreal,Leblanc,Sion,Rengar,Malzahar,Kaisa,Blitzcrank
BR1_3248236296,1780499370272,2026-06-03 12:09:30,1554,1,0.5398061880122493,0.5814557249967409,2,3,Ambessa,Graves,Annie,Ezreal,Taliyah,Renekton,LeeSin,Katarina,Jhin,Bard
BR1_3249718278,1780815473356,2026-06-07 03:57:53,1937,0,0.5663322185061316,,1,0,Olaf,LeeSin,Lux,Caitlyn,Morgana,Yasuo,Quinn,Zoe,Karthus,Janna
BR1_3247520186,1780279736648,2026-05-31 23:08:56,1914,0,0.5574712643678161,0.540796963946869,1,1,Gnar,Rammus,Katarina,Caitlyn,Braum,Aurora,Qiyana,Yasuo,Kaisa,Neeko
BR1_3248561392,1780574916838,2026-06-04 09:08:36,913,0,,0.5514950166112956,0,1,Mordekaiser,Gnar,Lux,Ezreal,Yuumi,Jayce,Nunu,Galio,Mel,Maokai
BR1_3248305990,1780517955736,2026-06-03 17:19:15,1270,0,,0.5372167342536971,0,2,Riven,Naafiri,Katarina,Kaisa,Anivia,Renekton,LeeSin,Syndra,Yunara,Zilean
BR1_3249778943,1780847524900,2026-06-07 12:52:04,1976,1,0.5666666666666667,,1,0,Yasuo,Talon,Ahri,Lucian,Pyke,Renekton,Belveth,Ekko,Caitlyn,Heimerdinger
BR1_3247563141,1780289001168,2026-06-01 01:43:21,1496,0,0.5344295991778006,0.5192582025677603,1,1,Rumble,Viego,Yone,Jhin,Zilean,TahmKench,Jax,Katarina,Lucian,Sona
BR1_3249032074,1780672777917,2026-06-05 12:19:37,1944,1,0.5679183135704875,0.5962264150943396,2,1,Riven,Talon,Fizz,Caitlyn,Janna,KSante,Teemo,Lux,Lucian,Bard
BR1_3248833898,1780616557441,2026-06-04 20:42:37,1691,0,0.5449678800856531,0.626207421758802,1,4,Renekton,Ambessa,Twitch,Ashe,Seraphine,Pantheon,Aatrox,Ahri,Kaisa,Pyke
BR1_3249252958,1780709722127,2026-06-05 22:35:22,1607,0,0.5531914893617021,,1,0,Sion,Briar,Karthus,Caitlyn,Thresh,TwistedFate,Rengar,Yasuo,Seraphine,Taric
BR1_3247905512,1780406637917,2026-06-02 10:23:57,2285,0,0.5280748663101604,,1,0,Lissandra,LeeSin,Azir,Caitlyn,Karma,Irelia,MasterYi,Aurora,Mel,Bard
BR1_3248676371,1780597569825,2026-06-04 15:26:09,1936,1,0.5344295991778006,,1,0,Jax,Kayn,TwistedFate,KogMaw,Milio,Warwick,Talon,Ekko,Lux,Neeko
BR1_3248108988,1780448528695,2026-06-02 22:02:08,1952,0,,0.554639175257732,0,1,Pantheon,Briar,Katarina,Xayah,Bard,Singed,Rengar,Viktor,Zeri,Lulu
BR1_3248051775,1780441349012,2026-06-02 20:02:29,1216,1,0.5543766578249337,0.5712630359212051,1,1,Ambessa,Sejuani,Diana,Draven,Nautilus,Volibear,LeeSin,Viktor,Sivir,Milio
BR1_3248251148,1780503137467,2026-06-03 13:12:17,1667,0,0.5270655270655271,,1,0,Nasus,XinZhao,Ahri,Vayne,Rell,Garen,Nunu,Cassiopeia,TahmKench,Senna
BR1_3248335403,1780523118840,2026-06-03 18:45:18,934,0,0.5449865147581479,0.5617528826827463,2,2,Aatrox,Evelynn,Zed,Kaisa,Seraphine,Akali,LeeSin,Viktor,Xayah,Mel
BR1_3249308340,1780716887664,2026-06-06 00:34:47,1834,0,0.6125,,1,0,Kayle,Graves,KSante,Jinx,Yuumi,Singed,Talon,Ashe,Caitlyn,Karma
BR1_3247567739,1780292141473,2026-06-01 02:35:41,1646,1,0.5262136192170063,0.569656040626467,3,2,Ambessa,Elise,Cassiopeia,Lucian,Nami,Jayce,JarvanIV,Aurora,Sivir,Bard
BR1_3248843161,1780617369596,2026-06-04 20:56:09,1472,0,0.5505226480836237,0.5603983096565366,1,2,Kled,Riven,TwistedFate,Seraphine,Pyke,Akali,Hecarim,Ziggs,Lucian,Karma
BR1_3247586776,1780315565509,2026-06-01 09:06:05,1539,1,,0.5563598759048604,0,1,Jayce,Hecarim,Varus,Samira,Rell,Tryndamere,Graves,Aurora,Kaisa,Pyke
BR1_3248534907,1780552048446,2026-06-04 02:47:28,937,1,0.5515317361383856,0.5653703187436112,2,2,Malphite,Gragas,Yone,Kaisa,Seraphine,Morgana,Rengar,Rumble,Ezreal,Neeko
BR1_3248991785,1780656481578,2026-06-05 07:48:01,1692,0,0.5735735735735735,0.5271013354281225,1,1,Singed,Rengar,Zed,Karthus,Zyra,Gnar,Talon,Kassadin,Kaisa,Nautilus
BR1_3249144031,1780694491574,2026-06-05 18:21:31,2405,1,,0.5391304347826087,0,1,Shen,Sylas,AurelionSol,Lucian,Senna,Malphite,Aatrox,Yasuo,Draven,Nautilus
BR1_3249131252,1780692513644,2026-06-05 17:48:33,940,0,,0.5447723941627547,0,2,Chogath,Ekko,Anivia,Smolder,Janna,Irelia,Hecarim,Galio,Kaisa,Nautilus
BR1_3247569004,1780291289038,2026-06-01 02:21:29,1565,1,,0.5511363636363636,0,1,KSante,Lillia,Talon,Varus,Thresh,Garen,Amumu,Xerath,Yunara,Karma
BR1_3247532896,1780281936275,2026-05-31 23:45:36,2170,0,0.6358695652173914,0.5631868131868132,1,1,Singed,Graves,Lux,Ziggs,TahmKench,Mordekaiser,RekSai,Xerath,Ezreal,Bard
BR1_3248931300,1780627649337,2026-06-04 23:47:29,968,1,,0.5723430047171054,0,2,Yasuo,Ivern,Zed,Kaisa,Seraphine,Renekton,Ekko,Annie,Senna,Lux
BR1_3249016658,1780669026642,2026-06-05 11:17:06,2058,1,,0.5294636042260876,0,2,Malphite,Shaco,Akali,Kaisa,Rell,Yorick,Kayn,Leblanc,Smolder,Nautilus
BR1_3249810003,1780852600826,2026-06-07 14:16:40,1708,1,0.5645882457623348,,2,0,Gangplank,Viego,Velkoz,Lucian,Seraphine,Gragas,Shaco,Zoe,Veigar,Nautilus
BR1_3249010488,1780666567484,2026-06-05 10:36:07,1541,1,0.5325342465753424,0.5413022694501912,1,2,Yasuo,Kayn,Camille,Caitlyn,Bard,Sion,Aatrox,Vladimir,Draven,Neeko
BR1_3248162314,1780455382425,2026-06-02 23:56:22,1484,0,,0.5205091937765205,0,1,Nasus,Skarner,Sylas,Jinx,Zilean,Irelia,Naafiri,Ahri,Varus,Brand
BR1_3248216614,1780492151316,2026-06-03 10:09:11,1636,1,0.5259259259259259,,1,0,Zed,JarvanIV,Yone,Yasuo,Nami,Sett,LeeSin,Kassadin,Ashe,Lulu
BR1_3247861976,1780372586082,2026-06-02 00:56:26,1367,0,,0.5363559132668377,0,3,Volibear,Vi,Lux,Jhin,Karma,Varus,Gragas,Orianna,Lucian,Nami
BR1_3249730364,1780831045036,2026-06-07 08:17:25,2507,1,0.504907306434024,0.5446009389671361,1,1,Sion,Elise,Yasuo,Veigar,Zoe,Varus,Zaahen,Diana,Mel,Rell
BR1_3249905203,1780865743646,2026-06-07 17:55:43,1823,0,,0.5107741420590582,0,1,Galio,MasterYi,Sylas,Jinx,Camille,Rumble,Jax,Ezreal,AurelionSol,Alistar
BR1_3247896391,1780401485310,2026-06-02 08:58:05,1936,0,0.5280748663101604,,1,0,Malphite,Naafiri,Urgot,Nilah,Rakan,LeeSin,Pantheon,Ahri,Varus,Poppy
BR1_3248048085,1780440779415,2026-06-02 19:52:59,1959,1,,0.5629770992366412,0,1,Brand,Amumu,Veigar,Vayne,Seraphine,Zac,LeeSin,Ahri,Caitlyn,Zyra
BR1_3248619873,1780589353175,2026-06-04 13:09:13,1429,0,0.5281173594132029,0.5320284697508897,1,1,Varus,Rengar,Lissandra,Vladimir,Sona,Yorick,Talon,Anivia,Quinn,Bard
BR1_3248418223,1780534463812,2026-06-03 21:54:23,1744,1,0.5531914893617021,0.5363636363636364,1,1,Olaf,Naafiri,Viktor,KogMaw,Zilean,Cassiopeia,Khazix,Ahri,Tristana,Rell
BR1_3247580614,1780309593616,2026-06-01 07:26:33,2033,0,0.572174914640668,0.5471585572199578,2,3,Sylas,Zac,Smolder,Ezreal,Lux,Ornn,LeeSin,Ekko,Kaisa,Blitzcrank
BR1_3249377294,1780752346211,2026-06-06 10:25:46,1768,1,0.5850340136054422,0.5198647506339814,1,1,Kennen,Ekko,Gangplank,Jhin,Lux,Ornn,Viego,Akshan,Ashe,Seraphine
BR1_3247732159,1780354159618,2026-06-01 19:49:19,1561,0,0.5710382513661202,0.5486322188449848,1,1,Malphite,Qiyana,TwistedFate,Anivia,Nami,Riven,MasterYi,Akali,Kaisa,Zac
BR1_3249213421,1780704650267,2026-06-05 21:10:50,716,1,0.6222331443854536,0.5674319130930426,2,4,Gangplank,JarvanIV,Yasuo,Kalista,Leona,Riven,Kindred,Cassiopeia,Swain,Anivia
BR1_3248223990,1780494825073,2026-06-03 10:53:45,1721,0,,0.5205091937765205,0,1,Renekton,Sylas,Anivia,Tristana,Rell,Malphite,Briar,Azir,Lucian,Nami
BR1_3247927839,1780414814315,2026-06-02 12:40:14,1748,0,0.5740354535974974,0.5583802542886898,2,3,Cassiopeia,Darius,Ryze,Tristana,Seraphine,DrMundo,Naafiri,Orianna,Lucian,Milio
BR1_3249872947,1780861990745,2026-06-07 16:53:10,1849,0,0.5619469026548672,0.5762857254259758,1,2,Qiyana,Pantheon,Vladimir,Samira,Leona,Jayce,Khazix,Veigar,MissFortune,Alistar
BR1_3247477897,1780274877045,2026-05-31 21:47:57,1496,0,0.5552439444740388,0.624,2,1,Yasuo,Naafiri,Leblanc,Caitlyn,Thresh,Aurora,Skarner,Zoe,Lux,Nautilus
BR1_3249092803,1780685982685,2026-06-05 15:59:42,1272,1,0.5331568130210664,0.5645146293082073,3,2,Renekton,Viego,Kassadin,Lucian,Nami,Vayne,Ekko,Zoe,Varus,Nautilus
BR1_3248831192,1780616012417,2026-06-04 20:33:32,1242,0,,0.5192582025677603,0,1,Trundle,Twitch,Lissandra,Swain,Nami,XinZhao,Nunu,Talon,MissFortune,Nautilus
BR1_3249132419,1780692784279,2026-06-05 17:53:04,1553,0,,0.522154648132059,0,1,Akali,Nocturne,Ahri,Yasuo,Velkoz,Sion,Nunu,Aurora,Syndra,Nami
BR1_3248808783,1780613737819,2026-06-04 19:55:37,1505,0,0.5270655270655271,0.5853994490358126,1,1,Garen,Fizz,Taliyah,Ezreal,Rell,Vladimir,Qiyana,Anivia,Aphelios,Sona
BR1_3247578950,1780305643909,2026-06-01 06:20:43,1103,0,,0.5514950166112956,0,1,Vayne,Graves,Kassadin,MissFortune,Nautilus,Taliyah,Evelynn,Akshan,Tristana,Rakan
BR1_3247602655,1780323343869,2026-06-01 11:15:43,973,0,,0.5532319391634981,0,1,Fiora,Graves,Kassadin,Lux,Sona,Cassiopeia,Hecarim,Corki,Ezreal,Karma
BR1_3248208535,1780487068763,2026-06-03 08:44:28,1695,0,,0.5560407569141194,0,1,Gwen,Hecarim,Fizz,Sivir,Mel,Yorick,LeeSin,Hwei,Corki,Seraphine
BR1_3248594044,1780584073563,2026-06-04 11:41:13,1393,1,,0.5725591441395835,0,2,Ambessa,Udyr,Ahri,Lucian,Thresh,Kennen,Graves,Zed,Yunara,Lulu
BR1_3247690484,1780347324949,2026-06-01 17:55:24,1402,0,,0.6100151745068285,0,1,Jayce,Kayn,Ekko,Jinx,Pantheon,Nasus,Udyr,Sylas,Caitlyn,Lux
BR1_3248031401,1780438135265,2026-06-02 19:08:55,1805,0,0.5108867326511797,0.5391304347826087,2,1,Lissandra,Nocturne,Sion,Caitlyn,Elise,Viktor,Hecarim,Morgana,Draven,Alistar
BR1_3248252364,1780504390179,2026-06-03 13:33:10,1508,0,,0.5500636177281402,0,2,TahmKench,Lillia,Ekko,Aphelios,Renata,Katarina,Khazix,Sylas,Nilah,Nautilus
BR1_3248941096,1780629149259,2026-06-05 00:12:29,1541,1,0.6358695652173914,0.5449678800856531,1,1,Olaf,LeeSin,Gragas,Jinx,Bard,Yone,Khazix,Viktor,Ziggs,Seraphine
BR1_3248818880,1780614863540,2026-06-04 20:14:23,2569,0,,0.5531914893617021,0,1,Vayne,XinZhao,Vladimir,Lux,Zoe,Kled,Sylas,Yasuo,Karthus,Bard
BR1_3249264000,1780711190068,2026-06-05 22:59:50,1702,1,0.5769423558897243,0.5375931442340156,2,3,Varus,XinZhao,Fizz,Ashe,Lulu,Naafiri,JarvanIV,Syndra,Jhin,Thresh
BR1_3248313909,1780519648660,2026-06-03 17:47:28,2045,0,0.5522788203753352,,1,0,Poppy,LeeSin,Leblanc,Ezreal,Karma,Ashe,Shyvana,Riven,Lucian,Nami
BR1_3248984415,1780643727138,2026-06-05 04:15:27,1530,0,0.5658747300215983,0.5409090678554945,1,2,Jax,Kindred,Fizz,Ezreal,Janna,KSante,Nunu,Zed,Twitch,Lulu
BR1_3248047725,1780440727954,2026-06-02 19:52:07,1718,1,0.5794588888129667,0.581741691299657,4,2,Teemo,Ambessa,Zed,Seraphine,Sona,Olaf,Ekko,Ryze,Nilah,Zilean
BR1_3248815575,1780614433560,2026-06-04 20:07:13,1591,1,0.5478424015009381,,1,0,Darius,Diana,Ryze,Ezreal,Yuumi,Illaoi,RekSai,Akali,Jhin,Janna
BR1_3248600023,1780585452427,2026-06-04 12:04:12,1889,1,0.5631868131868132,,1,0,KSante,LeeSin,Aurora,Ezreal,Bard,Zed,Aatrox,Qiyana,Varus,Leona
BR1_3248961776,1780633610072,2026-06-05 01:26:50,1281,0,0.5579418404166445,0.5702164981977567,2,2,Ambessa,Talon,Cassiopeia,Yasuo,Alistar,Riven,Quinn,Ahri,Xayah,Rakan
BR1_3249061348,1780679642885,2026-06-05 14:14:02,1476,1,0.5254470426409904,,1,0,Akali,Shaco,Sylas,Xayah,Rumble,Kennen,JarvanIV,Talon,Viktor,Rakan
BR1_3249029011,1780671767901,2026-06-05 12:02:47,1813,0,0.685785536159601,0.5602825837682489,1,3,Yasuo,Talon,Diana,Vayne,Maokai,Sion,Rammus,Zed,Xayah,Zilean
BR1_3248300440,1780516433600,2026-06-03 16:53:53,1802,1,0.5618069556451613,0.5391126098078785,2,2,Fiora,Nidalee,Akali,Jhin,Leona,Renekton,Khazix,Qiyana,Hwei,Rell
BR1_3247887755,1780389466772,2026-06-02 05:37:46,2200,1,,0.6938775510204082,0,1,Garen,Kayn,TwistedFate,Karthus,Seraphine,Olaf,Khazix,Viktor,Ezreal,Karma
BR1_3249438710,1780766516278,2026-06-06 14:21:56,1687,0,0.5296610169491526,,1,0,Ziggs,LeeSin,Leblanc,KogMaw,Milio,Malphite,Udyr,Anivia,Yasuo,Bard
BR1_3249205028,1780703399181,2026-06-05 20:49:59,2330,0,0.5511661810088434,0.5866985160995939,3,3,Jax,LeeSin,Lissandra,Karthus,Karma,Teemo,Vi,Garen,Caitlyn,Singed
BR1_3247479609,1780274935534,2026-05-31 21:48:55,1760,0,,0.5357142857142857,0,1,Poppy,Graves,Yasuo,Smolder,Milio,Gangplank,Lillia,Kassadin,Senna,Soraka
BR1_3248375190,1780529054535,2026-06-03 20:24:14,2411,0,0.6066666666666667,0.5605488172240757,1,3,Fiora,Hecarim,Lux,Karthus,Neeko,Yone,Talon,Yasuo,Kaisa,Braum
BR1_3248658413,1780595066468,2026-06-04 14:44:26,1586,0,0.5413421128903703,0.5281173594132029,2,1,Vayne,LeeSin,Syndra,Xerath,Rell,Irelia,Warwick,Viktor,Ziggs,Alistar
BR1_3248198902,1780470711167,2026-06-03 04:11:51,1663,1,0.5631868131868132,0.66,1,1,Fiora,Nunu,Akshan,Seraphine,Nami,Renekton,Gwen,Ziggs,Vladimir,Janna
BR1_3247938613,1780417920401,2026-06-02 13:32:00,1433,0,0.5671422676287061,0.5353053144779322,2,3,Riven,Amumu,Taliyah,Karthus,Bard,Camille,Elise,Hwei,Ezreal,Nami
BR1_3247633799,1780333820242,2026-06-01 14:10:20,2188,0,0.5543766578249337,,1,0,Chogath,Kayn,Yasuo,Ziggs,Nami,Pantheon,Rammus,Vex,Jinx,Lulu
BR1_3247619703,1780329513801,2026-06-01 12:58:33,1943,0,0.5205091937765205,,1,0,Olaf,Graves,Lissandra,Seraphine,Pantheon,TahmKench,Ekko,Xerath,Corki,Thresh
BR1_3249728882,1780831343902,2026-06-07 08:22:23,1401,1,0.522154648132059,0.5562913907284768,1,1,Darius,Rumble,Yasuo,Yunara,Brand,Galio,Lillia,Sivir,Smolder,Nami
BR1_3249202880,1780703465842,2026-06-05 20:51:05,1201,0,0.504907306434024,,1,0,Camille,Ekko,Katarina,Lucian,Braum,Gwen,Shyvana,Tryndamere,Ezreal,Nautilus
BR1_3249052925,1780678276001,2026-06-05 13:51:16,947,0,0.522154648132059,,1,0,Malphite,Nidalee,Ekko,Yunara,Zilean,Darius,Rengar,Quinn,Jhin,Nautilus
BR1_3247572297,1780294785374,2026-06-01 03:19:45,1797,0,0.5678936437667377,0.546376658904224,2,2,Rumble,MonkeyKing,Akshan,Yunara,Lulu,Jax,Rammus,Zed,Mel,Zilean
BR1_3247578532,1780302249054,2026-06-01 05:24:09,1882,1,0.5433925177081155,0.5509917023615654,2,3,Riven,Sylas,Akshan,Corki,Camille,Aatrox,Amumu,Katarina,Varus,Sona
BR1_3248663168,1780595534560,2026-06-04 14:52:14,1507,1,0.5357142857142857,0.558974358974359,1,1,Shen,LeeSin,Kayle,Yunara,Nautilus,Cassiopeia,RekSai,Zed,KogMaw,Braum
BR1_3249724510,1780823389546,2026-06-07 06:09:49,1605,1,0.5514950166112956,0.5441176470588235,1,1,Rumble,RekSai,TwistedFate,Xayah,Rakan,Riven,Nidalee,Veigar,Vayne,Lulu
BR1_3248977763,1780639390819,2026-06-05 03:03:10,922,1,0.5434431422236301,0.5878125000000001,2,2,Cassiopeia,LeeSin,Zoe,Smolder,Nami,Zeri,Vi,Xerath,Jinx,Zilean
BR1_3249293122,1780714598247,2026-06-05 23:56:38,1627,0,0.568279403904765,0.5709565685625436,4,4,Varus,Talon,Cassiopeia,Senna,Karma,Sion,Kindred,Akali,Veigar,Camille
BR1_3247931009,1780414992373,2026-06-02 12:43:12,1690,0,0.5244444444444445,0.6176394124528792,1,2,Kayle,Vi,Ryze,Ezreal,Lissandra,Ambessa,MasterYi,Hwei,Ashe,Seraphine
BR1_3249779830,1780847682129,2026-06-07 12:54:42,915,0,0.5328227571115973,0.504907306434024,1,1,Rumble,Khazix,Katarina,Jhin,Bard,Illaoi,Elise,Diana,Irelia,Seraphine
BR1_3247873926,1780376909571,2026-06-02 02:08:29,1886,0,,0.5801011876322435,0,2,Akali,Nidalee,Ekko,Lucian,Milio,Sion,Graves,Zed,Mel,Seraphine
BR1_3248281043,1780511596485,2026-06-03 15:33:16,72,0,,0.5312954876273653,0,1,Mordekaiser,Zed,Riven,Smolder,Rakan,Darius,Nocturne,Kassadin,Diana,Swain
BR1_3249053665,1780678146165,2026-06-05 13:49:06,1715,1,0.5598643604276283,0.5945525169723438,3,3,Kennen,LeeSin,Mel,Lucian,Sona,Ezreal,Rammus,Kassadin,Fiora,Taric
BR1_3247666642,1780341927768,2026-06-01 16:25:27,1363,1,0.6071974473613817,,2,0,Shen,Ekko,Talon,Smolder,Neeko,Yasuo,Diana,Katarina,Irelia,Rell
BR1_3249971022,1780873648340,2026-06-07 20:07:28,1188,1,0.5468742688690281,0.5604291747464201,2,2,Nasus,Hecarim,Viktor,Ezreal,Ekko,Poppy,Talon,AurelionSol,Jinx,Lulu
BR1_3249007271,1780665375176,2026-06-05 10:16:15,1257,1,0.5482093663911846,0.541343669250646,1,1,Shen,Brand,XinZhao,Ezreal,Thresh,Vayne,Diana,Yasuo,Senna,Karma
BR1_3249083993,1780684518770,2026-06-05 15:35:18,910,0,0.5198647506339814,,1,0,Malphite,Amumu,Viego,Jinx,Poppy,Qiyana,Ekko,Yone,Veigar,Rell
BR1_3247958222,1780422863461,2026-06-02 14:54:23,1975,0,0.6144200626959248,0.5643066275606505,1,4,Rumble,Hecarim,Sylas,Ezreal,KSante,Teemo,JarvanIV,Cassiopeia,Lucian,Camille
BR1_3249880427,1780862706158,2026-06-07 17:05:06,1567,0,0.5932662192393736,0.5955284552845529,2,1,Yasuo,Shyvana,Aphelios,Vladimir,Bard,Pantheon,JarvanIV,Orianna,Heimerdinger,Zyra
BR1_3249769988,1780845695599,2026-06-07 12:21:35,1822,0,,0.5540773466362332,0,2,Renekton,Shyvana,Zoe,Ashe,Seraphine,Gnar,MasterYi,Yone,Ziggs,Senna
BR1_3248364858,1780528179264,2026-06-03 20:09:39,1403,0,,0.5373699148533586,0,1,Vladimir,MasterYi,Yasuo,Smolder,Soraka,Ambessa,Nunu,Annie,Jinx,Seraphine
BR1_3248789734,1780611570611,2026-06-04 19:19:30,1737,1,0.5511191831926173,0.5712630359212051,2,1,Riven,Kindred,Cassiopeia,Brand,Bard,Qiyana,Talon,TwistedFate,Lucian,Nami
BR1_3248215309,1780489705510,2026-06-03 09:28:25,2147,1,,0.5259259259259259,0,1,MonkeyKing,Nunu,Zed,Jhin,Karma,Gangplank,Naafiri,Ahri,Katarina,Senna
BR1_3247978378,1780427500578,2026-06-02 16:11:40,1539,1,0.5327014218009478,0.5486322188449848,1,1,Kled,Karthus,Cassiopeia,Jhin,Rakan,Trundle,Nunu,Akali,Lux,Janna
BR1_3248206268,1780481418655,2026-06-03 07:10:18,1515,0,,0.5514950166112956,0,1,Ambessa,Gwen,Ahri,Ezreal,Karma,Heimerdinger,Viego,Chogath,Samira,Rakan
BR1_3249604329,1780793527333,2026-06-06 21:52:07,1977,1,0.5519361641897016,0.5915518033804448,4,3,Viktor,Hecarim,Yasuo,Ziggs,Rakan,Renekton,LeeSin,Katarina,Akshan,Alistar
BR1_3248206634,1780483716328,2026-06-03 07:48:36,1258,1,,0.5281173594132029,0,1,Yasuo,Naafiri,Syndra,Ezreal,Bard,Teemo,Talon,Cassiopeia,Yunara,TahmKench
BR1_3249123371,1780691227394,2026-06-05 17:27:07,1674,0,0.5619469026548672,,1,0,Katarina,Graves,Qiyana,Swain,Nami,Sion,Rengar,Seraphine,Senna,DrMundo
BR1_3247887450,1780387133985,2026-06-02 04:58:53,1467,0,,0.6244343891402715,0,1,Darius,LeeSin,Kayle,Ashe,Seraphine,Yorick,Rengar,Akali,Jhin,Bard
BR1_3248723096,1780603288214,2026-06-04 17:01:28,1576,0,,0.5357142857142857,0,1,Shen,Khazix,Ryze,Caitlyn,Leona,Olaf,Nidalee,Katarina,Veigar,Maokai
BR1_3248583540,1780582067237,2026-06-04 11:07:47,1998,0,0.541343669250646,0.6178218105101051,1,2,Kalista,RekSai,Zed,AurelionSol,Karma,Vayne,JarvanIV,Kassadin,Varus,Bard
BR1_3248259039,1780505330276,2026-06-03 13:48:50,1196,0,0.5631868131868132,0.5808625336927223,1,1,Gwen,Graves,Kayle,Ashe,Thresh,Yone,Udyr,Heimerdinger,Karthus,Nautilus
BR1_3249064787,1780680707563,2026-06-05 14:31:47,915,0,,0.511686143572621,0,1,Riven,JarvanIV,Diana,Tristana,Janna,KSante,Quinn,Sion,Twitch,Lulu
BR1_3249147286,1780695173047,2026-06-05 18:32:53,298,1,0.5799463447350771,0.5576298701298701,2,2,Anivia,LeeSin,Syndra,Kaisa,Alistar,Qiyana,Shyvana,Kassadin,Ziggs,Nautilus
BR1_3248626109,1780590006388,2026-06-04 13:20:06,1762,1,0.5413046735491415,0.5428201686520883,3,2,Camille,Evelynn,Talon,Morgana,Leona,Akali,Naafiri,Anivia,Smolder,Thresh
BR1_3249801431,1780851427848,2026-06-07 13:57:07,1534,1,0.5414012738853503,0.5908688282354078,1,2,Riven,Rengar,Nasus,Brand,Bard,Renekton,Shyvana,Malzahar,Ezreal,Sona
BR1_3248010447,1780434573586,2026-06-02 18:09:33,2207,0,,0.5596330275229358,0,1,Yorick,Ivern,Akshan,MissFortune,TwistedFate,Gangplank,XinZhao,Lux,Jinx,Lulu
BR1_3249060077,1780679228444,2026-06-05 14:07:08,1373,0,0.5534682080924855,0.5449678800856531,1,1,KSante,Kayn,Kassadin,Ezreal,Thresh,Fiora,Nidalee,Lux,Sivir,TwistedFate
BR1_3249386620,1780755364841,2026-06-06 11:16:04,1394,0,0.5576131687242798,,1,0,Ornn,Qiyana,Lux,Ezreal,Nami,Aurora,LeeSin,Annie,Caitlyn,Neeko
BR1_3247562417,1780288648550,2026-06-01 01:37:28,2300,0,,0.5552249327824775,0,2,Pantheon,Lillia,Talon,Veigar,Alistar,Varus,Shaco,Zed,Sivir,Karma
BR1_3247924062,1780413252122,2026-06-02 12:14:12,1586,1,0.5389611189592299,0.5441022498020889,2,2,Ambessa,Skarner,Cassiopeia,Karthus,Sona,Mordekaiser,JarvanIV,Naafiri,Hwei,Leona
BR1_3249751083,1780840726370,2026-06-07 10:58:46,1504,1,,0.5281173594132029,0,1,Akali,MasterYi,Yasuo,Senna,Soraka,Irelia,Khazix,Lissandra,Seraphine,Milio
BR1_3247750136,1780356474010,2026-06-01 20:27:54,2058,1,,0.5259259259259259,0,1,Rumble,Khazix,Taliyah,Kaisa,Rell,Malphite,Viego,Lux,Yasuo,TahmKench
BR1_3248999183,1780661467541,2026-06-05 09:11:07,1552,0,0.5481356479512154,0.5466774799318135,2,2,Akali,Sylas,Riven,Tristana,Karma,Renekton,Quinn,Diana,Kaisa,Elise
BR1_3248242640,1780501263775,2026-06-03 12:41:03,1421,0,,0.504907306434024,0,1,Jayce,MasterYi,Aurora,Ashe,Seraphine,Malphite,Elise,MonkeyKing,Jhin,Rell
BR1_3247520355,1780279792185,2026-05-31 23:09:52,1635,0,0.5710382513661202,,1,0,Gwen,Rengar,Talon,Caitlyn,Camille,Jayce,Viego,Chogath,Sion,Senna
BR1_3248236615,1780499764167,2026-06-03 12:16:04,1700,1,0.5270655270655271,0.5401051279267542,1,3,Renekton,Vi,Ahri,Jhin,Soraka,Ornn,Viego,Vex,Smolder,Sona
BR1_3248699238,1780600350558,2026-06-04 16:12:30,1519,0,0.5787147293578162,0.5795454545454546,3,1,Fiora,XinZhao,Annie,Jhin,Sona,Sion,Khazix,Diana,MissFortune,Morgana
BR1_3247829772,1780366377284,2026-06-01 23:12:57,1686,0,,0.5795454545454546,0,1,TahmKench,Zed,Veigar,Senna,Rakan,Riven,Diana,Orianna,Ezreal,Janna
BR1_3247836869,1780367535615,2026-06-01 23:32:15,2209,0,0.5471108107405578,0.5428358158872962,2,3,Ambessa,Ekko,Kassadin,Ezreal,Sona,Irelia,JarvanIV,Syndra,Brand,Nami
BR1_3247665551,1780341667121,2026-06-01 16:21:07,1715,1,0.6164623467600701,0.5562913907284768,1,1,Vladimir,Naafiri,Twitch,Jhin,TwistedFate,Nasus,Karthus,Malphite,Tristana,Rell
BR1_3249707540,1780811090736,2026-06-07 02:44:50,1547,1,0.6244343891402715,,1,0,Shen,Hecarim,Ryze,Yunara,Nautilus,Aatrox,LeeSin,Zed,Aphelios,Soraka
BR1_3247552797,1780286260923,2026-06-01 00:57:40,2128,1,0.554639175257732,0.5511363636363636,1,1,Udyr,Shaco,Anivia,Jhin,Velkoz,Sion,Kayn,Ekko,Kaisa,Nautilus
BR1_3247615931,1780328477100,2026-06-01 12:41:17,2370,0,0.5175879396984925,0.572829131652661,1,1,Fiora,Nunu,Diana,Annie,Senna,Zed,Vayne,Quinn,Twitch,Seraphine
BR1_3247809911,1780363760911,2026-06-01 22:29:20,1454,1,,0.5431841831425598,0,1,Aurora,LeeSin,Azir,Tristana,Karma,Shen,Aatrox,Ahri,Ashe,Milio
BR1_3249078323,1780682835650,2026-06-05 15:07:15,1719,1,0.5622710622710623,,1,0,Rumble,Graves,Malzahar,Jinx,Soraka,Quinn,Gragas,Yasuo,Karthus,Seraphine
BR1_3249035928,1780674220205,2026-06-05 12:43:40,1465,1,0.5981308411214953,0.5327014218009478,1,1,Garen,Talon,Akali,Lucian,Blitzcrank,Karthus,Nidalee,Yasuo,Vayne,Milio
BR1_3249379816,1780753492701,2026-06-06 10:44:52,925,1,0.5527831094049904,,1,0,Vladimir,Belveth,Akali,Yasuo,Senna,Quinn,Kayn,Katarina,Ezreal,Rell
BR1_3247587684,1780316768498,2026-06-01 09:26:08,915,1,0.5281173594132029,0.5485074626865671,1,1,Garen,Hecarim,Rumble,Kaisa,Rell,Ryze,Graves,Yasuo,Vayne,TahmKench
BR1_3247907478,1780407218871,2026-06-02 10:33:38,1451,1,0.5363128491620112,,1,0,Yorick,JarvanIV,Syndra,Caitlyn,Nautilus,Yone,Quinn,Heimerdinger,Varus,Braum
BR1_3248364615,1780528054373,2026-06-03 20:07:34,2029,1,0.5192582025677603,0.54296875,1,1,Kayle,LeeSin,Malzahar,Vayne,TwistedFate,Ambessa,Ekko,Zed,Kalista,Bard
BR1_3249476332,1780772826451,2026-06-06 16:07:06,1948,0,0.6304347826086957,0.5340806411254448,1,2,Volibear,Graves,Riven,Senna,Karma,Poppy,Shyvana,Galio,Yunara,Leona
BR1_3247547194,1780284262006,2026-06-01 00:24:22,1621,0,0.5446009389671361,,1,0,Jayce,Ekko,Qiyana,Varus,Velkoz,Malphite,Viego,Akali,Lucian,Janna
BR1_3247593181,1780318717619,2026-06-01 09:58:37,1872,0,0.5532319391634981,,1,0,Irelia,Hecarim,Vladimir,Ezreal,Swain,Singed,Rammus,Zed,KogMaw,Lulu
BR1_3249909833,1780866559237,2026-06-07 18:09:19,1333,1,0.5243328100470958,,1,0,Zoe,Gwen,Yasuo,Seraphine,Thresh,Renekton,Viego,XinZhao,Xayah,Rakan
BR1_3248652887,1780594623189,2026-06-04 14:37:03,1420,0,0.5691699604743083,,1,0,Kennen,XinZhao,Draven,Velkoz,Yuumi,Olaf,Nunu,Akshan,Jhin,Nautilus
BR1_3248268266,1780508631356,2026-06-03 14:43:51,1519,0,,0.5935483870967742,0,1,Fizz,Ivern,Veigar,Twitch,Maokai,Teemo,MasterYi,Lux,Morgana,Xerath
BR1_3249287115,1780713735670,2026-06-05 23:42:15,1514,1,0.5631868131868132,,1,0,Akali,XinZhao,Sion,Ezreal,Lulu,Darius,Zed,Katarina,Lucian,Nami
BR1_3248938179,1780628582891,2026-06-05 00:03:02,1626,0,0.5689648512939358,0.5935892944861852,2,3,Singed,DrMundo,Irelia,Lucian,Senna,Aurora,Shyvana,Leblanc,Sivir,Soraka
BR1_3248155484,1780454229263,2026-06-02 23:37:09,1621,1,0.5687692421390372,0.5487615224700808,3,4,Akali,Kindred,Riven,Jhin,Milio,Vayne,XinZhao,Zoe,Nilah,Zilean
BR1_3247702052,1780349324080,2026-06-01 18:28:44,1742,0,0.5501618122977346,0.5726938621067208,1,3,Vladimir,RekSai,Katarina,Caitlyn,Seraphine,Aatrox,Vi,Lux,Ezreal,Karma
BR1_3249726554,1780826818118,2026-06-07 07:06:58,2040,0,,0.5480769230769231,0,1,Aatrox,Fizz,Yone,Yunara,Taric,Riven,Belveth,Akali,Kaisa,Lulu
BR1_3249960443,1780872661086,2026-06-07 19:51:01,918,0,0.5373699148533586,0.5408571428571429,1,2,Anivia,Ambessa,Viktor,Ezreal,Seraphine,Akali,LeeSin,Aurora,Jhin,Sona
BR1_3249845822,1780858269806,2026-06-07 15:51:09,1743,0,0.5437956204379562,0.5198647506339814,1,1,Warwick,Talon,Yone,Hwei,Nautilus,Jayce,Viego,Viktor,Anivia,Thresh
BR1_3249362200,1780743271869,2026-06-06 07:54:31,1888,0,,0.5406651098990822,0,2,Yasuo,Karthus,Akshan,KogMaw,Senna,Jax,Darius,Viktor,Vladimir,Pantheon
BR1_3248921264,1780626342138,2026-06-04 23:25:42,1695,0,0.5522788203753352,,1,0,TahmKench,LeeSin,Lissandra,Jhin,Heimerdinger,Jayce,Nidalee,Hwei,Twitch,Nautilus
BR1_3248574117,1780579410187,2026-06-04 10:23:30,1499,0,,0.5732873115888313,0,2,Cassiopeia,LeeSin,TahmKench,MissFortune,Leblanc,Renekton,MasterYi,Ahri,Kaisa,Mel
BR1_3249975681,1780874415658,2026-06-07 20:20:15,1969,1,0.5573366654459483,0.5668032574628884,3,3,Jayce,Kayn,Kayle,Veigar,Alistar,Yasuo,Nocturne,Riven,Singed,Lissandra
BR1_3247937227,1780417184150,2026-06-02 13:19:44,1448,0,0.5467542473173792,0.5624483897605285,2,2,Shen,Ambessa,Zoe,Caitlyn,Brand,Darius,LeeSin,Mel,Twitch,Karma
BR1_3247941243,1780418444175,2026-06-02 13:40:44,1502,0,0.5441176470588235,0.5444324657323272,1,2,Cassiopeia,Diana,Renekton,MissFortune,Janna,Kennen,Rengar,Ahri,Yasuo,Rell
BR1_3248652656,1780594506826,2026-06-04 14:35:06,1673,0,,0.5619469026548672,0,1,Renekton,MonkeyKing,Twitch,Jhin,Karma,Gangplank,Ekko,Riven,Varus,Lulu
BR1_3247590898,1780318491085,2026-06-01 09:54:51,2034,0,0.5281173594132029,0.5357142857142857,1,1,Gangplank,RekSai,Annie,Varus,Leona,Ryze,LeeSin,Kayle,Jhin,Xerath
BR1_3247516038,1780279064438,2026-05-31 22:57:44,2069,1,0.5449678800856531,0.570230607966457,1,1,KogMaw,Nasus,XinZhao,Zeri,Yuumi,Gangplank,Shyvana,Qiyana,MissFortune,Sona
BR1_3249421216,1780762928117,2026-06-06 13:22:08,1603,0,0.5576131687242798,0.5486322188449848,1,1,Gwen,Rengar,Kassadin,Senna,Alistar,Shen,Nasus,Sylas,Kaisa,Nami
BR1_3247888479,1780390821590,2026-06-02 06:00:21,1775,1,0.5544871794871795,0.5219491409862748,1,3,Darius,LeeSin,Tristana,Mel,Bard,Aurora,JarvanIV,Vladimir,Vayne,Thresh
BR1_3249556726,1780785858310,2026-06-06 19:44:18,1783,1,0.5467376713861101,0.5583487776938938,2,4,Twitch,Hecarim,KSante,Ezreal,Janna,Vayne,Khazix,Zac,Corki,Nami
BR1_3249628295,1780796673749,2026-06-06 22:44:33,72,1,,0.5259259259259259,0,1,Olaf,Graves,Ryze,Lucian,Nami,Diana,Jax,Lux,Zeri,Lulu
BR1_3249181685,1780700504917,2026-06-05 20:01:44,1937,0,0.5544871794871795,,1,0,Jayce,Qiyana,Ekko,KogMaw,Blitzcrank,Gragas,Nocturne,KSante,Aphelios,Thresh
BR1_3248441681,1780537340622,2026-06-03 22:42:20,1831,0,,0.5666666666666667,0,1,Aatrox,Rengar,Orianna,Aphelios,Rell,Jax,DrMundo,Ryze,Vayne,Nami
BR1_3248554928,1780571042313,2026-06-04 08:04:02,1698,1,0.5327014218009478,0.5357142857142857,1,1,Olaf,Kindred,TwistedFate,Karthus,TahmKench,Yorick,Diana,Kassadin,Varus,Milio
BR1_3248968291,1780635084743,2026-06-05 01:51:24,1130,1,,0.6938775510204082,0,1,Rengar,Evelynn,Naafiri,Draven,Zoe,Sejuani,MonkeyKing,Vladimir,Smolder,Senna
BR1_3248640380,1780592605904,2026-06-04 14:03:25,1683,1,0.5531765353021881,0.5801768747375011,3,2,Riven,LeeSin,Ahri,Nilah,Milio,Olaf,Khazix,Lucian,Brand,TwistedFate
BR1_3247652871,1780339089709,2026-06-01 15:38:09,1669,0,0.5170266059176056,0.5524415005221207,2,3,Varus,Diana,TwistedFate,Ashe,Seraphine,Irelia,Quinn,Kassadin,Xayah,Rakan
BR1_3248077219,1780444543897,2026-06-02 20:55:43,1787,0,0.5547175693309766,0.5738714359210958,3,3,Nasus,XinZhao,Yasuo,Mel,Seraphine,Renekton,Jax,Taliyah,Caitlyn,Elise
BR1_3249484756,1780774344139,2026-06-06 16:32:24,1632,0,,0.5259259259259259,0,1,Ambessa,LeeSin,Veigar,Ezreal,Sona,Illaoi,Qiyana,Diana,Yasuo,Nautilus
BR1_3248545034,1780556187669,2026-06-04 03:56:27,1994,1,0.5399381182824112,0.5935357533203061,2,2,Gangplank,RekSai,Syndra,Samira,Chogath,Aatrox,Taliyah,Ekko,Varus,Lulu
BR1_3248195410,1780465564649,2026-06-03 02:46:04,1528,0,,0.504907306434024,0,1,Renekton,Nocturne,Kassadin,Ezreal,Senna,Jax,Elise,Vladimir,Samira,Pyke
BR1_3248069166,1780443509572,2026-06-02 20:38:29,71,1,0.547121857822247,0.5346328323757856,2,2,Riven,Udyr,Viktor,Caitlyn,Hwei,Renekton,Vi,TwistedFate,Veigar,Sona
BR1_3247763520,1780358120202,2026-06-01 20:55:20,1190,0,,0.5107741420590582,0,1,Riven,Kayn,Zac,AurelionSol,Bard,Gragas,Rengar,Malzahar,Ezreal,Karma
BR1_3247822408,1780365207986,2026-06-01 22:53:27,1163,0,0.554639175257732,,1,0,Singed,Talon,Ziggs,Xerath,Braum,Gnar,XinZhao,Ekko,Senna,Karma
BR1_3247568792,1780293186572,2026-06-01 02:53:06,2614,0,0.5321637426900585,0.5522183994908918,1,2,Rumble,Zed,Qiyana,Senna,Nautilus,KSante,Nidalee,Kayle,Jhin,Velkoz
BR1_3248009917,1780434959203,2026-06-02 18:15:59,1383,1,,0.5422535211267606,0,1,Sion,Quinn,Veigar,Seraphine,Soraka,Camille,Nunu,Gragas,KogMaw,Nautilus
BR1_3247617539,1780328636754,2026-06-01 12:43:56,1490,0,0.5357142857142857,0.5532319391634981,1,1,Kayle,LeeSin,Xerath,Senna,Nami,Yone,Hecarim,Viktor,Vladimir,Bard
BR1_3247665876,1780341952728,2026-06-01 16:25:52,1948,1,0.515625,0.5243328100470958,1,1,Urgot,Hecarim,Vladimir,Lucian,Nami,Kayle,LeeSin,Yasuo,Viktor,Pyke
BR1_3247922359,1780412724960,2026-06-02 12:05:24,1440,1,0.6938775510204082,0.5795492380586502,1,2,Qiyana,Udyr,Syndra,Lucian,Milio,Pantheon,Naafiri,Viktor,Tristana,Nami
BR1_3248806630,1780613435227,2026-06-04 19:50:35,923,1,,0.5615173809019919,0,2,Yone,RekSai,Xerath,Caitlyn,Janna,Jayce,LeeSin,Yasuo,AurelionSol,Rell
BR1_3247732040,1780354105198,2026-06-01 19:48:25,1460,0,0.5478641108528163,0.5450819672131147,2,1,Malphite,Elise,Zed,Varus,Nami,Ornn,XinZhao,Ahri,Ezreal,Janna
BR1_3249020522,1780670030423,2026-06-05 11:33:50,2012,0,0.5135440180586908,0.5847255369928401,1,1,Naafiri,Talon,TwistedFate,Jhin,Nami,Varus,Rengar,Viktor,Kalista,Seraphine
BR1_3249415408,1780761882682,2026-06-06 13:04:42,1976,1,0.5449678800856531,0.5548974199103351,1,2,Riven,Nocturne,Vladimir,Heimerdinger,Milio,Darius,Viego,Twitch,Mel,Sona
BR1_3247969332,1780425440922,2026-06-02 15:37:20,1584,0,,0.511686143572621,0,1,Olaf,Nidalee,Ahri,Samira,Nautilus,Rumble,Nunu,Naafiri,Jhin,Alistar
BR1_3248170683,1780457272194,2026-06-03 00:27:52,1446,0,,0.5238095238095238,0,1,Pantheon,Naafiri,Viktor,Ezreal,Brand,Riven,Lillia,Xerath,Aphelios,Rell
BR1_3249798611,1780851009075,2026-06-07 13:50:09,1382,1,0.5901386748844376,0.5691699604743083,1,1,Aatrox,Pantheon,Akali,Caitlyn,Anivia,Riven,Nidalee,Ekko,Lucian,Pyke
BR1_3247759470,1780357674025,2026-06-01 20:47:54,1110,0,0.5531914893617021,0.5710382513661202,1,1,Lucian,Graves,Karthus,Ezreal,Bard,Vayne,LeeSin,Talon,Ashe,Seraphine
BR1_3249648765,1780799651504,2026-06-06 23:34:11,1568,0,,0.5531914893617021,0,1,Gragas,Naafiri,TwistedFate,Tristana,Lulu,Karthus,Jayce,Riven,Xayah,Soraka
BR1_3248076895,1780444775752,2026-06-02 20:59:35,1834,0,,0.5408299866131191,0,1,Vladimir,Graves,Briar,Jinx,Janna,Cassiopeia,LeeSin,Taliyah,Xayah,Soraka
BR1_3247758036,1780357410107,2026-06-01 20:43:30,2054,1,0.5692040870705072,0.5763760147792414,4,4,KSante,Shyvana,Viktor,AurelionSol,Nautilus,Gangplank,LeeSin,Aurora,Kalista,TwistedFate
BR1_3247885489,1780384764054,2026-06-02 04:19:24,2097,1,0.6358695652173914,,1,0,Darius,Graves,Lux,MissFortune,Milio,Vladimir,Kayn,Aurora,Caitlyn,Karma
BR1_3248064331,1780443042575,2026-06-02 20:30:42,1892,1,,0.5629770992366412,0,1,Jax,Aatrox,AurelionSol,Jinx,Thresh,Ambessa,Warwick,Zac,Lissandra,Hwei
BR1_3249368548,1780749164174,2026-06-06 09:32:44,2000,0,,0.5193905817174516,0,1,Quinn,MonkeyKing,Xerath,Kaisa,Pyke,Jax,LeeSin,AurelionSol,Ashe,Braum
BR1_3249336818,1780723307486,2026-06-06 02:21:47,1435,0,0.5193905817174516,,1,0,Jax,Gragas,Lux,Ashe,Seraphine,Yasuo,Diana,Riven,Olaf,Taric
BR1_3248202965,1780478816867,2026-06-03 06:26:56,1717,1,0.5980392156862745,0.5884476534296029,1,1,Gragas,Skarner,Diana,Jhin,Rell,Gwen,Hecarim,Zed,Samira,Alistar
BR1_3247781811,1780360357094,2026-06-01 21:32:37,1191,0,,0.5168661588683352,0,1,Warwick,Diana,Zed,Draven,Camille,Chogath,LeeSin,Lissandra,Ezreal,Xerath
BR1_3248536469,1780552327762,2026-06-04 02:52:07,1565,0,0.5646359583952452,0.5541085920959774,1,3,Fiora,Rammus,Viktor,Vladimir,Braum,Kayle,Zaahen,Zed,Nilah,Nautilus
BR1_3248756531,1780607520172,2026-06-04 18:12:00,1723,0,0.541343669250646,0.531499859277297,1,2,Vayne,Rammus,Veigar,Lux,Nautilus,Irelia,Diana,Aurora,Yunara,Lulu
BR1_3249495996,1780776064809,2026-06-06 17:01:04,1843,0,0.5473096021121864,0.5986879436154222,4,2,Aurora,Graves,Viego,Ezreal,Bard,Jayce,Naafiri,Ryze,Jhin,Janna
BR1_3248760071,1780607732419,2026-06-04 18:15:32,2192,0,,0.558974358974359,0,1,Illaoi,Zac,Orianna,Varus,Taliyah,Olaf,Sejuani,Yone,Caitlyn,Galio
BR1_3248454876,1780538828352,2026-06-03 23:07:08,936,0,,0.5424769703172978,0,1,Aatrox,Skarner,Zilean,Jinx,Sona,Riven,Kayn,Malzahar,Jhin,Karma
BR1_3249734989,1780835702043,2026-06-07 09:35:02,964,0,0.5592199871788208,0.5556338028169014,2,2,Jayce,Kayn,Vladimir,Varus,KogMaw,Malphite,Talon,Zed,Zyra,Karma
BR1_3247523204,1780280082160,2026-05-31 23:14:42,1594,0,0.5743267446025595,0.5491850025627417,2,5,Jayce,Lillia,Yone,Ezreal,Karma,Irelia,Zac,Xerath,Caitlyn,Sona
BR1_3248375828,1780529419700,2026-06-03 20:30:19,1267,0,0.5919243096385549,0.5627013530369797,3,4,Pantheon,Naafiri,Brand,Yunara,Rell,KSante,Kayn,Annie,Kalista,Zac
BR1_3247640406,1780335529683,2026-06-01 14:38:49,1588,1,0.5566983901340323,0.6122176186013766,2,2,Zed,Kayn,Aurora,Ezreal,Sylas,Sion,Ekko,Akali,Yunara,Galio
BR1_3248028715,1780438252540,2026-06-02 19:10:52,1663,0,,0.522154648132059,0,1,Leblanc,Vi,DrMundo,Velkoz,Leona,Rumble,XinZhao,Riven,Varus,Sona
BR1_3247661615,1780340746718,2026-06-01 16:05:46,1694,0,0.5543164753872818,0.5363636363636364,2,1,Vi,LeeSin,Aurora,Varus,Janna,Zed,Shyvana,Cassiopeia,Ashe,Bard
BR1_3248992541,1780656652576,2026-06-05 07:50:52,1482,0,0.5281173594132029,0.555301150780831,1,2,Jayce,Talon,TwistedFate,Lucian,Braum,Yasuo,LeeSin,Katarina,Yunara,Thresh
BR1_3249072855,1780682302355,2026-06-05 14:58:22,1506,1,0.5575357379602176,0.6051186507070409,3,3,Ornn,Khazix,Zed,Karthus,Neeko,KSante,LeeSin,Ekko,Ezreal,Pantheon
BR1_3247587706,1780316823811,2026-06-01 09:27:03,482,0,0.560920128920129,0.5284133510991399,3,3,Yasuo,Nidalee,Annie,Senna,Nautilus,Renekton,Viego,Aurora,Lucian,Yuumi
BR1_3248757952,1780607890753,2026-06-04 18:18:10,914,1,0.5712630359212051,0.5707005623242737,1,2,Quinn,Diana,TwistedFate,Jinx,Nami,Gangplank,Naafiri,Veigar,Aphelios,Milio
BR1_3247734798,1780354783389,2026-06-01 19:59:43,1720,1,,0.5135440180586908,0,1,Aatrox,Nasus,Ekko,Ashe,Rakan,Darius,Skarner,Irelia,Karthus,Bard
BR1_3248621400,1780589419792,2026-06-04 13:10:19,621,1,,0.5304054054054054,0,1,Gangplank,MonkeyKing,Leblanc,Ezreal,Karma,Aurora,Naafiri,KogMaw,Ashe,Seraphine
BR1_3249069859,1780681642648,2026-06-05 14:47:22,1568,0,,0.5414012738853503,0,1,Lissandra,Nocturne,Anivia,Xayah,Karma,Akali,Naafiri,Ekko,Ezreal,Thresh
BR1_3248542083,1780554041821,2026-06-04 03:20:41,1883,0,0.5509958357441469,0.5573729335265772,2,3,Elise,LeeSin,Orianna,Caitlyn,Lux,Rumble,Hecarim,Quinn,Karma,Mel
BR1_3247725942,1780353501392,2026-06-01 19:38:21,1547,0,0.5391304347826087,0.5934493730114168,1,2,Riven,Elise,Syndra,Draven,Karma,Garen,RekSai,Annie,Brand,Nautilus
BR1_3249317618,1780718620725,2026-06-06 01:03:40,1730,1,0.5329650779432439,0.5900990099009901,2,1,Udyr,LeeSin,Nasus,Yunara,Braum,Aatrox,Zyra,Vladimir,Ashe,Xerath
BR1_3249760421,1780843276225,2026-06-07 11:41:16,1135,0,0.5353989691787521,0.5706499171314839,3,4,Riven,Draven,Ahri,DrMundo,Sona,Gnar,Naafiri,Cassiopeia,Ezreal,Bard
BR1_3249322377,1780719357011,2026-06-06 01:15:57,2021,1,0.5962264150943396,,1,0,KSante,Talon,Lissandra,Zeri,Maokai,Renekton,Fizz,Pantheon,Xerath,Camille
BR1_3249921646,1780867964181,2026-06-07 18:32:44,2124,0,,0.5850340136054422,0,1,Malphite,Talon,Kassadin,Kaisa,Pyke,Singed,Sejuani,Qiyana,Ezreal,Seraphine
BR1_3248240971,1780501558293,2026-06-03 12:45:58,1405,1,0.5455627577291858,0.5433925177081155,3,2,Ekko,Zaahen,Zed,Karthus,Morgana,Sylas,Khazix,Yone,Ezreal,Leona
BR1_3249565713,1780787316223,2026-06-06 20:08:36,1855,1,0.5652518978605936,0.5603892506715341,2,2,Sett,XinZhao,Vladimir,Zyra,Lissandra,Riven,Diana,Zed,Yunara,Renata
BR1_3248416047,1780534279074,2026-06-03 21:51:19,1923,1,0.5270655270655271,,1,0,Renekton,Vi,Ekko,Jhin,Bard,Vayne,Skarner,Annie,Sivir,Soraka
BR1_3248989043,1780647566093,2026-06-05 05:19:26,1411,0,0.5663322185061316,0.5631868131868132,1,1,Naafiri,Ekko,Zed,Kaisa,Camille,Aatrox,Rengar,Diana,Lux,Poppy
BR1_3247437451,1780270403315,2026-05-31 20:33:23,2178,0,0.5422535211267606,,1,0,Garen,Tryndamere,Hwei,Zeri,Thresh,Teemo,XinZhao,Singed,MissFortune,Rell
BR1_3249957233,1780872163892,2026-06-07 19:42:43,2162,1,0.5596330275229358,0.5321637426900585,1,1,Gangplank,Ivern,Zed,Sivir,Leona,Ambessa,LeeSin,Yasuo,Karthus,Lux
BR1_3248385032,1780530488264,2026-06-03 20:48:08,1385,1,0.5572017800933463,0.5750838152711424,2,2,Yone,MasterYi,Zed,Lux,Soraka,Garen,TwistedFate,Orianna,Kaisa,Thresh
BR1_3248691793,1780599567715,2026-06-04 15:59:27,1627,1,0.6024096385542169,0.543450064850843,1,1,Quinn,Khazix,Ekko,Zeri,Thresh,Gnar,Udyr,Zed,Aphelios,Nautilus
BR1_3248049626,1780441126647,2026-06-02 19:58:46,1989,0,,0.5422535211267606,0,1,Darius,Hecarim,Akali,Ezreal,Karma,Mordekaiser,Quinn,Hwei,Kaisa,Nautilus
BR1_3248555024,1780567381521,2026-06-04 07:03:01,1344,0,0.5488029465930019,,1,0,Nasus,LeeSin,Velkoz,Yunara,Seraphine,Gangplank,Hecarim,Lux,Sivir,Rakan
BR1_3247902105,1780404388013,2026-06-02 09:46:28,1650,0,0.5715434143436675,0.6109974552168056,2,2,Singed,LeeSin,Sylas,Jhin,Neeko,Kayle,Zaahen,Ahri,Senna,Nautilus
BR1_3248808299,1780613477694,2026-06-04 19:51:17,1483,1,,0.5522788203753352,0,1,Jayce,LeeSin,TwistedFate,Sivir,Janna,Ambessa,Graves,Xerath,Seraphine,Velkoz
BR1_3247889083,1780388658862,2026-06-02 05:24:18,1713,0,0.5413840139539783,0.5495717286615982,3,4,KSante,Lillia,Jayce,Vayne,Nautilus,Riven,Rammus,Annie,Cassiopeia,Senna
BR1_3249875708,1780862229941,2026-06-07 16:57:09,1742,0,,0.5154717191043658,0,2,Akali,LeeSin,Kassadin,Ezreal,Janna,Anivia,Elise,Hwei,Lucian,Bard
BR1_3247887604,1780388221277,2026-06-02 05:17:01,1927,0,0.5192582025677603,,1,0,Zaahen,LeeSin,Kassadin,MissFortune,Bard,Darius,MonkeyKing,Xerath,Vayne,Soraka
BR1_3249148739,1780695632957,2026-06-05 18:40:32,1349,1,0.581108957496885,0.5367513636766793,2,2,Teemo,LeeSin,Talon,Ashe,Sona,Ornn,Kayn,TwistedFate,Lucian,Braum
BR1_3249199702,1780703082799,2026-06-05 20:44:42,2051,0,,0.5531914893617021,0,1,Sylas,Talon,Pantheon,Ashe,Blitzcrank,Seraphine,Rammus,Vayne,Karthus,Alistar
BR1_3248989641,1780651698635,2026-06-05 06:28:18,1750,1,0.5281173594132029,,1,0,Trundle,MonkeyKing,Ahri,Ashe,Lulu,Mordekaiser,Olaf,Kassadin,Caitlyn,Gragas
BR1_3248200120,1780471332465,2026-06-03 04:22:12,1414,0,0.5188650317728107,,2,0,Gnar,Elise,Vladimir,Kaisa,Velkoz,DrMundo,Vi,Annie,Ezreal,Swain
BR1_3249578245,1780789379628,2026-06-06 20:42:59,1366,1,0.5619469026548672,0.5192582025677603,1,1,Qiyana,Rengar,Sylas,Jhin,Sona,Yasuo,Talon,Ekko,Ashe,Seraphine
BR1_3248985552,1780644845542,2026-06-05 04:34:05,1907,0,,0.5710382513661202,0,1,Graves,LeeSin,Mel,Karthus,Maokai,Teemo,Brand,Talon,Yunara,Lulu
BR1_3247811387,1780363737451,2026-06-01 22:28:57,1944,1,0.5394045534150613,0.5822897340754484,1,2,Qiyana,LeeSin,Veigar,Lucian,Maokai,Pantheon,Briar,Sylas,Corki,Rakan
BR1_3248269648,1780509149090,2026-06-03 14:52:29,1947,0,0.5543859649122806,0.5500344749441892,1,2,Zeri,Belveth,Ahri,Nilah,Rakan,Yone,Rengar,Vladimir,Jinx,Thresh
BR1_3249173479,1780699166457,2026-06-05 19:39:26,1565,0,0.5198647506339814,,1,0,Sett,Shaco,Malzahar,Zeri,Karma,Diana,Ekko,Tryndamere,Caitlyn,Nami
BR1_3248175880,1780458528221,2026-06-03 00:48:48,2213,1,0.566707766757628,0.5596491228070175,2,2,Riven,Nidalee,Ahri,Zeri,Soraka,Renekton,Khazix,Mel,Corki,Nami
BR1_3247823624,1780365394725,2026-06-01 22:56:34,1440,0,,0.6938775510204082,0,1,Aatrox,Ekko,Yasuo,Vayne,Xerath,Jax,Khazix,Briar,Brand,Bard
BR1_3248246555,1780502397000,2026-06-03 12:59:57,1292,1,0.5522788203753352,0.5205091937765205,1,1,Jax,LeeSin,Lux,Xayah,Rakan,Olaf,Graves,Kassadin,Varus,Xerath
BR1_3247495730,1780276744585,2026-05-31 22:19:04,1541,0,,0.5198647506339814,0,1,Singed,Amumu,Qiyana,Karthus,Rell,Volibear,Sylas,Viego,Jinx,Karma
BR1_3249841836,1780857736654,2026-06-07 15:42:16,1266,0,0.5850340136054422,,1,0,Mordekaiser,Vi,Irelia,Jhin,Zoe,Renekton,Warwick,Syndra,Zeri,Lulu
BR1_3249726567,1780826941013,2026-06-07 07:09:01,1487,0,,0.5193905817174516,0,1,Malphite,Sejuani,Yasuo,Kaisa,Milio,Zaahen,Shaco,Nasus,Ashe,Braum
BR1_3249818305,1780854013034,2026-06-07 14:40:13,1587,0,,0.5107741420590582,0,1,Swain,Briar,Irelia,Lucian,Milio,Gragas,LeeSin,Yone,Samira,Bard
BR1_3249804047,1780851693098,2026-06-07 14:01:33,1806,0,0.5282011615226598,0.5260361317747078,2,1,Zac,JarvanIV,Zed,Nilah,Nautilus,Aatrox,Kindred,Lux,Senna,Soraka
BR1_3248394843,1780531930207,2026-06-03 21:12:10,1349,0,,0.6093117408906883,0,1,Irelia,Graves,Zoe,Karthus,Rell,Aurora,Quinn,Akshan,Draven,Alistar
BR1_3248197422,1780468425454,2026-06-03 03:33:45,1812,0,0.5562913907284768,0.66,1,1,KSante,Ekko,Akali,Xayah,Rakan,Gragas,Vi,Riven,Vladimir,Xerath
BR1_3248974175,1780636846971,2026-06-05 02:20:46,921,1,0.5853994490358126,0.5270655270655271,1,1,Renekton,Naafiri,Akali,Yasuo,Janna,Irelia,Talon,Gragas,Yunara,Braum
BR1_3248469047,1780540320941,2026-06-03 23:32:00,970,1,0.5531914893617021,,1,0,Nasus,LeeSin,Kled,Karthus,Zilean,Ornn,Kayn,Syndra,Lucian,Janna
BR1_3249003918,1780664800804,2026-06-05 10:06:40,1743,1,0.558974358974359,0.5574203076532178,1,2,Shen,XinZhao,Vex,Caitlyn,Bard,Vladimir,Quinn,Zed,Sivir,Lulu
BR1_3249121599,1780690882672,2026-06-05 17:21:22,2019,0,0.5391931668133803,0.5666666666666667,2,1,Poppy,Nunu,Corki,Syndra,Karma,Yasuo,DrMundo,Brand,Mel,Seraphine
BR1_3248562680,1780575799864,2026-06-04 09:23:19,1866,0,,0.5280748663101604,0,1,Kled,Graves,Zed,Seraphine,Brand,Illaoi,LeeSin,Akshan,Jinx,Karma
BR1_3247867113,1780373226319,2026-06-02 01:07:06,2131,1,0.5450819672131147,0.6938775510204082,1,1,Singed,MasterYi,Zed,Hwei,Soraka,Aatrox,Khazix,Gragas,Karthus,Sona
BR1_3249144397,1780694775064,2026-06-05 18:26:15,1413,0,0.504907306434024,,1,0,KSante,Elise,Vladimir,Twitch,Lulu,Qiyana,JarvanIV,Veigar,Ashe,Seraphine
BR1_3247704246,1780349889157,2026-06-01 18:38:09,1787,0,0.5712630359212051,0.6144200626959248,1,1,Renekton,LeeSin,Ahri,Ezreal,Leona,Jax,Viego,Sylas,Yunara,Soraka
BR1_3248271474,1780509073148,2026-06-03 14:51:13,912,0,,0.5993740219092332,0,1,Sion,LeeSin,Ekko,Ezreal,Morgana,Yasuo,MonkeyKing,Sylas,Caitlyn,Karma
BR1_3248178280,1780458844624,2026-06-03 00:54:04,2353,1,0.5661375661375662,,1,0,Warwick,Kayn,Xerath,Zeri,Karma,Mordekaiser,Talon,Akali,Ezreal,Nami
BR1_3247858731,1780371608662,2026-06-02 00:40:08,1163,0,,0.5611173029632293,0,2,Qiyana,Shaco,Ahri,Cassiopeia,Pyke,Akali,Kindred,Velkoz,Caitlyn,Thresh
BR1_3249301784,1780716088430,2026-06-06 00:21:28,1546,0,0.5672514619883041,0.5714285714285714,1,1,Shen,Qiyana,Xerath,Zeri,Twitch,Aatrox,MasterYi,Ahri,Ezreal,Karma
BR1_3249723677,1780824124412,2026-06-07 06:22:04,1710,1,0.5480769230769231,0.5672514619883041,1,1,Yorick,Rammus,Kayle,Kaisa,Pantheon,Mordekaiser,Kayn,Kassadin,Jinx,Alistar
BR1_3247538529,1780282806255,2026-06-01 00:00:06,1558,1,,0.5646359583952452,0,1,Malphite,XinZhao,Hwei,Kalista,Neeko,Sion,Rammus,Katarina,Xayah,Thresh
BR1_3248976285,1780638122195,2026-06-05 02:42:02,1513,0,,0.5270655270655271,0,1,Shen,Kayn,Diana,Ezreal,Bard,Rengar,Hecarim,Ekko,Kaisa,Karma
BR1_3248314633,1780519399469,2026-06-03 17:43:19,1657,0,,0.5304223215652984,0,3,Yasuo,Talon,Vladimir,MissFortune,Sona,Garen,Ekko,Irelia,Jhin,Neeko
BR1_3248980979,1780642151852,2026-06-05 03:49:11,1710,0,0.5710382513661202,,1,0,Yorick,Naafiri,Talon,Lux,Alistar,Irelia,Kayn,Diana,Katarina,Karma
BR1_3248203343,1780473929940,2026-06-03 05:05:29,1567,1,0.5424761236307122,0.552046783625731,2,2,Sion,LeeSin,Yasuo,Karthus,Alistar,Illaoi,Kayn,Ekko,Aphelios,Sona
BR1_3247594505,1780319718127,2026-06-01 10:15:18,1156,1,0.522154648132059,,1,0,Yorick,Gwen,Kassadin,Yunara,Sona,Gnar,Ivern,Velkoz,Ezreal,Yuumi
BR1_3248977650,1780639134515,2026-06-05 02:58:54,1502,1,0.5480769230769231,,1,0,Irelia,DrMundo,Kassadin,Corki,Nami,TahmKench,Zyra,Xerath,Vayne,Janna
BR1_3247893308,1780398055857,2026-06-02 08:00:55,2140,1,0.5280748663101604,0.5363128491620112,1,1,Maokai,Skarner,Mel,Vladimir,Lux,Darius,LeeSin,Ahri,Varus,Rakan
BR1_3247879445,1780378936374,2026-06-02 02:42:16,1706,0,0.5511363636363636,,1,0,LeeSin,Viego,Annie,Twitch,Rakan,Garen,Shyvana,Kassadin,Katarina,Lulu
BR1_3247891340,1780394504231,2026-06-02 07:01:44,2074,0,0.5646359583952452,0.5788088069519557,1,2,Zac,Ekko,Katarina,Karthus,Senna,Fiora,LeeSin,Ahri,MissFortune,Sona
BR1_3248203632,1780476380881,2026-06-03 05:46:20,1997,1,0.5505226480836237,0.548951599886244,1,2,Malphite,JarvanIV,Naafiri,Hwei,Lux,Rumble,XinZhao,Cassiopeia,Draven,Thresh
BR1_3249179518,1780700242719,2026-06-05 19:57:22,2185,0,,0.5453670560896616,0,3,Sion,Ekko,Yone,Mel,Rell,Pantheon,Karthus,Lux,Ashe,Bard
BR1_3248438876,1780537004534,2026-06-03 22:36:44,2088,0,,0.5259259259259259,0,1,Gangplank,Nocturne,Syndra,Hwei,Nami,Irelia,Hecarim,Olaf,Samira,Rell
BR1_3249163625,1780697937193,2026-06-05 19:18:57,1814,1,0.5953795421763021,0.53054389353796,3,5,Vayne,Khazix,Ekko,Xayah,Rell,Varus,Udyr,Lux,Kaisa,Elise
BR1_3249413125,1780761171943,2026-06-06 12:52:51,2054,1,,0.5438914027149321,0,1,Ornn,Talon,Hwei,Lucian,Janna,Gwen,RekSai,Viktor,Ezreal,Karma
BR1_3249569809,1780788108577,2026-06-06 20:21:48,2002,0,,0.5514950166112956,0,1,Jax,Ekko,Katarina,Twitch,Nautilus,Darius,Rammus,Syndra,Yone,Velkoz
BR1_3248505266,1780545128075,2026-06-04 00:52:08,1822,1,0.5270655270655271,,1,0,Shen,Ekko,TwistedFate,Lucian,Thresh,Malphite,Talon,Sylas,Varus,Yuumi
BR1_3249529838,1780781081993,2026-06-06 18:24:41,1914,0,0.5629770992366412,0.5795454545454546,1,1,Garen,MasterYi,Zac,Varus,Nautilus,Riven,Qiyana,Swain,Velkoz,Thresh
BR1_3248951794,1780631433219,2026-06-05 00:50:33,919,0,0.5501618122977346,0.5282109819734345,1,2,Irelia,Viego,Viktor,Ashe,Morgana,Olaf,Kayn,Akali,Naafiri,Karma
BR1_3247981677,1780428659501,2026-06-02 16:30:59,2325,1,0.5480769230769231,0.5107741420590582,1,1,Gangplank,Zyra,Kayle,Jhin,Zoe,Quinn,Shaco,Mel,Kaisa,Neeko
BR1_3249859958,1780860264667,2026-06-07 16:24:24,2271,1,,0.540796963946869,0,1,Zed,Khazix,Chogath,Hwei,Leona,Gangplank,Kayn,Xerath,Ashe,Janna
BR1_3249050757,1780677328129,2026-06-05 13:35:28,1495,0,0.5352074613633218,0.5894966874071088,2,2,Vayne,Talon,Riven,Heimerdinger,Senna,Malphite,Shaco,Lux,Caitlyn,Bard
BR1_3249582799,1780790486196,2026-06-06 21:01:26,2020,1,,0.5411360003393694,0,2,Gnar,Khazix,Orianna,Smolder,Braum,Riven,MasterYi,Veigar,Jhin,Hwei
BR1_3248235657,1780498655512,2026-06-03 11:57:35,2234,0,0.5714285714285714,0.5981012658227848,1,1,Renekton,Ekko,Smolder,Hwei,Senna,Jax,LeeSin,Zoe,Ziggs,Anivia
BR1_3248167538,1780456380465,2026-06-03 00:13:00,2714,1,0.5981308411214953,,1,0,Sion,Pantheon,Orianna,AurelionSol,Zyra,Anivia,Talon,TwistedFate,Caitlyn,Nautilus
BR1_3249774569,1780846430330,2026-06-07 12:33:50,1113,1,,0.5850340136054422,0,1,Cassiopeia,Kindred,Xerath,Ezreal,Bard,Ziggs,Viego,Azir,Lux,Pyke
BR1_3249331980,1780721930418,2026-06-06 01:58:50,1935,0,0.5449678800856531,0.5608693207377418,1,2,Vayne,Khazix,Yone,Seraphine,Xerath,Teemo,Rengar,Ahri,Jinx,Thresh
BR1_3248231845,1780497558509,2026-06-03 11:39:18,1153,1,0.5943877551020408,0.5580955664269844,2,2,Malphite,Viego,Kassadin,Caitlyn,Lux,Yasuo,Diana,Hwei,Jinx,Leona
BR1_3247564071,1780289430804,2026-06-01 01:50:30,1870,0,0.5422535211267606,,1,0,Jayce,Udyr,Ryze,Jhin,Sona,Volibear,Zaahen,Fizz,Ashe,Karma
BR1_3248037354,1780439349266,2026-06-02 19:29:09,1634,1,0.5712630359212051,,1,0,Darius,Rammus,Yasuo,Ezreal,Bard,Aatrox,Naafiri,Cassiopeia,Corki,Thresh
BR1_3247927120,1780413855903,2026-06-02 12:24:15,1132,1,0.554639175257732,,1,0,TahmKench,Jax,TwistedFate,Caitlyn,Velkoz,Ornn,Nidalee,Brand,Ezreal,Janna
BR1_3248064036,1780442889901,2026-06-02 20:28:09,990,0,0.5830970464135021,0.5800014010188701,2,3,Sett,Aatrox,Fizz,Ezreal,Rell,Jayce,LeeSin,Aurora,Velkoz,TwistedFate
BR1_3248340304,1780524221996,2026-06-03 19:03:41,1448,1,0.5335612641088561,0.543790302579365,2,3,Fiora,Sylas,Fizz,Yunara,Lulu,Poppy,Riven,Akali,Ezreal,Zoe
BR1_3249937370,1780869842964,2026-06-07 19:04:02,1411,1,0.54987072778966,0.5597808012833053,2,2,Anivia,Udyr,Diana,Jinx,Lulu,Vayne,Rammus,Aurora,Caitlyn,Sona
BR1_3248606283,1780586573367,2026-06-04 12:22:53,1623,0,,0.5798657718120805,0,1,Mordekaiser,LeeSin,Viktor,Vayne,Karma,Kassadin,Kayn,Zed,Ashe,Milio
BR1_3248060507,1780442631487,2026-06-02 20:23:51,73,1,0.6144200626959248,,1,0,Malphite,LeeSin,Anivia,Varus,Soraka,Mordekaiser,Graves,Viktor,Zeri,Yuumi
BR1_3249522999,1780780147368,2026-06-06 18:09:07,1954,0,,0.5486322188449848,0,1,Vladimir,Talon,Akali,Kalista,Thresh,Malphite,Khazix,Ryze,Jhin,Nami
BR1_3249489275,1780774734965,2026-06-06 16:38:54,1315,0,,0.5270655270655271,0,1,TwistedFate,Evelynn,Diana,Yasuo,Sona,Poppy,Khazix,Taliyah,Yunara,Bard
BR1_3248457852,1780539263978,2026-06-03 23:14:23,1770,0,0.5629770992366412,0.5414012738853503,1,1,Zaahen,Ekko,Zac,Aphelios,Rell,Cassiopeia,Sylas,Zed,Jinx,Leona
BR1_3248221623,1780493933630,2026-06-03 10:38:53,2229,1,0.5339375382203733,0.5527831094049904,2,1,Cassiopeia,Khazix,Hwei,Ashe,Janna,Nasus,LeeSin,Sylas,Ezreal,Karma
BR1_3247766784,1780358693035,2026-06-01 21:04:53,1625,0,0.6270139634801288,0.5328227571115973,2,1,Qiyana,MasterYi,Aurora,Zeri,Nautilus,Irelia,Quinn,Chogath,Caitlyn,Karma
BR1_3249895711,1780864677700,2026-06-07 17:37:57,915,0,,0.6066666666666667,0,1,Riven,Kindred,Syndra,Lucian,Braum,Yasuo,Viego,Talon,Viktor,TwistedFate
BR1_3247557915,1780287687171,2026-06-01 01:21:27,1829,0,,0.546701942780069,0,2,Camille,Kayn,Katarina,Yunara,Nautilus,Malphite,Ekko,Nasus,Kaisa,Braum
BR1_3247682792,1780345886708,2026-06-01 17:31:26,2150,0,,0.515625,0,1,Kaisa,Zyra,AurelionSol,Ezreal,Nautilus,Malphite,MasterYi,Draven,KogMaw,Lulu
BR1_3248719757,1780603139225,2026-06-04 16:58:59,1653,1,0.5118343195266272,,1,0,Yone,Viego,TwistedFate,Jhin,Alistar,DrMundo,Khazix,Yasuo,Ezreal,Trundle
BR1_3248123244,1780449789718,2026-06-02 22:23:09,1652,1,,0.5205091937765205,0,1,Urgot,Khazix,Lissandra,Senna,Bard,Rumble,LeeSin,TwistedFate,Caitlyn,Milio
BR1_3248315803,1780519527611,2026-06-03 17:45:27,670,1,0.5532319391634981,,1,0,Varus,Hecarim,Zilean,Jhin,Velkoz,Vladimir,Ambessa,Taliyah,Zeri,Nautilus
BR1_3248737620,1780605266087,2026-06-04 17:34:26,1431,0,0.5766423357664233,0.5801295729937714,1,3,Gangplank,Nasus,Ahri,AurelionSol,Rell,Kassadin,Talon,TwistedFate,Corki,Alistar
BR1_3247575039,1780296393818,2026-06-01 03:46:33,1619,0,,0.5658747300215983,0,1,Aatrox,Viego,Mel,Zeri,Braum,Jayce,Nasus,Kassadin,Ezreal,Thresh
BR1_3249193484,1780702017591,2026-06-05 20:26:57,1166,1,0.504907306434024,,1,0,Camille,Kayn,Anivia,Caitlyn,Nami,Gnar,Viego,AurelionSol,Draven,Milio
BR1_3247583932,1780314490055,2026-06-01 08:48:10,2023,0,0.5494505494505495,0.5433925177081155,2,2,Yone,Udyr,Kassadin,Aphelios,Rell,Pantheon,Ekko,Viego,Senna,Leona
BR1_3249318802,1780718927599,2026-06-06 01:08:47,1877,0,,0.5118343195266272,0,1,KSante,FiddleSticks,Ahri,Ezreal,Rakan,Singed,Zed,TwistedFate,Yunara,Lulu
BR1_3247815775,1780364443183,2026-06-01 22:40:43,1591,0,,0.6024590163934426,0,1,Akali,LeeSin,Xerath,Ezreal,Milio,Gragas,Viego,Pantheon,Ashe,Pyke
BR1_3247720556,1780352675098,2026-06-01 19:24:35,1467,1,0.5377454603567791,0.5477345809354255,2,2,Galio,Rengar,Ekko,Draven,Nautilus,Poppy,Evelynn,Diana,Kaisa,Soraka
BR1_3249402186,1780758834268,2026-06-06 12:13:54,1989,0,0.5631868131868132,0.6433566433566433,1,1,Varus,RekSai,Akali,Seraphine,Bard,Aatrox,Viego,Irelia,Mel,Alistar
BR1_3248302006,1780516252590,2026-06-03 16:50:52,1693,0,0.5361328125,0.5156416679177893,1,2,Poppy,Graves,Jayce,Sivir,Velkoz,Olaf,Jax,LeeSin,Lucian,Nami
BR1_3248336697,1780523819728,2026-06-03 18:56:59,1668,0,0.5107741420590582,,1,0,Riven,Aatrox,Urgot,Karthus,Yuumi,MonkeyKing,Lillia,Aurora,Lucian,Thresh
BR1_3248515556,1780546817396,2026-06-04 01:20:17,1725,0,0.5426944971537002,,1,0,Kayle,Nidalee,Yasuo,Sivir,Neeko,Camille,Naafiri,Ryze,Caitlyn,Lux
BR1_3249367040,1780747045999,2026-06-06 08:57:25,1496,0,,0.5193905817174516,0,1,Camille,Zac,Mel,Caitlyn,Milio,Poppy,JarvanIV,Ahri,Senna,Leona
BR1_3249832322,1780856303128,2026-06-07 15:18:23,1777,0,0.5135440180586908,0.5501618122977346,1,1,Vayne,Aatrox,Malzahar,AurelionSol,Leona,Jax,Viego,Leblanc,Senna,Alistar
BR1_3247989288,1780430155210,2026-06-02 16:55:55,1531,0,0.5325342465753424,0.5327014218009478,1,1,Fizz,Kayn,Hwei,Jinx,Senna,Anivia,Karthus,Yasuo,MissFortune,Nautilus
BR1_3247917647,1780411368782,2026-06-02 11:42:48,1409,1,0.572289156626506,,1,0,Zeri,Jax,Annie,Ashe,Bard,Trundle,LeeSin,Syndra,Caitlyn,Zilean
BR1_3247447752,1780271539241,2026-05-31 20:52:19,1131,0,,0.5431287337977442,0,2,Gangplank,Sylas,Ahri,Samira,Nautilus,Mordekaiser,LeeSin,Fizz,Sivir,Alistar
BR1_3249166735,1780698321781,2026-06-05 19:25:21,1944,0,0.5935483870967742,0.5445694716242662,1,2,Teemo,Graves,Ekko,Caitlyn,Bard,Riven,Shaco,Vladimir,Sivir,Senna
BR1_3247678045,1780344229306,2026-06-01 17:03:49,1257,1,0.5222678706637875,0.5188898240660296,2,2,Malphite,Karthus,Irelia,Corki,Alistar,Vayne,Naafiri,Galio,Sivir,Pyke
BR1_3247604002,1780323641706,2026-06-01 11:20:41,924,0,0.5280748663101604,,1,0,Garen,Nidalee,Vladimir,Ezreal,Bard,MasterYi,Kindred,Ornn,Kalista,Sona
BR1_3247685684,1780346370310,2026-06-01 17:39:30,2097,0,0.5357142857142857,0.5271180368608469,1,2,Kayle,JarvanIV,Yasuo,Syndra,Seraphine,Vi,MonkeyKing,Taliyah,Ashe,Rakan
BR1_3248810803,1780613922050,2026-06-04 19:58:42,923,0,,0.5558900229148216,0,2,Draven,Rengar,TwistedFate,Varus,Xerath,Zac,Quinn,Talon,Morgana,Blitzcrank
BR1_3248200314,1780472619539,2026-06-03 04:43:39,2140,0,,0.5663322185061316,0,1,Gnar,RekSai,Diana,Ezreal,Sona,Nasus,Khazix,Fizz,Xerath,Senna
BR1_3248083435,1780445224125,2026-06-02 21:07:04,1620,1,0.5434265423098503,0.5735735735735735,3,1,Renekton,Talon,Ryze,Lucian,Nautilus,Irelia,Zyra,Viktor,Nilah,Rell
BR1_3247794395,1780361766650,2026-06-01 21:56:06,69,1,0.5711901804719401,0.5981308411214953,3,1,Fiora,LeeSin,Viktor,Ezreal,Yuumi,Vayne,Shaco,Heimerdinger,Hwei,Nami
BR1_3247788258,1780361045638,2026-06-01 21:44:05,1872,0,,0.5562913907284768,0,1,Akali,Nocturne,Akshan,Mel,Seraphine,Cassiopeia,XinZhao,Irelia,Varus,Bard
BR1_3247974740,1780426876150,2026-06-02 16:01:16,1637,0,0.5446009389671361,,1,0,Teemo,Khazix,Lux,Smolder,Milio,Malphite,MasterYi,TwistedFate,Lucian,Braum
BR1_3247799231,1780362239036,2026-06-01 22:03:59,1302,0,0.5735735735735735,,1,0,Yone,Nidalee,Jayce,Ezreal,Braum,Rumble,MasterYi,Yasuo,Jhin,Xerath
BR1_3248008359,1780434379810,2026-06-02 18:06:19,1307,1,0.5562913907284768,0.5391304347826087,1,1,Fizz,LeeSin,Leblanc,Jinx,Poppy,Gangplank,Viego,Taliyah,Draven,Janna
BR1_3248924352,1780626746700,2026-06-04 23:32:26,1480,1,,0.5666666666666667,0,1,Jax,Rengar,Zac,Ashe,Senna,Garen,Vi,Kassadin,Jinx,Seraphine
BR1_3249437061,1780765884884,2026-06-06 14:11:24,1542,0,0.5486322188449848,0.5563093622795116,1,1,Ambessa,RekSai,Sylas,Ashe,Seraphine,Camille,Rengar,Ahri,Ziggs,Nami
BR1_3249698158,1780807707616,2026-06-07 01:48:27,1346,1,0.5270655270655271,,1,0,Yorick,Quinn,Ahri,Veigar,Soraka,Renekton,Graves,Lissandra,Yunara,Sona
BR1_3248354941,1780526629244,2026-06-03 19:43:49,2422,0,0.6102564102564103,0.5455229161467645,1,3,Trundle,Graves,Lux,Brand,Mel,Aatrox,Elise,Garen,Chogath,Pyke
BR1_3248191972,1780464468961,2026-06-03 02:27:48,1779,1,,0.5328227571115973,0,1,Rengar,Graves,Briar,Hwei,Nautilus,Malphite,MasterYi,Lux,Mel,Rell
BR1_3248451063,1780538059002,2026-06-03 22:54:19,1854,0,0.5441176470588235,,1,0,Jax,Udyr,Katarina,Zeri,Pyke,Gragas,LeeSin,Xerath,Jinx,Mel
BR1_3248672899,1780597353610,2026-06-04 15:22:33,2248,0,0.5558545986177565,0.5518749886808032,2,4,Aatrox,Evelynn,Zed,Lucian,Karma,Garen,Graves,Ryze,Ashe,Seraphine
BR1_3249924278,1780868121993,2026-06-07 18:35:21,911,0,0.5570994283720079,0.5404428892222789,3,3,Aatrox,Kayn,Ahri,Yunara,TwistedFate,Sion,MonkeyKing,Leblanc,Aphelios,Soraka
BR1_3247918133,1780411021256,2026-06-02 11:37:01,1565,0,,0.5296610169491526,0,1,Gangplank,Tryndamere,Qiyana,Senna,Zyra,TahmKench,JarvanIV,Aurora,Varus,Xerath
BR1_3247854398,1780370461373,2026-06-02 00:21:01,1326,0,,0.515625,0,1,Katarina,Hecarim,Xerath,Ashe,Seraphine,Varus,Sylas,Zed,Kaisa,Karma
BR1_3247661982,1780341088885,2026-06-01 16:11:28,919,0,,0.5466270814931136,0,2,Riven,XinZhao,Viktor,Jinx,Nami,Gragas,JarvanIV,Irelia,Swain,Anivia
BR1_3249723060,1780820140151,2026-06-07 05:15:40,1596,0,0.5238095238095238,,1,0,Mordekaiser,Rengar,Riven,Caitlyn,Swain,Shen,Pantheon,Ahri,Ezreal,Karma
BR1_3247528803,1780281266416,2026-05-31 23:34:26,2020,0,,0.5278653938446479,0,2,Jax,MonkeyKing,Akali,Xayah,Lulu,Kennen,Quinn,Zed,Kaisa,Rell
BR1_3248098837,1780447205252,2026-06-02 21:40:05,947,0,0.5480769230769231,0.5522788203753352,1,1,Jax,Viego,Kassadin,MissFortune,Velkoz,Pantheon,Kayn,Veigar,Jhin,Sona
BR1_3248014233,1780435207414,2026-06-02 18:20:07,1850,0,0.5345707063107527,0.5361328125,2,1,Zoe,Rammus,Tristana,Varus,Seraphine,Poppy,Morgana,Akali,Aphelios,Bard
BR1_3249064045,1780680066042,2026-06-05 14:21:06,1690,0,,0.546,0,1,Ornn,Quinn,Tryndamere,Ashe,Seraphine,Garen,Sylas,Kaisa,Caitlyn,Bard
BR1_3249356982,1780739347869,2026-06-06 06:49:07,1668,0,0.6938775510204082,0.5341861066602742,1,2,Olaf,MasterYi,Ahri,Ezreal,Pyke,Yasuo,Viego,Kayle,Jinx,Renata
BR1_3249680384,1780804286625,2026-06-07 00:51:26,2536,0,,0.5175879396984925,0,1,Renekton,LeeSin,KogMaw,Kaisa,Anivia,Teemo,JarvanIV,Hwei,Jinx,Blitzcrank
BR1_3248653146,1780594311236,2026-06-04 14:31:51,1494,0,0.5681812656084233,0.5898676902949129,3,4,Fiora,Nocturne,Katarina,Ezreal,Taliyah,Garen,Khazix,Kayle,Corki,Nautilus
BR1_3247591010,1780317537967,2026-06-01 09:38:57,1106,1,,0.5562913907284768,0,1,Quinn,Amumu,Chogath,Varus,Nami,Pantheon,Diana,TwistedFate,Cassiopeia,Lulu
BR1_3248215786,1780490863974,2026-06-03 09:47:43,1285,0,0.5357142857142857,0.5280748663101604,1,1,Viktor,Talon,Kassadin,Corki,Senna,Gnar,RekSai,Vladimir,Katarina,Seraphine
BR1_3248910116,1780624779352,2026-06-04 22:59:39,1532,1,0.54296875,,1,0,Rumble,Shaco,Talon,Samira,Rell,Ryze,Zed,Ekko,Jhin,Senna
BR1_3248116035,1780449054606,2026-06-02 22:10:54,1205,0,0.5107741420590582,,1,0,Gangplank,LeeSin,Lissandra,Samira,Rell,Aatrox,Naafiri,Taliyah,Ziggs,Janna
BR1_3247620388,1780329710815,2026-06-01 13:01:50,1564,0,0.5480769230769231,0.5514950166112956,1,1,Yasuo,Ivern,Kayle,Xayah,Rakan,Jax,XinZhao,Zed,Ezreal,Nautilus
BR1_3249001387,1780662800344,2026-06-05 09:33:20,1389,1,0.5962264150943396,,1,0,Ornn,Talon,Mel,Ezreal,Seraphine,Malphite,Khazix,Lissandra,Ashe,Thresh
BR1_3247635139,1780333648922,2026-06-01 14:07:28,1894,1,0.5663322185061316,0.6036754782884814,1,2,Olaf,Khazix,AurelionSol,Jinx,Lulu,KSante,Naafiri,Lux,Seraphine,Rakan
BR1_3247927624,1780414547604,2026-06-02 12:35:47,1749,0,0.5686275334286435,0.5427795275914139,2,3,Aatrox,Nasus,Riven,Ashe,Jax,Shen,Jayce,Zed,Karthus,Leona
BR1_3248549778,1780563845695,2026-06-04 06:04:05,1724,1,0.5671422676287061,0.5646359583952452,2,1,Cassiopeia,Talon,Mordekaiser,Karthus,Leona,Warwick,Rammus,Mel,Yasuo,Galio
BR1_3248738593,1780605338554,2026-06-04 17:35:38,1047,0,,0.5824477720082115,0,2,Renekton,Kayn,Ekko,Vayne,Alistar,Aatrox,Nocturne,Ahri,Velkoz,Camille
BR1_3248975680,1780638391770,2026-06-05 02:46:31,1704,0,,0.5193905817174516,0,1,Aatrox,Zyra,Aurora,Ashe,Lulu,Yorick,JarvanIV,Syndra,Senna,Milio
BR1_3249358890,1780741702694,2026-06-06 07:28:22,1235,0,0.6938775510204082,0.5558471379366902,1,2,Yasuo,MasterYi,Akshan,Kaisa,Nautilus,KSante,Darius,Akali,Heimerdinger,Camille
BR1_3249141788,1780694355034,2026-06-05 18:19:15,1795,0,0.5208305658873539,0.5394045534150613,2,1,Lissandra,Viego,Lux,Kaisa,Leona,Irelia,Nidalee,Ahri,Jhin,Neeko
BR1_3248932696,1780628092596,2026-06-04 23:54:52,1974,1,0.558505546828981,0.5443016716138103,2,2,Aatrox,Kindred,Orianna,Velkoz,Bard,Gangplank,RekSai,Ahri,Samira,Lissandra
BR1_3248260159,1780506417012,2026-06-03 14:06:57,1872,1,,0.5395884348897743,0,2,Gangplank,Quinn,Aphelios,Seraphine,Sylas,Darius,Evelynn,Irelia,Lucian,Leona
BR1_3249734819,1780835344234,2026-06-07 09:29:04,2184,1,0.5560407569141194,0.5281173594132029,1,1,Swain,Talon,Hwei,Viktor,Pyke,KSante,Kayn,Ahri,Mel,Rell
BR1_3249484641,1780774312041,2026-06-06 16:31:52,1813,1,0.5373699148533586,,1,0,Aurora,LeeSin,Ryze,Jinx,Braum,Anivia,RekSai,Sion,Draven,Alistar
BR1_3248774635,1780609657048,2026-06-04 18:47:37,2350,1,0.5534246575342465,0.6199614065180103,1,2,Yasuo,Lillia,Zed,Sivir,Sona,Gangplank,Evelynn,KSante,Ezreal,Thresh
BR1_3248222647,1780494261379,2026-06-03 10:44:21,102,0,0.5259259259259259,0.5596330275229358,1,1,Yasuo,LeeSin,Taliyah,Velkoz,Nautilus,Jax,Sejuani,Katarina,Jhin,Nami
BR1_3249128612,1780692221688,2026-06-05 17:43:41,1474,0,0.5466099862842994,0.5538725765270388,3,3,Aatrox,Elise,Zed,Mel,Senna,Gangplank,Khazix,Ekko,Ziggs,Seraphine
BR1_3247502914,1780277805196,2026-05-31 22:36:45,1889,0,0.5469382660626347,0.5818330171716322,4,4,Ornn,Rammus,Yasuo,Brand,Janna,Illaoi,MonkeyKing,Ryze,Vayne,Rakan
BR1_3249040087,1780674768524,2026-06-05 12:52:48,1435,0,0.5274438436546685,0.6024590163934426,2,1,Ezreal,Hecarim,Lissandra,Aphelios,Thresh,Irelia,Shaco,Vi,Jinx,Nautilus
BR1_3249348851,1780728877659,2026-06-06 03:54:37,1493,0,0.5712630359212051,0.6938775510204082,1,1,MasterYi,LeeSin,Aurora,Smolder,Soraka,Renekton,Zaahen,Pantheon,Lux,Nami
BR1_3248601563,1780585956761,2026-06-04 12:12:36,1829,1,,0.572829131652661,0,1,Gnar,Evelynn,Viktor,Yunara,Rell,Jayce,Aatrox,Zed,Jhin,Sona
BR1_3248631301,1780590958282,2026-06-04 13:35:58,1410,0,0.5543549958556305,0.5438417795073872,3,3,Zeri,LeeSin,Ahri,Corki,Rakan,Irelia,Ekko,Taliyah,Yunara,Thresh
BR1_3249385415,1780754858476,2026-06-06 11:07:38,1853,0,0.5689085615052163,0.5797101449275363,2,1,Darius,RekSai,Yone,Xayah,Rakan,Vayne,XinZhao,Katarina,Smolder,DrMundo
BR1_3249353586,1780731880029,2026-06-06 04:44:40,1637,1,0.5672514619883041,0.5505226480836237,1,1,Pantheon,Nidalee,Yasuo,Zeri,Yuumi,Yone,Naafiri,Mordekaiser,Ezreal,Rakan
BR1_3248303798,1780516971373,2026-06-03 17:02:51,977,1,0.5749703764469967,0.5544200932062634,2,3,Qiyana,MonkeyKing,Ahri,Yunara,Nautilus,Varus,XinZhao,Taliyah,Sivir,Soraka
BR1_3247556460,1780287011762,2026-06-01 01:10:11,1728,0,0.5192582025677603,,1,0,Gangplank,Rengar,Galio,Ziggs,TwistedFate,Sion,Graves,Yasuo,Kaisa,Thresh
BR1_3249449976,1780768663450,2026-06-06 14:57:43,1210,0,0.5780770542107058,0.5408450704225352,2,1,Yasuo,Taliyah,Yone,Kalista,Nautilus,Illaoi,Talon,Ahri,Sivir,Rakan
BR1_3248639352,1780592210676,2026-06-04 13:56:50,1793,0,,0.5862068965517241,0,1,Fiora,LeeSin,Akali,Nilah,Milio,Garen,Talon,Singed,Seraphine,Bard
BR1_3248838348,1780616838106,2026-06-04 20:47:18,1869,1,0.5480769230769231,0.5361328125,1,1,Jayce,Khazix,Kayle,Senna,Karma,Poppy,Talon,Katarina,Corki,Nautilus
BR1_3247658575,1780340015340,2026-06-01 15:53:35,1640,1,,0.515625,0,1,Renekton,Vi,Diana,Aphelios,Galio,Aatrox,Graves,Katarina,Ashe,Camille
BR1_3249974423,1780874202603,2026-06-07 20:16:42,1549,1,0.5618556701030928,,1,0,Kayle,Kayn,Tryndamere,Vayne,Janna,XinZhao,Shaco,Naafiri,Lucian,Soraka
BR1_3248083270,1780445122749,2026-06-02 21:05:22,1748,0,0.5421940928270043,0.5501618122977346,1,1,KSante,Naafiri,Annie,Lucian,Nami,Gragas,RekSai,Yasuo,Caitlyn,Milio
BR1_3247917887,1780411676313,2026-06-02 11:47:56,1717,0,0.5806451612903226,0.528753370416764,1,2,Akali,JarvanIV,Ryze,Caitlyn,Xerath,TahmKench,Khazix,Zed,Corki,Nami
BR1_3248045684,1780440644581,2026-06-02 19:50:44,1831,0,0.5756643634400829,0.5553649591860879,4,2,Malphite,XinZhao,DrMundo,Vladimir,Thresh,Lucian,Naafiri,Vayne,Ashe,Rell
BR1_3249562542,1780786759491,2026-06-06 19:59:19,1205,0,0.5621562992717827,0.5585831612103287,2,3,Ornn,Udyr,Aurora,Varus,Bard,Olaf,Nidalee,LeeSin,Cassiopeia,Sona
BR1_3248456198,1780538826319,2026-06-03 23:07:06,936,1,,0.5531914893617021,0,1,Yasuo,LeeSin,Annie,Naafiri,Rakan,Aatrox,Graves,Talon,Karthus,Seraphine
BR1_3248218145,1780491538250,2026-06-03 09:58:58,1198,1,0.5814216197427876,0.554639175257732,2,1,Jayce,Quinn,Diana,Hwei,Bard,Lulu,Viego,Ahri,Senna,Xerath
BR1_3247856187,1780370659169,2026-06-02 00:24:19,2069,1,0.6938775510204082,,1,0,Pantheon,MasterYi,Zed,Senna,Swain,Fiora,FiddleSticks,Corki,Seraphine,Braum
BR1_3248892331,1780622896232,2026-06-04 22:28:16,911,1,0.5710382513661202,0.6952789699570815,1,1,Anivia,Ekko,Talon,Ashe,Seraphine,Zaahen,Naafiri,Alistar,Kaisa,Soraka
BR1_3248707689,1780601568170,2026-06-04 16:32:48,1350,1,0.5428498828019664,0.522154648132059,2,1,Gnar,LeeSin,Viktor,Ezreal,Leblanc,Riven,RekSai,Mel,Yunara,Bard
BR1_3248327848,1780521976361,2026-06-03 18:26:16,2362,0,0.5321637426900585,,1,0,Pantheon,Quinn,Viktor,Yunara,Nautilus,Anivia,Kayn,Ahri,Ezreal,Karma
BR1_3248342681,1780524609311,2026-06-03 19:10:09,2292,1,0.5446009389671361,,1,0,Olaf,LeeSin,Ahri,Varus,Sona,KSante,Jayce,TwistedFate,Yunara,Lulu
BR1_3248628458,1780590813001,2026-06-04 13:33:33,1910,1,0.5431841831425598,0.5271013354281225,1,1,Yasuo,Gragas,Lux,Draven,Karma,Malphite,Kindred,Riven,Senna,Seraphine
BR1_3248542958,1780556000915,2026-06-04 03:53:20,316,0,,0.504907306434024,0,1,Aurora,Ekko,Lissandra,Yunara,Janna,Ornn,LeeSin,Akali,Naafiri,Elise
BR1_3249168630,1780698614902,2026-06-05 19:30:14,2019,0,,0.5107741420590582,0,1,Yone,Kayn,Aurora,Lux,LeeSin,Swain,Graves,XinZhao,Lucian,Milio
BR1_3249959055,1780872284980,2026-06-07 19:44:44,969,1,0.5573546401991887,0.5471285431427121,2,4,Nasus,JarvanIV,Lux,Corki,XinZhao,Poppy,Khazix,Kassadin,Hwei,Alistar
BR1_3248270496,1780509051906,2026-06-03 14:50:51,2416,0,0.5446009389671361,0.5263929618768328,1,1,Ornn,MasterYi,Katarina,Karthus,Mel,Vayne,Ekko,Syndra,Ashe,Camille
BR1_3248087681,1780445773983,2026-06-02 21:16:13,2274,0,,0.554639175257732,0,1,Teemo,Ekko,Diana,Ezreal,Blitzcrank,Gangplank,LeeSin,Malzahar,Ziggs,Bard
BR1_3248105090,1780447753295,2026-06-02 21:49:13,2231,0,,0.6190476190476191,0,1,Gangplank,Ekko,Syndra,Lucian,Soraka,Ryze,Quinn,Viktor,Jhin,Rakan
BR1_3248226277,1780495245883,2026-06-03 11:00:45,1499,0,0.544046520695576,0.558282506421403,4,2,Poppy,Shyvana,Katarina,Varus,Pyke,DrMundo,LeeSin,Velkoz,Seraphine,Camille
BR1_3248179489,1780459160229,2026-06-03 00:59:20,1542,1,,0.5344295991778006,0,1,Akali,JarvanIV,KSante,Diana,Velkoz,Fiora,Nunu,Pantheon,Seraphine,Karma
BR1_3248783752,1780610844347,2026-06-04 19:07:24,1943,0,0.5531914893617021,,1,0,Anivia,Nasus,Warwick,Karthus,Sona,Camille,XinZhao,Katarina,Jinx,Nautilus
BR1_3249971010,1780873682154,2026-06-07 20:08:02,1538,1,0.5860376264913961,0.5492797659877866,3,4,Renekton,Aatrox,Irelia,Brand,Gragas,Riven,Graves,Vladimir,Lucian,Milio
BR1_3247980483,1780428396005,2026-06-02 16:26:36,1856,1,0.5205091937765205,,1,0,Irelia,Viego,Taliyah,Lucian,Braum,KSante,Shaco,Yone,Ashe,Seraphine
BR1_3248734998,1780605049325,2026-06-04 17:30:49,947,1,0.5524598370727711,0.6248632929011732,2,2,Vayne,Rengar,Galio,Ezreal,Sona,LeeSin,RekSai,Ryze,MissFortune,Nautilus
BR1_3247929940,1780415649503,2026-06-02 12:54:09,1672,0,,0.5318860244233379,0,1,Gnar,MasterYi,Zed,Ezreal,Lux,Kled,Jax,Ahri,Caitlyn,Sona
BR1_3248495450,1780543595125,2026-06-04 00:26:35,2017,0,0.536504169399551,0.6110654205607476,4,2,Pantheon,Kayn,Karthus,Ezreal,Nautilus,Heimerdinger,Ambessa,Singed,Twitch,Karma
BR1_3248004616,1780433805283,2026-06-02 17:56:45,2145,1,0.5438914027149321,0.5806451612903226,1,1,Ambessa,Quinn,Ryze,Jinx,Zilean,Olaf,Rumble,XinZhao,Caitlyn,Lux
BR1_3247890168,1780392027636,2026-06-02 06:20:27,1186,1,0.6065678767940843,0.5365774772125845,2,2,Ryze,Zaahen,Katarina,Yasuo,Pyke,Gangplank,Kayn,Qiyana,Lux,Senna
BR1_3248996131,1780659185882,2026-06-05 08:33:05,1772,0,0.5884476534296029,0.5271013354281225,1,1,Ornn,Quinn,Lissandra,Jinx,Janna,Malphite,JarvanIV,Naafiri,Karthus,Zilean
BR1_3247886810,1780388976601,2026-06-02 05:29:36,1130,1,0.5884476534296029,0.5631868131868132,1,1,Darius,LeeSin,Katarina,Tristana,Soraka,Kennen,Nocturne,Kassadin,Xerath,Taric
BR1_3247890644,1780395805747,2026-06-02 07:23:25,1778,1,0.6150952000912097,,2,0,Jayce,Gwen,Qiyana,Ezreal,Swain,Darius,Aatrox,Yone,Mel,Soraka
BR1_3249268426,1780711466243,2026-06-05 23:04:26,1263,1,0.5749164585386678,0.6292723881305773,3,2,Sion,LeeSin,Ryze,Ziggs,Jax,KSante,Jayce,Anivia,Varus,TwistedFate
BR1_3248270720,1780509255014,2026-06-03 14:54:15,1587,1,0.5501618122977346,0.549510308107282,1,2,Ornn,Naafiri,Velkoz,Ashe,Xerath,Olaf,Shaco,Yasuo,Jhin,Brand
BR1_3247770770,1780359146764,2026-06-01 21:12:26,2054,1,0.5638061449615024,0.568179220948836,3,2,Ambessa,Evelynn,Lux,Xayah,Rakan,Gnar,JarvanIV,Kassadin,Jinx,Soraka
BR1_3249363546,1780745490756,2026-06-06 08:31:30,1366,0,0.5328227571115973,,1,0,Renekton,JarvanIV,Kassadin,Caitlyn,Sona,Yasuo,XinZhao,Cassiopeia,Jhin,Thresh
BR1_3249183381,1780700736837,2026-06-05 20:05:36,1586,1,0.5847255369928401,0.5436107006062069,1,2,Pantheon,LeeSin,Kassadin,Ezreal,Bard,Irelia,MonkeyKing,TwistedFate,Anivia,Seraphine
BR1_3248728393,1780604081261,2026-06-04 17:14:41,1602,0,0.5618556701030928,,1,0,Warwick,Rengar,Sylas,Nilah,Blitzcrank,Kennen,JarvanIV,Akali,Vayne,Zilean
BR1_3247597881,1780321922194,2026-06-01 10:52:02,1620,1,0.554639175257732,0.5261994986046619,1,2,Gnar,Nunu,Fizz,Ezreal,Soraka,Varus,Viego,Zed,Seraphine,Senna
BR1_3249099171,1780686876277,2026-06-05 16:14:36,1938,0,,0.5710382513661202,0,1,Jayce,Lillia,Qiyana,Ezreal,Nami,Ornn,RekSai,Vladimir,Jhin,Nautilus
BR1_3248075475,1780444221428,2026-06-02 20:50:21,1665,1,,0.5712630359212051,0,1,Garen,MasterYi,Zoe,Syndra,Mel,Irelia,Kayn,Zed,Velkoz,Nautilus
BR1_3249103152,1780687577669,2026-06-05 16:26:17,2046,0,0.5756056808688388,0.5549744455251744,2,5,Zed,Quinn,Riven,Karthus,Nami,Irelia,Udyr,Ryze,Zeri,Blitzcrank
BR1_3249700967,1780809101917,2026-06-07 02:11:41,1734,0,0.5422535211267606,0.5441176470588235,1,1,Swain,Talon,Ryze,Varus,Nautilus,Vayne,FiddleSticks,Naafiri,Ashe,Braum
BR1_3247533495,1780281700205,2026-05-31 23:41:40,1728,1,0.5455323249019778,0.57933913069803,3,2,Aatrox,JarvanIV,Xerath,Kaisa,Bard,Rumble,LeeSin,Qiyana,Senna,Sona
BR1_3247650477,1780337860958,2026-06-01 15:17:40,1625,0,,0.5644028103044496,0,1,Mordekaiser,Vi,Xerath,Lucian,Nami,Aatrox,MonkeyKing,Taliyah,Katarina,Rell
BR1_3249172622,1780699236727,2026-06-05 19:40:36,914,0,,0.5797101449275363,0,1,Sion,LeeSin,Hwei,Zeri,Janna,Aatrox,XinZhao,Ahri,Ezreal,Bard
BR1_3249385268,1780754645077,2026-06-06 11:04:05,1229,1,,0.5198647506339814,0,1,Malphite,RekSai,Katarina,Zeri,Lulu,Yorick,Viego,Lux,Lucian,Nami
BR1_3248217716,1780492358982,2026-06-03 10:12:38,1291,0,0.5618920866189008,0.5516964763817822,2,3,Zeri,Khazix,Syndra,Cassiopeia,Rakan,Ryze,Hecarim,Yasuo,Caitlyn,Seraphine
BR1_3247944420,1780419590713,2026-06-02 13:59:50,1797,1,0.5246804348453515,0.5603813431046549,4,2,TwistedFate,XinZhao,AurelionSol,Jhin,Morgana,Jax,Skarner,Diana,Jinx,Soraka
BR1_3249090105,1780684954128,2026-06-05 15:42:34,1779,0,0.6030500865919242,0.5622576472769388,2,3,Aurora,JarvanIV,Qiyana,Naafiri,Zoe,RekSai,LeeSin,Zed,Jhin,Sona
BR1_3249332764,1780722147342,2026-06-06 02:02:27,1413,1,0.5454438430138073,0.5754042452333299,3,2,Jayce,DrMundo,Syndra,Jinx,Sona,Darius,Evelynn,Irelia,Draven,Rell
BR1_3248762015,1780607951010,2026-06-04 18:19:11,1934,0,0.5779334500875657,0.5368421052631579,2,1,Teemo,JarvanIV,Irelia,Twitch,Camille,Renekton,Graves,Katarina,Xerath,Zoe
BR1_3247631831,1780333291643,2026-06-01 14:01:31,1975,0,,0.5587361611897712,0,2,Shen,Hecarim,Talon,Twitch,Lulu,Malphite,Ekko,Akshan,KogMaw,Sona
BR1_3247586099,1780313146788,2026-06-01 08:25:46,1162,0,0.5363128491620112,,1,0,Irelia,Ekko,Qiyana,Jhin,Zilean,Zed,Nocturne,Orianna,Kaisa,Bard
BR1_3247864974,1780373518977,2026-06-02 01:11:58,1567,0,,0.6358695652173914,0,1,Urgot,XinZhao,Zed,Samira,Leona,Mordekaiser,Graves,Sion,Senna,Nautilus
BR1_3249942137,1780870196813,2026-06-07 19:09:56,1373,0,0.5270655270655271,0.5963004725085911,1,2,Yone,Kayn,Vladimir,Caitlyn,Morgana,Varus,LeeSin,Kassadin,Tristana,Rell
BR1_3249219302,1780705399603,2026-06-05 21:23:19,1766,1,0.6057327453594503,0.5566118063569244,2,2,Pantheon,MasterYi,Sion,Seraphine,Rakan,Irelia,Rengar,Annie,Lucian,Janna
BR1_3249928366,1780868703870,2026-06-07 18:45:03,1452,1,0.5394435126286407,0.6021187984798793,4,2,Yone,Elise,Yasuo,Lucian,Anivia,Garen,Nocturne,Cassiopeia,Varus,Karma
BR1_3248559251,1780572878842,2026-06-04 08:34:38,1357,1,0.5288452079195072,0.5742990146847262,2,2,XinZhao,Elise,Yone,Ashe,Seraphine,DrMundo,LeeSin,Zed,Vladimir,Milio
BR1_3249162553,1780697603123,2026-06-05 19:13:23,2015,1,,0.5193905817174516,0,1,Jayce,Shaco,Viktor,Caitlyn,Senna,Yasuo,LeeSin,Kayle,Ezreal,Karma
BR1_3247650023,1780337395657,2026-06-01 15:09:55,1440,0,0.5578175272801744,,3,0,Malphite,Udyr,Garen,Hwei,Senna,Ornn,LeeSin,Malzahar,Aphelios,Karma
BR1_3248200943,1780477338100,2026-06-03 06:02:18,1918,0,,0.504907306434024,0,1,Aurora,Talon,Akshan,Kaisa,Thresh,Camille,Khazix,Ahri,Vayne,Rakan
BR1_3247563649,1780289880315,2026-06-01 01:58:00,1582,1,0.5710382513661202,,1,0,Vladimir,Naafiri,Talon,Cassiopeia,Yuumi,Elise,JarvanIV,Fizz,Nilah,Pyke
BR1_3247973495,1780426595109,2026-06-02 15:56:35,1691,0,0.5480769230769231,,1,0,Vayne,Qiyana,Kayle,Jinx,Alistar,Varus,Khazix,Vex,Sivir,Nautilus
BR1_3247508007,1780278070589,2026-05-31 22:41:10,1640,0,0.5569875268616276,0.5388360459381385,2,2,Nasus,Ambessa,Ryze,Jinx,Lulu,Leblanc,LeeSin,Syndra,Sivir,Sona
BR1_3247863510,1780372497031,2026-06-02 00:54:57,1376,0,0.5192582025677603,0.5228521351904465,1,2,Gragas,LeeSin,Briar,Hwei,TwistedFate,Jax,Kayn,Sylas,Ezreal,Karma
BR1_3248427984,1780535809913,2026-06-03 22:16:49,932,1,0.5259259259259259,0.5480769230769231,1,1,Jayce,DrMundo,Hwei,Ashe,Seraphine,Gnar,JarvanIV,Kayle,Ezreal,Karma
BR1_3248412021,1780533764197,2026-06-03 21:42:44,1760,1,0.594077521452359,0.5915924104029763,4,3,Anivia,Graves,Vayne,Sivir,Nautilus,Draven,MasterYi,Kayle,Viktor,Sona
BR1_3247832173,1780366525232,2026-06-01 23:15:25,1460,1,0.587367097019176,0.5450819672131147,2,1,Yorick,Naafiri,Irelia,Sivir,Brand,Malphite,LeeSin,Ekko,Lucian,Yuumi
BR1_3248200411,1780473141037,2026-06-03 04:52:21,1629,0,0.5407498650107991,0.540796963946869,2,1,Yasuo,Kindred,Velkoz,Jhin,Xerath,Zaahen,Kayn,Diana,Jinx,Blitzcrank
BR1_3249034666,1780673418044,2026-06-05 12:30:18,1440,0,0.6242022582228768,0.5713069207465428,2,2,Cassiopeia,JarvanIV,Yasuo,MissFortune,Seraphine,Pantheon,Zaahen,Anivia,Twitch,Milio
BR1_3249600185,1780792888967,2026-06-06 21:41:28,1417,0,0.5853994490358126,,1,0,Warwick,Hecarim,Talon,Ashe,Milio,KSante,Khazix,Akali,Lucian,Pyke
BR1_3248387374,1780530721568,2026-06-03 20:52:01,1808,0,,0.5945945945945946,0,1,Varus,Rengar,TwistedFate,Jinx,Maokai,Jax,Shaco,Qiyana,Sivir,Bard
BR1_3248646562,1780593393893,2026-06-04 14:16:33,1976,0,,0.5824634655532359,0,1,Kayle,Viego,Lux,Jhin,Alistar,Annie,Shaco,Singed,Varus,Sona
BR1_3247548763,1780285111656,2026-06-01 00:38:31,1239,0,,0.5531914893617021,0,1,Garen,LeeSin,Ryze,Ezreal,Leona,Vi,RekSai,Veigar,Rakan,Senna
BR1_3248331118,1780522162487,2026-06-03 18:29:22,1494,0,,0.5480851115451336,0,2,Vayne,Udyr,Kassadin,Draven,Janna,Ezreal,LeeSin,Vladimir,Lux,Thresh
BR1_3247728309,1780353683905,2026-06-01 19:41:23,1831,1,0.5637344623771743,0.541043598623559,2,3,Kayle,LeeSin,Ryze,Brand,Sona,Shen,MasterYi,AurelionSol,Lucian,Nami
BR1_3249674322,1780803198707,2026-06-07 00:33:18,1606,0,,0.5924103737604882,0,2,Smolder,LeeSin,Hwei,Caitlyn,Lux,Riven,RekSai,Velkoz,Lucian,Sona
BR1_3248171872,1780457528208,2026-06-03 00:32:08,1889,0,0.6100151745068285,0.5515983667778719,1,2,Renekton,LeeSin,Aurora,Jinx,Milio,Ambessa,Talon,Azir,Veigar,Nami
BR1_3248050074,1780440892002,2026-06-02 19:54:52,2186,0,,0.5424769703172978,0,1,Jayce,Qiyana,Xerath,Velkoz,Nami,Riven,Kayn,TwistedFate,Jhin,Heimerdinger
BR1_3248649133,1780593650921,2026-06-04 14:20:50,1162,0,0.5433925177081155,0.5663322185061316,2,1,Darius,Nidalee,Viktor,MissFortune,Rell,Illaoi,Khazix,Zed,Heimerdinger,Soraka
BR1_3248852595,1780618580953,2026-06-04 21:16:20,1127,1,0.5788819259298973,0.6147166316962749,5,4,Gangplank,Sejuani,Xerath,Jhin,Sona,Quinn,Aatrox,Ekko,Caitlyn,Twitch
BR1_3247847169,1780368706483,2026-06-01 23:51:46,1323,1,,0.5328227571115973,0,1,Camille,Khazix,Kassadin,Ezreal,Leblanc,Jayce,Kayn,Lissandra,Kalista,Pyke
BR1_3248248612,1780503511274,2026-06-03 13:18:31,1747,1,,0.5532319391634981,0,1,Kled,LeeSin,Katarina,AurelionSol,Rell,Akali,Hecarim,Galio,Senna,Thresh
BR1_3248572886,1780579926215,2026-06-04 10:32:06,1464,0,,0.5457722322270817,0,2,Ornn,Maokai,Irelia,Kindred,Milio,Aatrox,XinZhao,Viktor,Ezreal,Sona
